College,SemestersTillGrad,AttendDevos,InRelationship,UsedDatingApp,AppleOrAndroid,MacOrPC,Diet,FoodPerWeek,Height,MotherHeight,FatherHeight,Sex,ShoeSize,SportsInHS,AI,HoursSleep,MusicGenre,TuitionPerSemester,Credits,HighSchoolGPA,Job,NumberOfSiblings,FutureHome,HoursHomework,SocialMediaApp,MovieGenre,Subscriptions,AgeSantaClaus,YearInternet,BYUFounded,YHowTall,Salary,PayForA
Business,6,No,No,No,Apple,Mac,Omnivore,70,72,68,70,Male,11,Yes,No,8,Rock and Metal,3500,13.5,4,No,5,West,20,Instagram,Action,None,8,1995,1875,20,250000,200
Business,7,Yes,Yes,No,Apple,Mac,Omnivore,50,72,60,66,Male,11,Yes,Yes,8,Pop,800,17,4,Yes,3,West,30,YouTube,Comedy,None,8,1991,1856,1256,500000,400
Education,4,Yes,No,No,Apple,Mac,Omnivore,70,65,65,69,Female,8,No,Yes,6.5,Pop,3548,15,3.9,Yes,2,West,5.5,Instagram,Horror,Netflix,9,1979,1906,237,65000,50
Business,4,No,No,No,Apple,Mac,Omnivore,60,62,64,66,Female,6,No,Yes,8,Pop,0,16,4,No,0,West,21,Instagram,Comedy,Apple TV,11,1980,1876,400,120000,300
CMS,6,No,Yes,No,Android,PC,Omnivore,100,69,65,73,Male,10,Yes,No,6,Rock and Metal,3000,14,3.2,Yes,5,International,20,YouTube,Fantasy,None,8,1975,1875,360,275555,1
CMS,8,Yes,No,Yes,Apple,PC,Omnivore,40,66,66,66,Male,8.5,Yes,No,7,Hip-hop and Rap,3500,15,3.77,Yes,2,West,8,Instagram,Comedy,Netflix,11,1990,1883,300,200000,100
Business,5,Yes,No,No,Apple,PC,Omnivore,50,75,68,74,Male,11,Yes,Yes,8,Country,0,18,4,No,2,West,20,Instagram,Action,HBO Max,7,1990,1826,90,800000,300
Life,4,No,Yes,No,Apple,Mac,Omnivore,50,63,64,69,Female,6.5,Yes,Yes,8,Country,0,15,3.975,Yes,10,West,20,Instagram,Romance,None,8,1920,1930,100,200,200
Life,6,Yes,No,No,Apple,PC,Omnivore,30,63,64,72,Female,7,No,No,7,Other,1818,15,3.98,No,3,West,17,Instagram,Drama,Netflix,11,1993,1875,45,150000,50
Life,5,No,Yes,No,Android,PC,Keto,45,76,62,72,Male,13,Yes,No,7.5,Other,7000,5,3.5,Yes,4,International,10,YouTube,Action,None,13,1962,1896,35,120000,100
CMS,7,No,Yes,No,Apple,Mac,Omnivore,50,69,60,70,Male,10.5,Yes,Yes,8,Pop,3500,13.5,3.6,Yes,11,West,20,YouTube,Comedy,Netflix,7,1980,1875,45,150000,50
Life,2,No,Yes,Yes,Apple,Mac,Keto,150,65,67,75,Female,8,Yes,Yes,7,Pop,0,18,3.9,Yes,2,West,4,Instagram,Action,Hulu,7,1985,1870,15,85000,150
Business,6,Yes,No,No,Apple,PC,Keto,50,67,64,76,Female,8.5,Yes,Yes,8,Pop,0,15,4,Yes,3,West,20,Instagram,Romance,Netflix,6,1998,1876,450,150000,50
Humanities,2,No,Yes,Yes,Apple,PC,Omnivore,80,68,70,70,Female,9.5,No,No,7,Pop,0,15,4,Yes,5,South,10,Facebook,Comedy,Hulu,7,1959,1875,80,270000,100
Business,5,Yes,No,Yes,Apple,PC,Omnivore,45,70,68,68,Male,10.5,Yes,Yes,7.5,Hip-hop and Rap,3500,15,3.8,Yes,3,South,6,Instagram,Action,None,8,1972,1934,120,200000,25
CFAC,6,No,Yes,No,Apple,Mac,Vegetarian,20,67,66,79,Female,7,Yes,Yes,7.5,Pop,3000,16,3.8,Yes,5,West,8,Instagram,Romance,Netflix,1,1955,1850,257,60000,20
Life,10,Yes,No,No,Apple,Mac,Keto,15,67,64,74,Female,7.5,Yes,Yes,7,Country,3400,16,4,Yes,2,West,4,Instagram,Romance,None,8,1980,1950,20,150000,45
Education,6,No,No,No,Apple,Other,Omnivore,50,62,63,70,Female,7,Yes,No,7,Pop,0,13,3.83,Yes,4,West,4,Facebook,Romance,Netflix,4,1989,1965,60,150000,400
Life,4,No,Yes,Yes,Apple,Mac,Omnivore,100,63,62,67,Female,7,Yes,Yes,8,Dance and Electronic Music,3500,15,3.9,Yes,2,West,6,Instagram,Romance,Hulu,5,1997,1920,300,100000,300
Life,4,No,No,No,Apple,Mac,Vegan,50,68,64,69,Female,7.5,Yes,No,8,Other,1000,12.5,3.99,Yes,3,West,20,Instagram,Romance,Netflix,12,1990,1880,7000,100000,100
Business,7,Yes,No,No,Apple,Mac,Omnivore,100,69,64,73,Male,9,Yes,Yes,8,Country,3500,13,3.8,No,3,West,20,Instagram,Comedy,Netflix,10,2002,1870,500,200000,500
Business,6,Yes,Yes,No,Apple,Other,Omnivore,50,72,69,72,Male,10.5,No,Yes,7.5,Classical,500,14,4,No,3,West,10,Instagram,Comedy,Netflix,8,1990,1875,150,200000,75
Business,4,Yes,No,No,Apple,PC,Omnivore,60,75,67,71,Male,10,Yes,Yes,8,Other,3400,17,3.7,No,7,West,10,Instagram,Action,None,10,1985,1876,669,750000,100
Life,2,No,Yes,No,Android,Mac,Omnivore,25,70,64,65,Male,9.5,Yes,No,8,Other,0,16.5,4,Yes,5,West,8,Facebook,Foreign,None,7,1978,1875,175,100000,100
Business,8,Yes,No,No,Apple,Mac,Paleo,100,70,67,76,Female,10,Yes,No,10,Pop,4000,13,4,No,1,Northeast,4,Tik Tok,Action,Netflix,10,1978,1900,8000,500000,200
Business,8,Yes,No,No,Apple,Mac,Omnivore,75,73,68,70,Male,12.5,Yes,Yes,7,Hip-hop and Rap,3400,15,4,No,4,West,6,Instagram,Action,Hulu,10,1980,1900,150,3000000,200
CMS,8,Yes,No,No,Apple,Other,Omnivore,40,79,70,73,Male,14,Yes,Yes,8,Rock and Metal,4000,13.5,4,Yes,3,West,10,Facebook,Action,Netflix,12,1995,1900,1000,75,500
Life,8,Yes,No,No,Apple,Mac,Omnivore,100,72,65,76,Male,12,Yes,No,7,Hip-hop and Rap,0,17,4,No,5,Northeast,14,Instagram,Drama,Netflix,5,1990,1870,55,2000000,0
Nursing,8,Yes,No,No,Apple,Mac,Omnivore,75,62,60,61,Male,6.5,No,No,7,Pop,1750,14,3.97,Yes,3,West,25,Tik Tok,Horror,Netflix,10,1997,1895,143,150000,350
Nursing,6,Yes,No,No,Apple,Other,Omnivore,40,68,65,66,Female,8.5,Yes,No,6.5,Pop,1500,13,4,No,4,West,12,Tik Tok,Romance,Netflix,11,1924,1875,50,175000,100
Business,4,No,No,No,Apple,PC,Omnivore,50,67,60,70,Male,10,Yes,No,5,Rock and Metal,3500,9,3.6,Yes,2,South,20,Instagram,Mystery,None,7,1984,1880,25,100000,100
Nursing,8,Yes,No,No,Apple,Mac,Omnivore,50,66,64,71,Female,8,Yes,No,8,Country,0,16,3.74,No,2,West,15,Tik Tok,Horror,Netflix,7,1989,1875,350,200000,50
Nursing,4,Yes,Yes,No,Apple,Mac,Omnivore,50,65,69,75,Female,9,Yes,No,8,Country,0,15.5,4,No,2,West,20,Instagram,Romance,Netflix,11,1975,1875,150,100000,10
Engineering,8,Yes,No,No,Apple,Mac,Omnivore,20,71,68,73,Male,11,Yes,No,8.5,Classical,2000,15,3.82,No,3,West,10,YouTube,Action,None,7,1996,1875,245,115000,150
Business,8,Yes,No,No,Apple,Mac,Keto,200,79,69,75,Male,13,Yes,Yes,9,Hip-hop and Rap,3300,12.5,3.99,No,2,West,10,Instagram,Action,None,11,1995,1876,89,1000000,50
Engineering,4,Yes,No,Yes,Apple,Other,Omnivore,25,71,60,72,Male,10,Yes,Yes,7,Rock and Metal,1774,15,3.8,Yes,3,West,7,YouTube,Action,Netflix,8,1999,1886,300,500000,50
Business,8,Yes,No,No,Apple,PC,Omnivore,60,74,65,74,Male,12,Yes,Yes,8,Pop,3500,16,4,No,2,International,5,Tik Tok,Drama,Netflix,10,1985,1865,20,500000,100
Engineering,6,Yes,No,Yes,Apple,Mac,Omnivore,50,71,63,70,Male,10.5,Yes,Yes,5.5,Other,0,14.5,4,Yes,4,West,8,YouTube,Action,None,7,1997,1876,427,239000,50
Business,8,No,No,No,Apple,PC,Omnivore,40,74,70,74,Male,10.5,Yes,Yes,8,Hip-hop and Rap,774,15,4,Yes,4,West,4.5,YouTube,Action,None,9,1985,1850,3780,500000,100
Life,2,Yes,Yes,Yes,Apple,PC,Omnivore,80,72,66,72,Male,10,Yes,No,8,Hip-hop and Rap,1800,14,4,Yes,2,South,10,YouTube,Action,Hulu,7,1975,1875,30,250000,10
Engineering,8,Yes,No,No,Apple,PC,Omnivore,80,70,63,70,Male,9.5,Yes,Yes,8,Other,4000,16,3.98,Yes,4,West,3,Instagram,Action,Netflix,5,1980,1852,5000,200000,100
Engineering,8,No,No,No,Android,Other,Keto,100,65,63,71,Female,9,Yes,Yes,9,Classical,3000,7,3.8,No,4,West,6,Instagram,Romance,None,7,2001,1865,124,900000,375
Business,6,No,No,No,Apple,PC,Omnivore,40,72,67,67,Male,10.5,No,No,6,Other,0,16.5,3.6,Yes,2,South,10.5,Instagram,Comedy,Netflix,11,1969,1908,65,400000,200
Business,5,Yes,No,No,Apple,Mac,Omnivore,0,64,61,70,Female,8,Yes,No,8,Pop,0,12,4,Yes,1,International,25,Instagram,Action,None,11,1989,1890,500,200000,100
Business,5,Yes,No,No,Apple,Mac,Omnivore,25,68,69,69,Male,7,No,Yes,7,Pop,3550,14,4,Yes,5,West,20,Facebook,Action,None,8.5,1984,1875,250,350000,250
CFAC,5,Yes,Yes,No,Apple,Mac,Vegan,100,66,64,70,Female,7,Yes,Yes,7,Country,3,16,3.8,Yes,3,West,3,Instagram,Action,Netflix,6,1980,1850,100,150,200
Business,8,Yes,No,No,Apple,Mac,Omnivore,33,70,64,75,Male,9,No,Yes,7,Country,3300,13,3.98,No,4,West,4,YouTube,Action,None,7.5,1985,1875,30,150000,100
Nursing,10,No,Yes,No,Apple,PC,Omnivore,500,63,69,68,Female,7,No,Yes,7,Other,2000,6,3.5,Yes,5,South,15,Instagram,Drama,Netflix,9,1997,1879,30,100000,1000
Life,2,Yes,Yes,Yes,Apple,Other,Paleo,50,64,65,75,Female,7,Yes,Yes,6.5,Other,0,15,3.7,Yes,5,West,20,Facebook,Action,Hulu,8,1983,1899,100,150000,50
CFAC,6,Yes,Yes,Yes,Apple,Mac,Omnivore,70,67,68,72,Female,8.5,Yes,Yes,6,Pop,6000,14,4,Yes,3,West,10,Instagram,Romance,Netflix,14,1930,1875,700,300000,200
Life,5,Yes,No,No,Apple,Mac,Omnivore,20,68,72,75,Female,9.5,Yes,Yes,7.5,Pop,0,15,4,No,4,Midwest,15,Instagram,Comedy,None,7,1970,1894,132,150000,50
Life,3,Yes,Yes,No,Apple,Mac,Omnivore,60,68,65,70,Female,8,Yes,Yes,7.5,Country,3548,16,4,Yes,2,West,25,YouTube,Comedy,Apple TV,8,1980,1876,150,125000,200
Life,2,No,Yes,No,Apple,PC,Omnivore,100,67,63,70,Male,9,Yes,Yes,7,Hip-hop and Rap,3500,15,3.92,Yes,3,West,50,YouTube,Mystery,Hulu,8,2000,1875,300,800000,100
Life,6,No,No,Yes,Apple,Mac,Omnivore,175,66,69,71,Female,7,Yes,Yes,7,Hip-hop and Rap,0,13,3.98,Yes,4,South,12,Instagram,Action,Netflix,9,1950,1890,40,80000,300
Humanities,6,No,No,No,Apple,Mac,Omnivore,50,66,63,73,Female,8,No,Yes,8.5,Pop,3500,15,4,No,4,West,12,Instagram,Comedy,Netflix,8,1951,1851,7000,100000,50
Business,6,Yes,No,No,Apple,Mac,Paleo,50,66,64,72,Male,9.5,Yes,Yes,6.5,Pop,0,15,3.99,Yes,8,West,20,YouTube,Romance,None,11,1980,1875,500,180000,200
Life,5,Yes,No,No,Apple,Mac,Omnivore,100,70,65,67,Male,10.5,Yes,Yes,6.5,Country,3000,15,3.89,Yes,6,South,6,Instagram,Comedy,None,5,2001,1920,6000,150000,100
Engineering,7,No,No,Yes,Apple,PC,Omnivore,70,73,70,72,Male,12,Yes,Yes,7.5,Hip-hop and Rap,2100,13.5,3.8,Yes,1,South,35,YouTube,Action,Hulu,10,1996,1935,80,400000,80
Education,4,No,Yes,No,Apple,Mac,Omnivore,80,65,64,71,Female,7.5,Yes,Yes,7,Pop,0,13,3.95,Yes,3,Midwest,6,Instagram,Comedy,Netflix,9,1990,1890,400,60000,200
Life,6,Yes,No,No,Apple,Mac,Paleo,80,64,63,68,Male,7,Yes,Yes,8.5,Pop,3200,13,3.9,Yes,3,West,10,Instagram,Action,Apple TV,8,1992,1880,5000,300000,100
Business,8,Yes,No,Yes,Apple,Mac,Omnivore,75,69,63,73,Male,9,Yes,Yes,7,Country,3000,12,3.99,Yes,3,West,6,Instagram,Action,None,10,2000,1876,65,500000,100
Engineering,10,Yes,Yes,No,Apple,Mac,Omnivore,70,75,69,74,Male,12,Yes,Yes,7,Country,4000,17,3.99,No,4,West,7,Instagram,Action,Netflix,9,1992,1915,120,250000,100
Life,7,No,No,No,Apple,PC,Omnivore,60,65.5,61,73,Female,9.5,Yes,No,8,Other,3478,13,3.9,Yes,3,West,10,Instagram,Comedy,None,8,1962,1889,300,62000,10
CMS,8,Yes,No,No,Apple,PC,Omnivore,60,72,67,73,Male,10.5,Yes,Yes,8,Other,1774,13,3.99,No,3,South,6,Facebook,Fantasy,Netflix,7,1975,1875,675,250000,40
Business,5,Yes,No,No,Apple,Other,Omnivore,75,73,67,65,Male,13,No,Yes,8.5,Country,3400,9,3.9,Yes,1,West,10,Instagram,Comedy,None,10,1980,1878,200,500000,336
Life,4,Yes,Yes,No,Apple,Mac,Omnivore,110,65,66,72,Female,6,Yes,Yes,7.5,Country,0,14,4,Yes,6,West,8,YouTube,Romance,None,5,2007,1885,100,90000,50
Life,4,Yes,No,No,Apple,Mac,Omnivore,50,65,66,72,Female,8,Yes,No,8,Pop,1350,13,4,No,3,West,5,Instagram,Romance,Netflix,12,1995,1985,100,120000,100
Education,5,No,No,No,Apple,Mac,Omnivore,25,67.5,62,72,Female,9,No,Yes,7.5,Country,1750,15,4,Yes,2,West,10,Instagram,Drama,Netflix,8,1984,1876,500,130000,50
Education,5,Yes,No,No,Apple,Mac,Omnivore,40,69,73,76,Female,10.5,Yes,No,6.5,Pop,3000,14,3.78,Yes,3,West,5,Instagram,Comedy,Netflix,8,1998,1920,40,200000,500
Engineering,8,Yes,No,No,Apple,PC,Omnivore,60,68,65,71,Female,10,No,Yes,7,Pop,1774,13.5,3.9,No,5,West,20,Instagram,Comedy,None,4,1990,1875,300,200000,75
CMS,3,Yes,No,No,Apple,PC,Omnivore,50,67,65,74,Female,8,No,No,6,Rock and Metal,3500,15.5,3.5,No,4,Midwest,8,Tik Tok,Action,None,5,1971,1890,7000,200000,5
Education,6,Yes,Yes,No,Apple,Mac,Omnivore,115,67,69,73,Female,8,Yes,Yes,7.5,Pop,3548,12,4,Yes,4,West,12,Facebook,Drama,Hulu,8,1970,1875,1800,85000,100
Life,6,Yes,Yes,No,Apple,Other,Omnivore,30,67,64,70,Male,9,Yes,Yes,7.5,Other,3500,16,3.7,No,4,West,30,Instagram,Comedy,None,6,1992,1912,52,750000,0
CFAC,3,Yes,No,No,Apple,PC,Vegetarian,30,67,71,72,Female,8,Yes,No,7,Pop,0,15,3.9,Yes,2,West,10,Instagram,Romance,Netflix,8,1980,1890,90,160,1000
Business,6,No,No,Yes,Apple,Mac,Omnivore,100,75,65,78,Male,13,Yes,Yes,7,Hip-hop and Rap,3300,11,3.7,Yes,0,West,9,Instagram,Comedy,Netflix,7,1987,1871,430,600000,100
Business,10,Yes,No,No,Apple,Mac,Keto,60,71,63,75,Male,12,Yes,Yes,7,Other,3000,13,3.94,Yes,4,West,20,YouTube,Action,Hulu,8,1980,1876,60,250000,50
Life,5,Yes,No,No,Android,Other,Omnivore,5,68,66,74,Female,7,Yes,No,7,Country,3600,13,4,Yes,3,West,20,Instagram,Action,None,10,1995,1875,350,90000,50
Business,4,Yes,No,No,Apple,Mac,Omnivore,65,66,70,74,Female,9,Yes,Yes,7,Other,798,18,3.9,Yes,5,West,15.5,Instagram,Romance,None,0,1990,1875,100,400000,300
Life,4,No,Yes,No,Apple,PC,Omnivore,45,70,68,74,Female,9.5,Yes,Yes,7.5,Other,1774,15,4,Yes,8,West,50,Instagram,Comedy,None,10,1985,1875,300,386000,5
FHSS,3,No,No,No,Apple,Other,Omnivore,250,64,63,75,Female,9,Yes,No,5.5,Country,0,15,3.95,Yes,3,South,50,Tik Tok,Fantasy,Apple TV,9,1995,1869,189,50000,250
Engineering,4,Yes,Yes,No,Apple,Other,Omnivore,30,67,67,75,Female,10,Yes,Yes,7,Other,3000,15.5,4,Yes,2,West,15,Instagram,Action,Netflix,10,1987,1875,200,115000,50
Engineering,8,No,Yes,No,Apple,Mac,Paleo,50,60,62,69,Female,7,No,No,5.5,Other,1800,16,3.98,Yes,2,Midwest,40,Instagram,Action,Netflix,7,2000,1875,2354,150000,600
Education,5,Yes,No,No,Apple,PC,Omnivore,30,69,67,72,Female,9,Yes,No,7,Pop,3500,14.5,4,Yes,4,West,32,Instagram,Action,Netflix,10,1992,1875,250,120000,100
Nursing,6,Yes,Yes,No,Apple,Mac,Paleo,30,65,63,73,Female,7,Yes,Yes,7.5,Country,3300,14,3.8,Yes,2,South,8,YouTube,Action,None,10,1964,1904,128,80000,200
Business,8,Yes,No,No,Apple,Mac,Paleo,60,65,68,70,Female,8,No,No,8,Other,3500,14,3.95,No,4,West,12,Tik Tok,Drama,Netflix,9,1977,1900,415,100000,500
Education,8,No,Yes,No,Apple,Mac,Omnivore,110,68,68,75,Female,10,Yes,No,7.5,Country,1000,12,3.4,Yes,6,South,12,Facebook,Action,None,11,1985,1875,45,90000,500
Business,6,Yes,Yes,No,Apple,PC,Omnivore,50,71,62,74,Male,10,Yes,Yes,7,Hip-hop and Rap,0,12,4,Yes,3,West,12,YouTube,Action,Netflix,8,1998,1876,40,650000,40
Business,3,Yes,Yes,Yes,Apple,PC,Paleo,60,69,65,74,Female,8,Yes,Yes,7,Hip-hop and Rap,3500,15,4,Yes,5,South,9,Instagram,Comedy,Netflix,11,1956,1875,26,200000,200
Business,8,No,Yes,No,Apple,Mac,Keto,75,70,60,76,Male,11.5,Yes,Yes,8,Country,1600,15,3.96,No,3,West,6.5,Instagram,Action,None,10,1987,1862,120,500000,50
Engineering,6,Yes,Yes,No,Apple,PC,Omnivore,50,69,67,71,Male,12,Yes,Yes,4,Other,2000,15.5,3.9,Yes,4,West,10,Instagram,Action,None,9,2008,1890,3000,300000,200
CFAC,8,No,No,No,Android,Other,Omnivore,50,63.5,67,74,Female,8.5,Yes,Yes,8,Other,3500,16.5,3.9,Yes,2,West,20,Instagram,Comedy,None,9,1980,1870,234,56000,100
Business,10,No,No,No,Apple,PC,Omnivore,40,75,64,75,Male,13,Yes,Yes,6,Pop,0,13,3.8,No,1,International,2,Tik Tok,Action,Netflix,5,1975,1899,6000,1000000,2000
Nursing,3,No,Yes,Yes,Apple,Mac,Keto,75,71,65,74,Male,10,Yes,Yes,5,Rock and Metal,3000,12,3.85,Yes,2,West,20,Facebook,Comedy,None,5,1993,1886,247,160000,100
Business,8,Yes,No,No,Apple,Mac,Omnivore,75,72,67,72,Male,11,Yes,Yes,7.5,Pop,3500,14,3.95,No,4,West,13,Instagram,Comedy,Hulu,10,1995,1890,300,1000000,100
FHSS,5,Yes,No,Yes,Android,PC,Paleo,38,70,63,69,Male,10.5,Yes,Yes,7.45,Rock and Metal,1743,15,4,Yes,4,South,8,Facebook,Action,None,10,1998,1875,622,200000,50
Engineering,6,Yes,No,No,Apple,PC,Omnivore,120,73,70,70,Male,11.5,No,Yes,8,Pop,1500,15,4,Yes,4,West,10,Instagram,Mystery,None,8,2000,1850,300,500000,10
Life,6,No,No,No,Apple,PC,Omnivore,0,73,61,69,Male,11,Yes,No,6,Pop,3250,14,3.89,Yes,4,Northeast,30,Instagram,Action,None,10,1960,1875,400,3000000,700
FHSS,4,Yes,No,No,Apple,Mac,Omnivore,75,68,63,73,Female,8,No,Yes,8,Pop,3500,14,4,Yes,4,South,5,Instagram,Comedy,Hulu,6,1990,1860,67,90000,500
Education,5,No,No,Yes,Apple,Mac,Omnivore,30,69,68,75,Female,9.5,Yes,Yes,6.5,Country,600,13,4,Yes,3,West,15,Instagram,Romance,Netflix,21,1980,1875,200,130000,75
Education,8,No,Yes,No,Android,Other,Omnivore,50,71,72,75,Female,9.5,Yes,No,8.5,Pop,8000,13,3.8,No,4,South,5,Instagram,Romance,Netflix,7,1920,1975,100,100000,100
Life,5,Yes,Yes,No,Apple,PC,Omnivore,20,64,60,70,Female,8,Yes,Yes,7.5,Other,1750,15,4,No,4,South,20,Instagram,Action,Netflix,9,1990,1775,60,200000,30
Life,6,No,No,No,Apple,Mac,Vegetarian,100,62,64,70,Female,7.5,No,Yes,9,Rock and Metal,3600,15,4,Yes,3,West,8,Instagram,Comedy,Netflix,6,1972,1880,300,120000,30
Business,5,Yes,Yes,Yes,Apple,Mac,Omnivore,80,75,69,74,Male,11,Yes,Yes,7.5,Country,1600,12,3.9,Yes,2,West,10,YouTube,Action,Netflix,9,1985,1875,200,500000,100
FHSS,6,Yes,Yes,No,Android,PC,Omnivore,80,66,66,69,Female,9,Yes,No,7.5,Other,0,17.5,4,Yes,2,West,18,YouTube,Horror,Netflix,7,1964,1872,30,80000,20
Life,6,No,Yes,No,Apple,Mac,Omnivore,87.5,63,65,67,Female,7.5,Yes,Yes,8,Country,0,12,3.98,Yes,3,West,20,Facebook,Action,None,6.5,1995,1987,50,134000,50
Life,4,Yes,Yes,No,Apple,PC,Omnivore,80,70,63,68,Male,10,Yes,Yes,8,Country,3000,16,3.98,Yes,3,South,20,Instagram,Action,Netflix,22,1980,1886,200,3000000,200
CMS,4,Yes,No,No,Apple,PC,Omnivore,25,69,65,68,Male,9,No,Yes,7.5,Pop,2174,14,4,Yes,4,West,30,Facebook,Action,None,7,2000,1964,25,155000,50
Life,6,No,No,No,Apple,Other,Omnivore,20,70,65,75,Male,12,Yes,No,6.1,Other,0,16,4,Yes,4,International,15,YouTube,Comedy,None,6,1970,1910,20,5000,0
Life,4,Yes,No,No,Apple,Mac,Vegetarian,15,64,61,71,Female,8,Yes,Yes,8,Country,500,12,4,Yes,2,West,6,Instagram,Comedy,Hulu,9,1968,1925,5000,180000,50
Life,1,No,No,No,Apple,Other,Omnivore,50,63,65,70,Female,6,Yes,No,7,Pop,0,12,4,Yes,3,International,10,Instagram,Mystery,Netflix,7,1980,1776,100,80000,30
Life,6,Yes,No,No,Apple,Mac,Vegetarian,100,68,67,72,Female,9,Yes,Yes,8,Pop,3500,15.5,3.9,Yes,4,West,10,Facebook,Action,Netflix,7,1985,1820,120,70000,50
CMS,10,No,Yes,No,Apple,Mac,Omnivore,60,71,64,72,Male,10.5,Yes,Yes,7.5,Other,600,13,3.98,No,4,West,7,Instagram,Romance,None,6,1996,1884,150,150000,0.05
FHSS,4,Yes,Yes,No,Apple,PC,Omnivore,50,68,68,73,Female,9,Yes,No,7.5,Other,3400,14,3.7,Yes,2,Northeast,7,YouTube,Fantasy,Hulu,8,1970,1875,100,70000,12
Business,5,Yes,No,Yes,Apple,PC,Omnivore,75,65,66,76,Female,5,Yes,Yes,7,Pop,7000,13,3.8,Yes,5,West,30,YouTube,Drama,Netflix,10,1995,1875,600,500000,200
Life,3,Yes,Yes,No,Apple,Mac,Omnivore,90,74,67,74,Male,11,Yes,Yes,7.5,Country,3400,15,3.9,Yes,4,West,18,Instagram,Mystery,Netflix,7,1982,1870,250,300000,50
Business,7,Yes,No,No,Apple,PC,Vegetarian,30,74,63,71,Male,13,Yes,No,8,Other,0,12,3.7,No,4,International,10,Instagram,Mystery,Netflix,8,1998,1890,120,300000,200
Life,8,Yes,Yes,No,Apple,Mac,Omnivore,50,69,65,68,Male,10,Yes,Yes,8,Pop,3500,12,3.6,No,0,West,20,Facebook,Action,Hulu,10,2000,1875,30,120000,50
Business,8,Yes,No,No,Apple,PC,Omnivore,45,62,63,71,Female,7.5,Yes,Yes,7.5,Country,4000,12,3.938,No,5,West,6,Instagram,Romance,Netflix,10,1967,1895,30,110000,150
Life,4,Yes,No,No,Apple,PC,Omnivore,25,62,62,72,Female,6.5,No,Yes,8,Rock and Metal,0,16,4,Yes,4,West,40,Instagram,Action,Hulu,8,2003,1875,3000,250000,100
Humanities,4,No,Yes,Yes,Apple,PC,Omnivore,30,71,64,68,Male,12,Yes,No,8,Rock and Metal,1700,13,3.8,Yes,4,Northeast,10,Tik Tok,Drama,None,7,1970,1880,350,150000,100
Business,8,Yes,No,No,Apple,Mac,Omnivore,100,66,62,70,Male,8.5,Yes,Yes,8,Country,2570,13.5,3.9,Yes,4,West,15,Instagram,Comedy,Hulu,8,1998,1883,300,280000,100
Business,6,Yes,No,No,Apple,Mac,Paleo,80,64,66,75,Female,8,Yes,Yes,6,Country,0,14,4,Yes,4,West,5,Instagram,Comedy,None,7,1970,1875,350,300000,50
Nursing,6,Yes,Yes,No,Apple,Other,Omnivore,20,62,65,58,Female,8,Yes,Yes,8,Country,3500,18,4,Yes,2,West,10,Instagram,Comedy,Hulu,2,1990,1950,2000,100000,5
Nursing,6,Yes,No,No,Apple,Mac,Omnivore,40,73,71,74,Female,10,No,No,8,Country,0,14.5,3.99,No,3,West,10,Instagram,Action,None,7,1990,1890,2750,100000,60
Life,10,Yes,No,No,Apple,Mac,Omnivore,250,73,68,72,Male,12,Yes,No,7,Country,500,13,3.8,No,4,West,10,Facebook,Comedy,None,7,1928,1919,40,1000,200
Business,1,Yes,Yes,No,Apple,PC,Omnivore,55,72,65,76,Male,12,Yes,Yes,7.8,Rock and Metal,0,16,3.96,No,5,South,25,YouTube,Action,Netflix,5.5,1996,1876,2200,225000,50
Education,6,No,No,No,Apple,Mac,Omnivore,45,70,62,72,Female,10,No,No,8,Pop,3444,13,4,Yes,6,South,5,Instagram,Comedy,Hulu,6,1984,1875,528,85000,25
CMS,4,No,No,No,Android,PC,Omnivore,100,65,63,72,Female,7.5,Yes,No,7,Pop,0,14.5,4,Yes,4,West,18,Instagram,Mystery,Netflix,7,2000,1875,200,75000,100
Life,6,No,No,No,Apple,Mac,Omnivore,150,71,66,73,Male,10.5,Yes,Yes,7.5,Hip-hop and Rap,3500,14,3.8,No,3,Midwest,2.5,Instagram,Horror,Netflix,8,1955,1875,40,120000,20
Humanities,3,Yes,Yes,No,Apple,Mac,Omnivore,100,78,68,73,Male,15,Yes,Yes,8,Other,3580,18,3.2,Yes,5,Northeast,8,YouTube,Action,None,5,1972,1876,450,725000,3580
Engineering,4,Yes,Yes,No,Apple,Mac,Omnivore,50,67,64,69,Female,8.5,Yes,Yes,6,Pop,0,16,4,Yes,10,South,25,Instagram,Comedy,None,7,1990,1875,300,75000,20
Life,6,No,No,Yes,Apple,Mac,Omnivore,75,71,69,69,Male,10.5,Yes,Yes,7.5,Country,3500,12,3.9,No,4,West,4,Instagram,Comedy,None,8,1990,1876,100,150000,200
CMS,4,No,No,Yes,Android,Other,Vegetarian,75,71,68,70,Male,9,No,No,8.5,Pop,1700,16,4,Yes,4,West,10,Instagram,Horror,None,9.5,2000,1880,1000,55000,40
Life,7,No,No,No,Apple,Mac,Omnivore,15,64,66,70,Female,9,No,No,9.5,Pop,3500,14,3.98,Yes,3,West,3.5,Instagram,Comedy,Hulu,7,2003,1960,55,80000,150
FHSS,7,No,Yes,No,Apple,Mac,Paleo,30,64,70,74,Female,7.5,Yes,No,8,Pop,3948,13,4,No,3,West,6,Instagram,Romance,Netflix,12,1990,1860,250,70000,50
Life,4,Yes,No,No,Apple,Mac,Omnivore,100,65,66,72,Female,9,Yes,No,6,Pop,1500,13,4,No,2,West,36,Instagram,Action,Apple TV,10,1965,1895,300,300000,150
Life,6,Yes,No,No,Apple,PC,Vegetarian,25,68,70,72,Female,7.5,Yes,No,7,Pop,3500,16,4,No,6,West,7,Instagram,Romance,None,5,2003,1875,150,100000,100
CMS,8,Yes,No,No,Apple,Mac,Omnivore,70,68,68,72,Male,9.5,Yes,No,8,Hip-hop and Rap,3500,13.5,3.99,No,2,West,5,Instagram,Action,Hulu,9,1982,1875,345,200000,50
Business,5,Yes,No,No,Apple,Mac,Omnivore,30,72,71,74,Female,9,Yes,Yes,4.5,Pop,3500,17,4,Yes,3,West,6,Instagram,Action,Netflix,10,1962,1877,42,80000,500
Business,4,Yes,Yes,No,Apple,Mac,Omnivore,20,71,65,70,Male,11,Yes,Yes,7.5,Hip-hop and Rap,4000,15.5,3.95,Yes,4,West,9,Instagram,Action,Hulu,10,1972,1880,245,1000000,500
CFAC,4,No,No,No,Apple,PC,Omnivore,60,66,66,71,Female,8,No,No,8.5,Other,0,12,3.89,No,3,West,5,YouTube,Comedy,Netflix,13,1976,1879,800,70000,300
Life,6,Yes,No,No,Apple,Mac,Keto,30,64,67,72,Female,7,Yes,Yes,8.5,Pop,3450,17.5,3.87,Yes,4,South,5,Instagram,Romance,Netflix,7,2000,1902,200,150000,500
Life,5,Yes,Yes,No,Apple,Mac,Omnivore,50,63,66,70,Female,7.5,Yes,Yes,9,Other,800,12,4,Yes,5,Northeast,7,Instagram,Romance,Hulu,5,1954,1857,340,150000,250
FHSS,6,Yes,No,Yes,Apple,Mac,Omnivore,100,69,70,78,Female,9,Yes,Yes,8,Country,3500,13,3.8,Yes,3,South,15,Instagram,Action,Netflix,4,1962,1884,57,100000,0
CMS,1,Yes,Yes,Yes,Apple,Mac,Omnivore,50,73.1,64,69,Male,13,Yes,Yes,7,Country,0,18,4,Yes,6,South,35,Instagram,Comedy,None,12,1960,1866,134,600000,25
Life,6,Yes,No,Yes,Apple,Mac,Omnivore,40,63,62,72,Female,6.5,Yes,Yes,7,Rock and Metal,3500,13,3.8,No,4,West,6,Instagram,Drama,Netflix,3,1998,1887,100,85000,0.25
Humanities,9,Yes,No,Yes,Apple,Mac,Omnivore,50,68,66,70,Male,8.5,Yes,Yes,7.5,Other,3548,15.5,3.86,No,4,South,18,YouTube,Fantasy,None,9,1982,1876,358,350000,50
Business,6,Yes,Yes,No,Apple,PC,Omnivore,100,71,64,71,Male,10,Yes,Yes,7,Hip-hop and Rap,3000,13,3.88,Yes,4,South,30,Instagram,Drama,Netflix,3,1998,1876,100,300000,150
Business,6,Yes,No,No,Apple,Mac,Paleo,70,75,69,76,Male,11,Yes,Yes,7.5,Pop,3000,15,3.99,Yes,5,West,8,Instagram,Comedy,Netflix,9,1989,1840,300,1000000,250
Business,4,Yes,No,No,Apple,Mac,Omnivore,50,75,66,71.5,Male,12,Yes,Yes,7.5,Country,1776,14,3.85,Yes,3,West,20,Instagram,Action,Netflix,10,1969,1875,65,5000000,150
Education,6,Yes,No,No,Apple,Mac,Omnivore,50,62,64,71,Female,6.5,Yes,No,8,Pop,1150,13,4,Yes,3,West,6,Tik Tok,Comedy,Netflix,11,1970,1900,200,65000,400
Life,2,Yes,Yes,No,Apple,Mac,Omnivore,60,70,62,70,Male,10.5,Yes,Yes,8,Other,0,13,4,Yes,4,West,15,Instagram,Drama,Hulu,9,1999,1860,350,300000,100
Nursing,8,Yes,No,No,Android,Other,Omnivore,60,71,70,74,Female,11,No,Yes,5,Country,3300,15,3.89,Yes,3,South,25,Instagram,Romance,Netflix,7,1990,1875,300,100000,150
Engineering,6,Yes,No,No,Apple,Mac,Omnivore,50,67,65,66,Male,8.5,Yes,Yes,7.5,Pop,2000,13.5,3.98,No,4,West,18,Instagram,Action,Netflix,7,1965,1875,300,150000,200
Life,4,No,Yes,No,Apple,Other,Omnivore,40,68,64,74,Female,8.5,Yes,No,7,Country,2680,12,3.8,Yes,6,West,5,Instagram,Comedy,Netflix,7,1974,1978,17,90000,50
Life,8,Yes,No,No,Apple,Mac,Paleo,40,68,69,74,Female,9.5,Yes,No,7.5,Country,3588,13,4,Yes,2,West,6.5,Instagram,Action,Netflix,7,1960,1875,290,150000,20
Business,4,Yes,No,No,Apple,Mac,Omnivore,60,63,63,75,Female,8,No,No,7,Country,3700,13,3.9,Yes,3,West,10,Instagram,Romance,None,9,1973,1876,50,50000,100
Business,6,Yes,No,No,Apple,Mac,Vegetarian,110,64,66,68,Female,9,Yes,Yes,7.5,Pop,0,13,3.98,No,6,West,15,Instagram,Drama,Netflix,6,1989,1875,58,1200000,250
Life,2,Yes,Yes,No,Apple,Mac,Omnivore,100,75,68,71,Male,11.5,Yes,Yes,7.5,Pop,0,12,4,Yes,3,West,20,Instagram,Action,Netflix,7,1982,1876,300,500000,50
Business,6,No,No,Yes,Apple,Mac,Omnivore,100,60,63,71,Female,6.5,Yes,Yes,7.5,Pop,200,12,3.8,No,3,South,14,Instagram,Romance,Netflix,10,1996,1925,100,200000,50
Business,7,Yes,Yes,No,Apple,PC,Omnivore,100,71,67,69,Male,11,Yes,Yes,8,Other,1668,16,4,Yes,2,West,10,Instagram,Mystery,Hulu,21,1990,1876,250,1000000,200
Nursing,8,Yes,No,No,Apple,Mac,Omnivore,100,68,68,70,Female,9,Yes,Yes,6,Pop,0,13,3.8,No,3,West,4,Tik Tok,Romance,Netflix,7,1994,1927,45,125000,1000
Education,6,No,No,No,Apple,PC,Omnivore,40,67,66,70,Female,10,Yes,No,7.5,Country,3400,12,4,Yes,6,West,30.5,YouTube,Romance,None,8,1984,1875,45,90000,5
Life,8,Yes,No,No,Apple,Mac,Omnivore,40,64,62.5,69,Female,7,Yes,No,7,Other,3600,17,3.9,No,2,South,9,Instagram,Romance,Netflix,10,1999,1875,48,100000,4000
Life,8,No,Yes,Yes,Apple,Mac,Omnivore,80,67,58,72,Male,8,Yes,No,6.5,Other,3500,14,3.4,Yes,3,West,30,YouTube,Comedy,HBO Max,10,1973,1875,187,950000,450
Life,10,No,Yes,Yes,Apple,Mac,Paleo,100,63,64,70,Female,5.5,Yes,Yes,6,Country,3000,13,3.6,Yes,5,West,4,Snapchat,Comedy,Netflix,8,2000,1864,30,100000,100
Life,6,No,Yes,Yes,Android,Mac,Omnivore,70,68,68,76,Female,8.5,No,No,6.5,Pop,4000,13,3.2,Yes,2,Midwest,30,Instagram,Fantasy,Netflix,7,1995,1940,50,100000,200
Life,5,No,Yes,No,Apple,Mac,Omnivore,30,62,63,74,Female,7,Yes,Yes,8,Pop,3600,14.5,3.9,No,3,West,5,Tik Tok,Romance,Netflix,8,1970,1870,360,100000,200
CMS,5,No,Yes,Yes,Apple,Mac,Omnivore,55,69,65,74,Male,10.5,Yes,Yes,7,Pop,3500,14,3.8,Yes,5,West,24,YouTube,Comedy,Netflix,7,1987,1850,9000,250000,150
Engineering,8,Yes,No,No,Apple,Other,Omnivore,70,68,61,68,Male,9,Yes,Yes,6.5,Rock and Metal,3000,17,3.8,Yes,3,West,20,Snapchat,Horror,None,9.5,1983,1895,30,150000,175
CMS,6,Yes,Yes,No,Apple,Mac,Omnivore,50,64,64,70,Female,7.5,Yes,Yes,8,Pop,0,17,4,No,4,International,8,Instagram,Romance,Netflix,10,1990,1875,30,100000,20
Life,8,Yes,No,No,Apple,Mac,Omnivore,60,63,67,72,Female,9,Yes,Yes,7.5,Pop,3500,16.5,3.93,Yes,3,Northeast,7,Instagram,Romance,Netflix,9,1970,1907,20,300000,100
Business,3,No,No,Yes,Android,PC,Omnivore,45,76,66,68,Male,11.5,No,Yes,7,Other,0,12,3.94,Yes,3,West,20,YouTube,Fantasy,Netflix,12,1992,1875,80,110000,50
Education,7,Yes,No,No,Apple,Other,Omnivore,45,67,64,70,Female,7.5,Yes,No,7,Country,2748,13,4,No,3,West,15,Instagram,Romance,Netflix,12,1940,1870,3200,60000,150
Education,6,No,Yes,Yes,Apple,Other,Vegetarian,80,69,71,74,Female,9,Yes,Yes,8,Pop,0,12,3.8,Yes,4,Northeast,6,Instagram,Romance,None,7,2003,1987,30,101000,300
Life,4,Yes,Yes,No,Apple,Mac,Omnivore,35,67,63,72,Male,9,Yes,Yes,7,Other,3500,15,4,Yes,3,South,30,Instagram,Comedy,Apple TV,6.5,1988,1863,300,315000,300
Business,6,No,Yes,No,Android,PC,Omnivore,40,66,63.5,69,Female,7.5,Yes,Yes,6,Country,1776,13,3.989,Yes,4,Northeast,20,YouTube,Fantasy,None,10.5,1980,1875,200,100000,25
CMS,4,No,No,No,Android,PC,Omnivore,60,70.75,68,75,Female,9.5,No,No,8,Pop,3548,16.5,4,Yes,3,West,18,YouTube,Action,None,7,1952,1875,75,175000,250
Business,8,Yes,No,No,Apple,Mac,Omnivore,20,73,68,74,Male,12,Yes,No,6.5,Country,3800,14,3.85,Yes,3,West,3,Instagram,Comedy,None,10,2004,1874,150,120000,3000
Life,4,No,No,No,Apple,Mac,Omnivore,50,58,59,66,Female,6,Yes,Yes,6.5,Pop,3000,14,3.9,Yes,2,West,34,Instagram,Comedy,Netflix,6,1960,1885,100,350000,50
Business,8,Yes,No,No,Apple,Mac,Omnivore,25,72,65,70,Male,11,Yes,No,7.5,Hip-hop and Rap,3200,12,3.96,Yes,3,West,30,Instagram,Horror,Netflix,10,1975,1860,130,1000000,50
Engineering,7,Yes,No,No,Apple,PC,Omnivore,60,73,65,74,Male,13,No,No,8,Other,1750,13.5,3.98,No,4,South,8,YouTube,Action,None,6.5,1990,1875,1500,175000,50
Business,6,Yes,No,No,Apple,Mac,Omnivore,50,74,70,73,Male,10.5,Yes,Yes,7,Rock and Metal,3500,15,3.6,Yes,3,West,12,YouTube,Comedy,None,8,1975,1885,500,300000,100
Life,5,No,No,No,Apple,PC,Omnivore,40,62.4,60,67.2,Female,7,Yes,No,7,Hip-hop and Rap,3500,13,3.8,Yes,2,South,7,Tik Tok,Comedy,Netflix,7,1930,1800,500,76000,250
FHSS,6,Yes,No,Yes,Apple,PC,Omnivore,40,67,68,73,Female,9,No,No,6.5,Country,3548,14,3.7,Yes,3,West,15,Instagram,Romance,Netflix,4,1956,1918,35,500000,75
CMS,8,Yes,No,No,Apple,PC,Omnivore,30,76,70.75,74,Male,12,Yes,No,7,Other,3548,14.5,3.9,No,3,West,4,YouTube,Fantasy,None,10,1977,1875,250,130000,5
Education,5,Yes,No,No,Apple,Mac,Omnivore,60,70,64,70,Female,10.5,Yes,No,9,Pop,1700,14,4,No,3,West,6,Instagram,Comedy,Netflix,7,1960,1890,80,10000,200
Education,5,Yes,No,No,Apple,PC,Omnivore,50,67,65,69,Female,9,Yes,Yes,7,Pop,2500,12,4,Yes,2,West,20,Instagram,Romance,Netflix,11,2005,1885,100,100000,250
Life,6,Yes,Yes,No,Apple,Mac,Omnivore,100,70,67,70,Male,10.5,Yes,Yes,8,Country,3000,15,3.9,No,4,South,25,Instagram,Action,Apple TV,5,1975,1860,150,450000,100
Business,8,Yes,Yes,No,Apple,Mac,Paleo,100,73,68,75,Male,10.5,Yes,Yes,8,Hip-hop and Rap,7000,13.5,3.6,No,4,West,3,Instagram,Action,HBO Max,8,1993,1976,500,180,250
Life,4,Yes,No,No,Android,Mac,Vegan,50,78,69,75,Male,14,Yes,Yes,7.5,Other,3548,12.5,3.9,Yes,7,West,17,Facebook,Comedy,None,5,1993,1895,403.6,149000,20
Business,4,No,Yes,Yes,Apple,PC,Paleo,50,71,63,71,Male,9.5,Yes,Yes,8,Hip-hop and Rap,3500,15,3.7,Yes,3,West,15,Instagram,Action,Netflix,6,1998,1900,3000,500000,100
FHSS,8,Yes,No,No,Android,PC,Omnivore,50,71,65,73,Male,11.5,Yes,Yes,6.5,Other,256,15,4,No,3,West,15,YouTube,Action,None,6,1987,1886,100,250000,0
Education,6,Yes,Yes,Yes,Apple,Mac,Omnivore,60,67,62,74,Female,8.5,Yes,No,8,Pop,3000,14,3.9,Yes,2,West,14,Instagram,Romance,Hulu,9,1998,1895,40,70000,50
Life,0,No,Yes,No,Apple,Other,Omnivore,20,72,67,71,Male,12,Yes,Yes,8,Rock and Metal,0,15,4,Yes,3,West,35,YouTube,Action,None,4,1980,1876,200,600000,1
Life,10,Yes,No,No,Apple,PC,Omnivore,150,67,66,70,Female,10.5,Yes,No,7.5,Other,3500,12,3.9,Yes,3,West,6,Instagram,Romance,Netflix,10,1984,1903,3564,100000,300
Business,6,Yes,Yes,No,Apple,Mac,Omnivore,80,78,69.8,74.4,Male,13,Yes,Yes,6.5,Country,3500,15.5,3.91,Yes,4,West,8,Instagram,Action,None,6,1970,1865,56,300000,100
FHSS,6,Yes,No,No,Android,PC,Omnivore,20,63,64,74,Female,8,Yes,No,7.5,Other,3500,14,3.9,Yes,4,West,5,YouTube,Horror,Netflix,9,1974,1876,500,60500,20
CMS,7,Yes,No,No,Apple,Mac,Omnivore,35,67.5,63.5,66,Male,10.5,Yes,Yes,6,Classical,3548,13.5,3.99,Yes,2,West,4,Instagram,Mystery,Netflix,11,1993,1875,300,200000,0.25
Business,6,No,No,No,Apple,PC,Omnivore,50,71,66,72,Male,10.5,Yes,Yes,7,Pop,0,14,4,No,4,South,8,Facebook,Action,Hulu,7,1995,1890,200,250000,0
Life,7,Yes,No,No,Apple,PC,Omnivore,25,64,62,72,Female,7,Yes,No,8.5,Country,2500,15,3.97,No,3,South,5,Instagram,Action,Netflix,8,1965,1875,150,100000,25
Engineering,5,Yes,No,No,Apple,PC,Omnivore,100,62,63,72,Female,6.5,Yes,No,6,Pop,3500,15,3.9,Yes,4,Midwest,45,Facebook,Action,None,12,1980,1875,60,120000,1000
Business,8,Yes,No,No,Apple,Mac,Omnivore,30,63,63,68,Female,7.5,Yes,No,8,Country,3500,12.5,3.99,No,4,West,3,Snapchat,Romance,None,11,1986,1875,2000,90000,200
Business,8,Yes,No,No,Apple,Other,Paleo,80,69,62,74,Male,11.5,Yes,No,7,Dance and Electronic Music,3698,12.5,3.7,No,4,Northeast,4,Instagram,Mystery,Netflix,5,1998,1984,5463,1500000,1000
Business,6,No,Yes,No,Apple,Mac,Omnivore,70,70,63,70,Male,11,Yes,Yes,7.5,Country,3600,12,3.85,Yes,2,West,10,Instagram,Action,Hulu,7,2000,1915,150,600000,200
Engineering,6,Yes,Yes,No,Android,PC,Omnivore,45,69,60,68,Male,10.5,No,No,7,Rock and Metal,0,12,3.85,Yes,5,West,20,YouTube,Fantasy,None,6,1996,1876,150,150000,500
Business,8,Yes,No,No,Apple,Other,Paleo,30,68,66,73,Female,10,Yes,No,6.5,Pop,0,12,3.9,No,5,West,3,Tik Tok,Romance,Netflix,9,1989,1875,168,1000000,1000
Humanities,6,No,No,Yes,Apple,Mac,Paleo,15,60,62,66,Female,9,Yes,No,7.5,Pop,3400,13,4,Yes,5,West,5,Instagram,Romance,Netflix,11,1940,1890,10,100000,200
Life,8,No,Yes,No,Apple,Mac,Omnivore,10,69,64,67,Male,10.5,Yes,Yes,8.5,Other,800,13,3.98,No,3,South,10,Tik Tok,Fantasy,HBO Max,11,1997,1875,1007,300000,50
Engineering,4,No,Yes,No,Apple,PC,Omnivore,50,74,68,79,Male,12,Yes,Yes,8,Rock and Metal,600,18,3.8,Yes,3,West,30,Tik Tok,Action,HBO Max,6,1991,1876,2000,500000,250
Life,6,No,No,Yes,Apple,PC,Omnivore,50,71,66,69,Male,10.5,No,Yes,6.5,Rock and Metal,0,14,4,Yes,4,South,25,Instagram,Drama,None,8,1999,1927,1500,300000,250
Life,8,Yes,No,No,Apple,Mac,Vegan,75,62,62,66,Female,7.5,Yes,Yes,7,Country,3500,14,4,No,3,Northeast,15,Instagram,Romance,Netflix,12,2000,1950,75,100000,100
Business,5,Yes,Yes,No,Apple,Mac,Omnivore,100,69,64,69,Male,9,Yes,Yes,8,Other,3400,9,3.85,Yes,2,South,18,Facebook,Fantasy,Apple TV,8,1970,1876,20,1500000,20
Business,7,Yes,No,No,Apple,Mac,Omnivore,60,76,65,72,Male,12,Yes,No,6.5,Other,0,16,3.96,No,5,West,8,Instagram,Action,Hulu,6,1945,1850,50,125000,50
Business,6,Yes,No,No,Apple,Mac,Omnivore,50,72,68,69,Male,11.5,Yes,Yes,8,Hip-hop and Rap,1600,14,4,Yes,3,West,5,Instagram,Action,Netflix,11,1980,1900,20,300000,500
Nursing,8,No,No,No,Apple,Mac,Omnivore,50,62,65,65,Female,7,Yes,Yes,8,Pop,3500,16,3.9,Yes,1,West,15,Tik Tok,Romance,Netflix,9,1990,1875,150,500000,2000
Life,8,No,No,No,Apple,Mac,Omnivore,70,68,60,71,Female,9.5,No,No,6.5,Pop,3500,12,4,Yes,1,West,14,Instagram,Comedy,None,9,2000,1874,390,140,20
Business,6,Yes,No,Yes,Apple,Mac,Omnivore,50,70,68,70,Male,10,Yes,Yes,7,Pop,3470,12,3.7,No,3,West,12,Instagram,Action,Netflix,7,1990,1776,50,70000,100
Life,8,Yes,No,Yes,Apple,Mac,Omnivore,30,65,68,76,Female,8,Yes,No,8,Other,0,14,4,No,3,West,40,Instagram,Romance,None,5,1985,1875,175,80000,300
FHSS,7,Yes,No,No,Apple,Mac,Omnivore,31.25,64,67,72,Female,8,Yes,No,8,Pop,3000,12,4,No,2,West,4,Instagram,Comedy,Netflix,8.5,1965,1875,14,10000,100
Nursing,9,No,No,No,Apple,PC,Omnivore,100,65,70,75,Female,8.5,Yes,Yes,7,Pop,1750,13,3.999,Yes,3,South,12,Instagram,Romance,None,4,1979,1934,200,100000,120
Life,5,Yes,No,No,Apple,Mac,Paleo,40,65,65,72,Female,8,Yes,Yes,8.5,Country,3500,14,3.89,No,4,West,10,Instagram,Comedy,None,6,1945,1875,20,100000,150
Engineering,7,Yes,No,No,Apple,Mac,Omnivore,140,71,62,69,Male,11.5,Yes,No,8.5,Other,0,14,4,No,3,West,7,YouTube,Fantasy,Netflix,8,1996,1932,300,300000,100
Business,6,Yes,No,No,Apple,PC,Omnivore,240,70,64,68,Male,10.5,Yes,No,4.5,Rock and Metal,7000,15,3.61,Yes,1,South,35,YouTube,Action,None,5,1968,1875,150,500000,100
CMS,6,Yes,Yes,No,Apple,PC,Omnivore,50,69,65,70,Male,9,No,Yes,7.5,Pop,0,16.5,4,Yes,5,South,5,Instagram,Action,None,8,1990,1876,200,250000,50
Business,6,Yes,Yes,No,Apple,Mac,Omnivore,30,66,62,74,Female,7.5,No,Yes,7.5,Country,3444,15,4,Yes,3,South,25,Instagram,Action,None,6,1992,1875,965,100000,185
Business,6,Yes,No,No,Apple,Mac,Keto,150,68,68,82,Female,8,Yes,Yes,8,Pop,0,12,4,Yes,1,West,10,Tik Tok,Comedy,Hulu,10,1980,1876,100,250,0
FHSS,8,Yes,No,No,Apple,PC,Omnivore,150,68,66,74,Female,9,Yes,No,7,Pop,1774,16,4,No,5,West,18,Instagram,Romance,Netflix,8,1985,1875,400,180000,30
Education,6,Yes,No,No,Apple,PC,Omnivore,30,64,63,69,Female,8,Yes,No,7,Other,3700,14,4,Yes,5,Midwest,15,Instagram,Romance,None,5,1990,1902,57,80000,200
Education,10,Yes,Yes,No,Apple,PC,Omnivore,70,77,66,80,Male,14,No,No,7.5,Other,826,14,3.9,Yes,2,West,7,YouTube,Action,None,3,1990,1891,50,100000,50
Business,6,Yes,No,Yes,Apple,Mac,Omnivore,70,72,62,71,Male,10,Yes,Yes,7.5,Other,3500,12,3.3,Yes,7,West,20,Facebook,Action,None,7.5,1983,1896,175,200000,100
Business,7,Yes,No,No,Apple,Mac,Omnivore,100,66,67,73,Female,8.5,Yes,Yes,8,Pop,3400,14,4,No,3,West,13,YouTube,Comedy,None,10,2002,1876,362,5000000,50
Life,7,Yes,No,No,Apple,PC,Omnivore,118,61,62,70,Female,7.5,Yes,Yes,7,Country,900,15,4,No,4,West,14,Instagram,Comedy,None,8,1980,1880,380,120000,100
Business,8,Yes,No,No,Apple,Mac,Omnivore,100,68,64,71,Male,9,Yes,Yes,10,Other,3500,15,4,No,3,Northeast,10,Instagram,Action,None,5,1998,1870,50,2000000,1500
FHSS,2,No,Yes,Yes,Apple,Mac,Omnivore,60,63,62,71,Female,7,Yes,Yes,8.5,Pop,3500,12,3.75,Yes,2,Midwest,10,Instagram,Romance,Hulu,10,1998,1875,132,68000,500
Life,6,Yes,No,No,Apple,Mac,Omnivore,75,70,66,69,Male,9,Yes,Yes,8,Rock and Metal,3550,15,4,Yes,3,West,12,Instagram,Action,Netflix,7,1998,1875,250,500000,50
Education,8,Yes,No,No,Apple,Mac,Omnivore,50,68,67,74,Female,10,Yes,No,7,Country,3000,14,3.8,No,4,South,7,Tik Tok,Romance,Netflix,10,2000,1876,400,120000,50
Business,6,Yes,Yes,No,Apple,PC,Omnivore,200,70,65,70,Male,10,Yes,Yes,7,Country,7000,12,3.9,No,5,West,20,Instagram,Action,Netflix,8,1987,1950,1200,500000,10
Life,6,Yes,No,No,Apple,Mac,Omnivore,115,70,64,76,Female,8,Yes,No,6.5,Other,3444,14,3.99,Yes,2,South,8,Tik Tok,Horror,Netflix,13,1989,1975,150,700000,100
Education,6,No,No,No,Apple,Other,Omnivore,25,64,65,71,Female,7.5,Yes,No,6.5,Pop,3000,12,4,Yes,5,West,10,Instagram,Romance,Netflix,10,1980,1940,1254,100000,60
Education,5,No,No,No,Apple,Mac,Omnivore,150,68,64,71,Female,9,Yes,Yes,6.5,Pop,3500,11.5,4,Yes,3,International,4,Instagram,Romance,Netflix,5,1990,1968,234,100000,200
Business,7,Yes,No,No,Apple,Mac,Omnivore,25,69,69,69,Female,8.5,Yes,No,7,Country,0,13.5,4,Yes,4,West,5,Tik Tok,Romance,HBO Max,10,1985,1898,80,700000,200
FHSS,4,No,Yes,Yes,Apple,Mac,Omnivore,200,67,60,74,Female,9,Yes,Yes,9,Pop,3500,12,3.95,Yes,2,West,15,Instagram,Mystery,Apple TV,12,1996,1900,40,100000,300
Humanities,4,Yes,Yes,No,Apple,PC,Omnivore,40,62,62,70,Female,6,Yes,Yes,6,Pop,3500,15,3.6,Yes,4,West,20,Instagram,Drama,None,9,1990,1876,200,70000,300
Nursing,8,Yes,No,No,Apple,Other,Omnivore,30,67,63,73,Female,8,Yes,No,7.5,Pop,1700,13,4,No,3,West,15,Instagram,Action,Netflix,7,1970,1875,300,150000,400
Nursing,8,Yes,No,No,Apple,Mac,Omnivore,60,68,65,67,Male,9,Yes,No,7,Other,3500,14,3.9,No,4,West,20,Instagram,Action,None,5,1997,1884,50,200000,100
FHSS,8,No,Yes,No,Apple,Mac,Omnivore,100,68,70,73,Female,8,Yes,Yes,8,Pop,0,16,3.98,No,4,West,4,Instagram,Romance,Netflix,9,1990,1950,20,100000,100
FHSS,6,Yes,No,No,Apple,Mac,Omnivore,50,66,63,71,Female,7.5,Yes,Yes,6.5,Country,2000,16,4,Yes,4,West,10,Instagram,Comedy,Netflix,9,2001,1875,100,300000,100
Life,5,Yes,No,No,Apple,Mac,Omnivore,60,72,66,72,Male,10.5,Yes,Yes,7.5,Country,0,15,3.9,No,3,South,30,Instagram,Comedy,Netflix,8,2002,1875,1500,900000,40
Life,6,No,No,No,Apple,Mac,Omnivore,70,79,70,80,Male,15,Yes,Yes,9,Hip-hop and Rap,3400,16,3.3,Yes,3,West,3,Tik Tok,Comedy,Netflix,9,2002,1878,112,200000,20
Business,6,Yes,No,No,Apple,Mac,Omnivore,30,72,60,67,Male,12.5,No,No,7,Rock and Metal,1500,13,3.8,Yes,4,West,12,YouTube,Drama,HBO Max,10,1985,1875,70,150000,400
Education,4,Yes,Yes,No,Apple,PC,Omnivore,25,62,65,75,Female,8,No,No,6,Country,3500,15.5,3.8,No,2,West,4,YouTube,Drama,None,10,1980,1875,50,66000,150
Engineering,7,Yes,No,No,Apple,PC,Omnivore,115,66,66,67,Male,9.5,Yes,No,8,Other,0,14,4,Yes,3,West,10,Instagram,Action,None,9,2002,1875,50,150000,100
Engineering,4,No,No,Yes,Android,PC,Omnivore,120,68,64,70,Male,9.5,No,Yes,7,Dance and Electronic Music,5000,16,4,No,1,West,30,YouTube,Romance,Netflix,5,1983,1875,60,400000,80
Education,7,No,Yes,Yes,Apple,Other,Omnivore,20,67,63,72,Female,7.5,Yes,No,6,Other,0,12,3.6,Yes,7,International,3,Instagram,Romance,HBO Max,7,1959,1850,240,90000,150
Life,6,Yes,No,No,Apple,Mac,Omnivore,60,69,65,70,Male,9.5,Yes,Yes,7,Pop,3500,13.5,3.45,Yes,4,West,16,Instagram,Action,None,10,1962,1876,250,600000,50
CMS,8,Yes,No,No,Android,Other,Omnivore,90,71,68,73,Male,13,No,No,8.5,Dance and Electronic Music,3600,15.5,3.85,No,4,West,20,YouTube,Horror,None,11,1987,1876,120,80000,250
Engineering,8,Yes,No,No,Apple,Other,Omnivore,120,76,64,72,Male,11,Yes,Yes,7.5,Rock and Metal,4235,14,4,No,2,West,8,Instagram,Action,Netflix,5,1991,1876,300,200000,50
Life,8,No,No,No,Apple,PC,Omnivore,50,66,60,70,Female,8,Yes,No,7,Pop,3500,15,3.8,Yes,2,South,20,Instagram,Drama,Netflix,0,1950,1870,1000,100000,300
Life,8,Yes,No,No,Apple,Other,Omnivore,100,62,63,72,Female,7,Yes,No,8,Country,8000,13,4,No,2,West,10,Instagram,Drama,Netflix,6,1970,1900,100,80000,50
Business,8,Yes,No,No,Apple,Mac,Omnivore,100,77,71,71,Male,12,Yes,No,8,Country,3000,14,3.88,Yes,3,West,10,Instagram,Comedy,Netflix,13,1986,1880,175,900000,100
Life,6,Yes,No,No,Apple,PC,Omnivore,30,72,70,73,Male,11,Yes,Yes,8.5,Rock and Metal,3000,13,3.7,No,4,West,3,Tik Tok,Action,Netflix,6,1991,1801,58,9999999,170
Education,7,Yes,No,No,Apple,PC,Omnivore,60,69,67,75,Female,10,Yes,No,7.5,Pop,2780,14,4,No,3,West,7,Instagram,Romance,Netflix,6,1973,1876,250,134000,150
FHSS,4,No,Yes,Yes,Apple,PC,Omnivore,150,63,66,71,Female,7,No,No,8,Country,1600,15,3.98,No,6,South,15,Tik Tok,Comedy,Hulu,8,1997,1875,500,150000,800
Education,5,Yes,No,No,Apple,Mac,Omnivore,50,65,64,73,Female,7,Yes,Yes,7,Country,3500,16,4,No,0,West,25,Instagram,Drama,Netflix,8,1982,1876,300,100000,50
Nursing,6,Yes,No,No,Apple,Mac,Omnivore,25,66,66,70,Male,8,Yes,Yes,6,Country,1300,14,3.8,Yes,7,Northeast,13,Instagram,Romance,Netflix,10,1980,1920,1300,120,150
Life,7,Yes,No,No,Apple,Mac,Omnivore,90,71,70,74,Female,10,Yes,Yes,7.5,Other,4000,14.5,4,No,3,West,10,Instagram,Comedy,Netflix,10,1987,1875,800,300000,200
Business,6,Yes,No,No,Apple,Mac,Omnivore,30,71,68,72,Male,11,Yes,No,8,Country,3500,15,3.89,Yes,4,West,5,YouTube,Action,Netflix,11,1994,1876,30,500000,30
Nursing,6,Yes,No,No,Apple,Mac,Paleo,35,62.5,71,69,Female,6,No,No,9,Pop,0,15,3.89,Yes,4,Midwest,8,Tik Tok,Romance,None,0,1985,1890,150,250000,50
Engineering,5,Yes,Yes,No,Apple,PC,Omnivore,100,71,64,70,Male,10.5,Yes,No,7.5,Country,1700,14,4,No,4,West,7,Instagram,Comedy,None,6,1993,1875,100,300000,25
Nursing,8,Yes,No,No,Apple,Mac,Keto,50,72,64,72,Male,9.5,Yes,No,8,Country,3500,13,4,No,3,South,5,Instagram,Comedy,Netflix,10,1980,1950,50,200000,100
Business,6,Yes,Yes,No,Apple,PC,Keto,75,68,65,73,Female,8,Yes,Yes,8,Pop,0,16,3.9,Yes,4,West,7.5,Instagram,Mystery,Netflix,9,1946,1870,80,120000,50
Business,5,No,Yes,Yes,Apple,Mac,Omnivore,70,71,64,73,Male,10,Yes,Yes,7,Other,500,12,3.8,Yes,3,South,3,Instagram,Comedy,None,7,1982,1894,437,600000,150
Life,8,Yes,No,No,Apple,Mac,Omnivore,75,59,59,67,Female,5,Yes,No,7,Other,7000,14,4,No,1,Midwest,3,Instagram,Romance,HBO Max,9,2001,1940,55,140000,200
Education,7,Yes,No,No,Apple,PC,Omnivore,195,67,65,71,Female,9,Yes,No,8,Pop,3444,14.5,3.6,Yes,4,West,30,YouTube,Fantasy,Netflix,8,1980,1876,150,120000,3444
Education,7,Yes,Yes,No,Android,Other,Omnivore,45,65,67,69,Female,8,Yes,No,8,Country,0,17,3.98,Yes,5,West,34,Instagram,Drama,None,12,1988,1875,62,100000,125
Life,8,Yes,No,No,Apple,Mac,Omnivore,100,67,66,72,Female,9,Yes,No,8.5,Pop,0,16,4,No,3,Northeast,5.5,Instagram,Action,Hulu,9.5,1994,1875,40,275000,100
Nursing,5,Yes,Yes,No,Apple,Other,Omnivore,50,60,63,66,Female,6.5,Yes,Yes,7,Country,700,16,3.9,Yes,3,West,7,Instagram,Action,Netflix,8,1932,1943,50,98000,50
Engineering,4,No,No,No,Apple,Mac,Omnivore,100,64,66,72,Female,7,No,No,7,Pop,2800,11.5,3.9,Yes,3,South,26,YouTube,Fantasy,None,10,1967,1875,150,130000,1000
Business,8,Yes,No,No,Apple,Mac,Omnivore,50,76,63,76,Male,12,No,No,8,Other,3500,11,3.874,No,4,West,12,Facebook,Action,Netflix,10,1987,1892,75,700000,100
Engineering,5,No,No,No,Android,PC,Omnivore,60,71,65,69,Male,11,Yes,Yes,7,Other,3100,12,3.6,Yes,9,West,5,YouTube,Horror,Hulu,6,1993,1877,100,300000,500
FHSS,6,Yes,Yes,No,Apple,Mac,Omnivore,140,72,69,73,Male,11.5,Yes,Yes,6,Country,5000,14,3.85,Yes,3,West,4,Facebook,Comedy,Apple TV,8.5,1990,1876,145,600000,1000
Life,5,No,No,No,Android,PC,Omnivore,75,73,67,70,Male,10.5,Yes,No,7.5,Dance and Electronic Music,2500,13,3.9,Yes,4,West,18,Instagram,Fantasy,Hulu,12,1982,1875,250,500000,20
Business,8,Yes,No,No,Apple,Mac,Omnivore,75,63,63,72,Female,6.5,Yes,Yes,8,Other,2750,16,3.96,Yes,2,West,15,Instagram,Romance,Hulu,11,1985,1875,500,200000,100
Humanities,4,Yes,Yes,No,Apple,Mac,Omnivore,80,70,67,70,Male,9,Yes,Yes,7,Classical,2500,12,3.75,Yes,4,Northeast,12,Instagram,Drama,None,7,1996,1875,50,300000,100
Life,8,No,No,No,Android,PC,Keto,75,67,70,74,Female,9,No,Yes,5,Other,0,17,3.99,Yes,2,West,5,Instagram,Action,Hulu,10.5,1995,1875,20,120000,300
Business,7,Yes,No,No,Apple,Mac,Omnivore,55,68,67,70,Male,9,Yes,No,7.5,Pop,3800,16,3.9,Yes,2,South,8,Instagram,Action,Apple TV,6,2001,1876,95,500000,100
Education,5,Yes,No,No,Apple,Mac,Omnivore,75,65,65,74,Female,7.5,No,No,7.5,Classical,0,12,3.8,Yes,3,West,6,Facebook,Romance,None,8,1995,1920,60,80000,255
Business,7,Yes,No,No,Apple,Mac,Paleo,100,66.3,66.5,68.1,Female,7,Yes,Yes,8,Country,3500,15.5,3.8,Yes,3,South,10,Instagram,Romance,None,7,1980,1875,70,100000,150
Engineering,6,No,Yes,No,Apple,PC,Omnivore,50,68,59,74,Male,9.5,Yes,Yes,8.5,Pop,0,14.5,3.98,Yes,3,West,4.5,Facebook,Action,None,7,1967,1874,180,120000,0
Business,8,Yes,No,No,Apple,Mac,Omnivore,80,70,67,70,Male,10.5,Yes,Yes,8,Country,4000,15,3.99,Yes,3,West,17,Instagram,Action,Netflix,9,1990,1875,100,600000,500
CMS,4,No,Yes,No,Apple,Mac,Omnivore,100,72,68,72,Male,10,No,Yes,8,Classical,0,15,4,Yes,3,West,20,Facebook,Comedy,None,8,1970,1875,25,200000,20
Business,7,Yes,No,No,Apple,PC,Omnivore,60,72,70,73,Male,11,Yes,Yes,7.5,Rock and Metal,3000,16,3.7,No,2,West,10,Instagram,Horror,None,7,1980,1877,300,100000,0.5
CFAC,4,No,Yes,No,Apple,Mac,Omnivore,75,65,64,76,Female,6,Yes,Yes,8,Pop,0,14,3.96,Yes,3,West,10,Instagram,Romance,Netflix,11,1989,1875,80,125000,50
Education,8,No,No,No,Apple,Mac,Omnivore,50,64,62,68,Female,8.5,No,No,9,Pop,5400,12,4,Yes,4,West,7,Tik Tok,Romance,Hulu,10,1976,1946,100,100000,200
Life,1,No,Yes,No,Apple,PC,Omnivore,100,70,60,65,Male,11,Yes,Yes,8,Pop,3500,12,4,Yes,1,South,3,Instagram,Comedy,Hulu,8,2010,1890,15,300000,100
Business,8,Yes,No,No,Apple,PC,Omnivore,18,71,66,72,Male,11,Yes,No,6.5,Pop,1500,15,3.9,Yes,4,West,30,Instagram,Comedy,None,4,1974,1875,350,150000,67
Life,6,Yes,No,No,Apple,PC,Omnivore,40,68,62,70,Male,6.5,No,Yes,7.5,Pop,0,16,3.9,Yes,4,South,20,YouTube,Fantasy,None,7,1988,1876,15,120000,70
Life,3,No,Yes,No,Apple,PC,Omnivore,100,70,73,73,Female,11,No,No,9,Rock and Metal,0,12,4,Yes,2,South,6,Instagram,Comedy,HBO Max,9,1982,1876,150,70000,20
Life,6,Yes,No,No,Apple,Mac,Omnivore,50,64,65,67,Female,8.5,Yes,No,8,Country,3548,13,4,Yes,2,Midwest,40,Tik Tok,Mystery,Netflix,11,1990,1875,100,150000,100
Nursing,5,No,Yes,No,Apple,Mac,Omnivore,50,64,66,73,Female,7.5,Yes,Yes,8,Pop,4000,12.5,3.98,No,4,West,12,Tik Tok,Romance,Netflix,8,1975,1926,100,70000,200
Business,8,Yes,Yes,No,Apple,Mac,Omnivore,20,70,64,75,Male,10.5,Yes,No,8,Pop,3000,12.5,3.88,No,6,South,2,Instagram,Action,Netflix,6,1973,1900,300,300000,500
Education,5,Yes,No,No,Apple,PC,Omnivore,200,67,67,72,Female,8,Yes,No,7,Pop,1500,15,4,Yes,6,West,20,Instagram,Romance,None,8,1754,1876,150,60000,500
Life,2,No,Yes,No,Apple,PC,Omnivore,50,68,64,72,Female,8.5,No,Yes,8,Other,3500,12,4,Yes,4,South,14,Instagram,Action,None,5,1978,1880,400,120000,100
CMS,6,No,No,No,Apple,Other,Omnivore,150,71.6,68,68,Male,10.5,Yes,Yes,7,Dance and Electronic Music,7400,13,4,No,0,West,18,YouTube,Foreign,None,15,1968,1864,60,1000000,200
FHSS,4,No,No,No,Apple,Other,Omnivore,40,63,64,72,Female,7,No,No,6,Classical,3500,15,4,Yes,2,West,30,Instagram,Fantasy,Netflix,12,1980,1876,4000,108000,20
Engineering,7,Yes,No,No,Android,PC,Omnivore,100,74,65,73,Male,10,Yes,No,6.5,Classical,0,14,3.85,Yes,7,Midwest,5,YouTube,Comedy,None,10,2000,1876,25,120000,100
Life,6,Yes,No,No,Apple,Mac,Omnivore,80,72,64,74,Male,11,Yes,Yes,6.8,Other,0,13,4,Yes,5,South,26,Instagram,Action,None,10,1979,1889,80,1000000,600
FHSS,2,No,Yes,No,Apple,Mac,Omnivore,100,66,66,68,Female,7.5,Yes,No,9,Other,0,14,3.8,Yes,12,West,15,Instagram,Romance,Hulu,10,1997,1897,25,70000,200
Life,3,Yes,Yes,No,Apple,PC,Vegetarian,60,69,65,79,Female,10.5,Yes,No,7,Pop,3000,15,4,Yes,3,West,15,Instagram,Action,None,9,1990,1880,1500,65000,100
Education,6,Yes,No,No,Apple,PC,Omnivore,75,63,65,76,Female,6,Yes,No,6.5,Country,3500,13,3.9,Yes,2,West,12,Instagram,Romance,Netflix,10,1985,1940,6000,98000,20
Business,8,Yes,No,Yes,Apple,PC,Omnivore,100,75,67,70,Male,11,No,No,8,Country,3000,15,3.4,No,4,West,5,Instagram,Action,None,11,1985,1875,20,220000,20
Life,8,Yes,No,No,Apple,Other,Keto,50,72,70,77,Female,11.5,Yes,Yes,5.5,Country,2000,14,3.95,Yes,4,South,12,Instagram,Romance,None,10.5,1996,1875,300,60000,105
Life,5,No,No,No,Apple,PC,Omnivore,50,77,68,74,Male,12,Yes,Yes,8,Rock and Metal,861,13,3.93,Yes,2,West,50,YouTube,Action,None,5,1993,1890,500,9999999,500
Engineering,4,No,No,No,Apple,PC,Omnivore,60,71,64,69,Male,9.5,Yes,No,7,Country,3500,16.5,3.9,No,1,South,4,Instagram,Comedy,Netflix,7,2001,1893,50,150000,50
CMS,5,Yes,No,No,Apple,PC,Omnivore,20,67,67,70,Male,9.5,Yes,Yes,6.6,Other,1700,18,3.95,Yes,4,West,16,Facebook,Comedy,None,7,1972,1876,40,150000,50
Nursing,8,No,No,No,Apple,PC,Omnivore,40,62,64,70,Female,7.5,No,No,8,Pop,3548,12.5,4,Yes,4,South,8,Instagram,Romance,None,11,1989,1880,100,100000,100
Business,5,Yes,Yes,No,Apple,PC,Omnivore,100,71,64,72,Male,11,Yes,Yes,7,Country,2625,12,3.9,Yes,3,West,22,Instagram,Action,Hulu,8,1986,1876,250,120000,650
Life,4,Yes,No,Yes,Apple,Mac,Omnivore,80,65,67,74,Female,8,Yes,Yes,7,Pop,3500,15,3.8,Yes,3,South,20,Tik Tok,Comedy,Netflix,6,1930,1860,40,160000,150
Business,6,Yes,No,Yes,Apple,Mac,Omnivore,25,69,77,74,Female,6,Yes,Yes,7,Country,1500,14,4,Yes,3,South,20,Facebook,Romance,Hulu,10,1990,1876,200,80000,100
Business,7,Yes,Yes,No,Apple,PC,Omnivore,70,66,69,70,Female,8.5,Yes,Yes,8,Pop,0,13,3.9,Yes,2,West,15,Instagram,Fantasy,Netflix,9,2000,1900,70,80000,300
Life,8,No,Yes,No,Apple,Other,Omnivore,60,62,63,70,Female,8,Yes,No,7.5,Other,0,15,3.9,Yes,6,West,15,Facebook,Fantasy,None,12,1990,1875,58,70000,50
CMS,6,No,No,No,Apple,Other,Omnivore,30,63,64,69,Female,7.5,No,No,8,Other,3500,16,3.87,Yes,6,West,18,YouTube,Comedy,None,5,2007,1983,70,120000,0
Life,4,No,Yes,No,Apple,Mac,Omnivore,60,68,64,67,Male,9.5,Yes,Yes,9,Pop,0,15,3.85,Yes,3,West,18,Instagram,Action,Hulu,9,1987,1876,110,300,45
Engineering,5,Yes,No,No,Apple,Mac,Omnivore,50,71,62,69,Male,12,Yes,Yes,7.5,Other,1500,14,3.75,No,3,West,12,Tik Tok,Action,Netflix,11,1979,1875,550,200000,1
Life,4,No,No,No,Apple,Mac,Omnivore,40,69,60,72,Male,10,Yes,Yes,7,Hip-hop and Rap,4000,12,4,No,3,South,12,Snapchat,Horror,Netflix,10,1975,1880,150,600000,1000
Business,7,Yes,No,No,Apple,Mac,Omnivore,115,66,68,71,Female,8,Yes,Yes,7,Pop,3500,13.5,3.95,No,3,West,10,Instagram,Fantasy,Netflix,8,1999,1893,300,450000,300
Business,6,No,No,No,Apple,Mac,Omnivore,100,68,65,67,Male,9.5,Yes,Yes,7.5,Pop,3500,12,3.67,No,3,South,3,Instagram,Action,Netflix,11,1982,1875,150,500000,100
Engineering,4,No,Yes,Yes,Apple,Mac,Omnivore,80,66,67,72,Female,8,Yes,Yes,6.5,Hip-hop and Rap,3500,13.5,3.9,Yes,4,Northeast,40,Instagram,Foreign,None,9,1999,1887,20,150000,1000
CMS,6,No,No,No,Apple,Other,Omnivore,0,71.5,63,73.5,Male,11,No,Yes,7.1,Dance and Electronic Music,3500,12,3.95,Yes,1,West,8,YouTube,Fantasy,None,21.9,1969,1876,100,130000,1200
Engineering,7,No,No,No,Apple,PC,Omnivore,0,70,63,70,Male,9.5,Yes,Yes,8,Hip-hop and Rap,0,12,3.98,No,3,West,35,Instagram,Mystery,Netflix,8,1965,1926,500,200000,600
Business,6,No,Yes,No,Apple,PC,Paleo,100,72,68,72,Male,11,Yes,Yes,6,Pop,0,17,3.7,No,4,Northeast,40,Instagram,Action,None,8,1972,1876,1000,500000,100
Business,8,No,Yes,No,Apple,PC,Omnivore,10,67,66,73,Female,7.5,No,No,7,Other,1774,16,4,Yes,3,West,1,YouTube,Fantasy,None,11,1982,1876,120,120000,1
Education,5,Yes,Yes,No,Apple,PC,Omnivore,50,64,62,72,Female,8,No,Yes,6.5,Country,2300,12,3.97,Yes,6,West,18,Instagram,Comedy,Netflix,7,1996,1880,100,95000,20
Nursing,6,Yes,No,No,Apple,Mac,Omnivore,150,66,63,73,Female,8,Yes,Yes,8,Pop,0,13,4,No,2,South,10,Instagram,Romance,Hulu,5,1980,1875,300,150000,200
Life,8,No,No,No,Apple,Mac,Omnivore,200,69,64,73,Male,9,No,No,8.5,Pop,3000,8,3.9,Yes,5,West,3,Tik Tok,Comedy,Netflix,9,1968,1876,300,3,300
CMS,6,No,Yes,No,Apple,PC,Omnivore,30,71,64,68,Male,11,No,No,7,Pop,0,16,4,Yes,2,West,6,YouTube,Action,Netflix,6,1980,1875,7000,150000,100
Business,5,No,Yes,No,Apple,Mac,Omnivore,0,68,64,71,Female,8,Yes,Yes,6.5,Pop,3000,5,4,No,4,Midwest,15,YouTube,Drama,None,6,1998,1876,85,130000,100
Education,8,Yes,No,No,Apple,Mac,Omnivore,60,64,67,73,Female,7.5,No,No,6,Pop,3548,13,3.9,No,2,South,10,Instagram,Fantasy,Netflix,10,1973,1910,30,100000,500
Life,5,Yes,No,Yes,Apple,Mac,Omnivore,50,69,63,72,Male,9,Yes,Yes,7,Hip-hop and Rap,3500,13,3.7,Yes,3,West,20,Instagram,Fantasy,None,10,1995,1876,150,600000,50
Life,4,Yes,No,No,Apple,Mac,Omnivore,40,67,65,74,Female,8,Yes,Yes,7.5,Other,1300,17,4,No,5,West,12,Instagram,Comedy,Hulu,10,1992,1890,200,130000,150
Education,3,No,Yes,Yes,Apple,PC,Vegan,30,67,69,72,Female,8,Yes,Yes,6,Country,3200,16,3.98,Yes,1,Northeast,14,Instagram,Comedy,HBO Max,9,1980,1875,20,100000,100
Life,4,No,Yes,No,Apple,Other,Omnivore,30,65,68,72,Female,5,Yes,No,7.5,Rock and Metal,3500,16.5,3.9,Yes,3,West,12,Instagram,Horror,None,7,1980,1870,200,100000,200
Life,2,Yes,No,No,Apple,Mac,Omnivore,25,66,64,73,Female,9,Yes,No,7,Other,1774,14,4,Yes,3,West,15,Instagram,Action,Apple TV,10,1978,1876,65,80000,100
CMS,7,Yes,No,No,Apple,Other,Omnivore,35,67.5,67,71,Female,8,No,No,6,Pop,1774,14.5,3.91,No,2,South,8,Instagram,Comedy,Netflix,10,1981,1875,2400,140000,5
Engineering,6,No,No,Yes,Apple,Mac,Omnivore,80,71,64,75,Male,12,Yes,Yes,7.5,Other,3548,12,3.8,Yes,2,South,35,YouTube,Action,None,8,1995,1876,3560,250000,50
Business,5,Yes,No,No,Apple,Other,Omnivore,60,70,64,75,Male,11.5,Yes,No,7.5,Other,1850,14,3.939,Yes,3,West,12,Instagram,Action,None,10,1970,1875,25,250000,50
Business,6,Yes,No,No,Apple,Other,Omnivore,150,68,58,71,Male,10.5,Yes,Yes,6.5,Other,4000,14,3.9,No,3,West,10,Instagram,Mystery,Netflix,10,1985,1875,200,250000,500
Engineering,4,No,Yes,No,Android,Other,Omnivore,70,70,67,72,Male,10.5,No,Yes,7,Rock and Metal,0,12.5,3.6,Yes,3,West,12,Twitter,Action,None,23,1960,1875,200,150000,200
Life,6,No,No,No,Apple,Mac,Omnivore,20,64,66,73,Female,7,Yes,Yes,8,Country,3800,14.5,3.98,No,3,West,11,Tik Tok,Comedy,Netflix,7,1975,1981,120,66000,100
Business,4,No,No,Yes,Apple,Mac,Omnivore,100,70,66,71,Male,9.5,Yes,Yes,7,Pop,3000,13,4,No,4,West,7,Snapchat,Fantasy,Netflix,8,1978,1930,1000,5000000,150
Business,6,Yes,No,No,Apple,Mac,Omnivore,70,69,64,69,Male,9,Yes,Yes,7.5,Other,0,14,3.91,No,2,Northeast,15,Instagram,Action,None,4,1995,1870,60,1000000,200
Business,6,No,Yes,No,Apple,Mac,Keto,50,65,62,69,Female,7.5,Yes,Yes,6,Other,3000,16,3.75,Yes,4,West,10,Instagram,Comedy,None,0,1975,1880,30,500000,20
Engineering,5,No,No,No,Apple,Mac,Omnivore,50,75,56,73,Male,13,No,Yes,8,Classical,3490,12.5,3.7,Yes,3,West,4,Instagram,Comedy,None,13,1996,1875,20,86000,200
Business,7,Yes,No,No,Apple,Mac,Omnivore,100,64,67,73,Female,7,No,Yes,8,Pop,0,14,4,No,4,West,3.5,Tik Tok,Fantasy,Netflix,8,1992,1895,2000,350000,375
Life,8,Yes,No,No,Apple,Mac,Omnivore,50,65,68,72,Female,7.5,Yes,No,7.5,Pop,4000,14,3.9,No,3,West,8.5,Instagram,Action,Hulu,10,1981,1865,50,300000,0
Business,6,Yes,No,No,Android,Other,Omnivore,50,70,70,73,Male,11,No,No,8,Pop,4000,13,3.75,No,3,West,9,YouTube,Action,Netflix,8,1965,1890,25,150000,100
CMS,6,Yes,No,No,Apple,Other,Omnivore,75,70,63,69.5,Male,11,Yes,Yes,8,Hip-hop and Rap,1774,16.5,4,Yes,3,West,10,Instagram,Action,Netflix,7,1998,1875,60,250000,250
Engineering,10,Yes,No,No,Apple,PC,Omnivore,50,66,64,74,Female,7,Yes,No,7.5,Country,1000,13,4,No,5,West,14,Tik Tok,Romance,Netflix,8,1970,1897,550,60000,25
Engineering,2,No,No,Yes,Apple,PC,Keto,50,67,62,69,Male,7.5,Yes,Yes,8,Country,2500,14.5,3.9,Yes,4,West,15,Instagram,Action,Apple TV,10,2000,1898,100,200000,1
Education,5,Yes,Yes,No,Apple,Other,Omnivore,60,66,67,72,Female,5.5,Yes,Yes,6.5,Pop,4500,12,3.99,Yes,4,West,12,Instagram,Romance,None,10,1991,1884,127,150000,40
Education,5,Yes,No,No,Android,PC,Omnivore,20,62,63,75,Female,6.5,No,No,6,Classical,4000,12,3.95,No,6,West,4,Instagram,Romance,Netflix,10,1985,1880,5000,97000,200
Life,5,Yes,No,No,Apple,Mac,Omnivore,80,67.5,67,73,Female,8,Yes,Yes,7,Country,1800,12,4,No,3,West,4.5,Instagram,Romance,Netflix,7,1984,1875,100,140000,20
Business,5,Yes,Yes,No,Apple,Mac,Omnivore,30,66,64,72,Female,8,Yes,Yes,7,Country,1774,16,4,Yes,5,Midwest,14,Instagram,Romance,None,6,1992,1868,1890,250000,15
Business,5,Yes,Yes,No,Apple,Mac,Omnivore,50,77,69,76.25,Male,12.5,Yes,Yes,7.5,Hip-hop and Rap,3548,17,3.89,Yes,4,South,8,Instagram,Comedy,Netflix,7,1987,1875,78,260000,3548
Humanities,7,Yes,No,No,Apple,Mac,Omnivore,25,66,66,74,Female,9,No,No,7,Pop,0,14,3.8,Yes,3,West,4,Instagram,Romance,Netflix,5,1989,1876,40,50000,50
CFAC,8,Yes,No,No,Android,PC,Omnivore,60,64,69,70,Female,9,No,No,7.5,Pop,3200,13,4,No,2,West,7,YouTube,Comedy,Netflix,10,1970,1845,200,100000,400
Life,6,No,No,Yes,Apple,PC,Omnivore,150,75,69,70,Male,12.5,Yes,Yes,8,Classical,3400,15,3.98,No,3,South,12,YouTube,Comedy,Netflix,9.3,2002,1874,1775,600000,400
CMS,8,Yes,No,No,Apple,Mac,Omnivore,100,69,62,68,Male,9,Yes,Yes,7.5,Hip-hop and Rap,3000,14.5,3.88,No,3,West,3.5,Instagram,Comedy,Netflix,7,1997,1876,800,200000,55
FHSS,4,No,No,Yes,Apple,Mac,Keto,100,75,68,76,Male,14,Yes,Yes,7.5,Hip-hop and Rap,3400,15,3.7,No,3,South,15,Instagram,Action,Netflix,7,1965,1876,100,750000,1
Life,6,Yes,No,No,Apple,Mac,Omnivore,80,71.5,66,74,Male,10.5,Yes,Yes,7.5,Country,0,14,4,No,3,South,4,Instagram,Comedy,None,8,1984,1876,500,2000000,14.26
Engineering,4,Yes,No,No,Apple,Other,Omnivore,50,69,64,68,Male,8,No,No,8,Other,3000,14,3.98,No,3,West,2,YouTube,Action,Hulu,11,1999,1914,65,165000,0
Business,5,Yes,No,Yes,Apple,Mac,Omnivore,120,72,65,75,Male,11,Yes,Yes,8,Rock and Metal,3500,13,3.9,Yes,2,West,5,Instagram,Action,None,7,1985,1875,100,5000000,500
Life,7,Yes,No,No,Apple,Other,Omnivore,15,60,63,69,Female,7,No,No,9,Pop,3548,13,3.9,No,3,Northeast,8,Tik Tok,Comedy,Netflix,12,1988,1910,8,310000,50
Life,5,No,No,No,Apple,Mac,Omnivore,50,68,64,68,Male,9,Yes,No,7,Other,3500,17,4,Yes,2,West,20,YouTube,Comedy,Apple TV,7,1999,1845,300,100000,20
Life,1,Yes,Yes,Yes,Apple,Mac,Omnivore,100,68,62,72,Male,10.5,Yes,Yes,7,Country,3000,12.5,4,Yes,7,West,15,Instagram,Action,Netflix,6,1995,1875,400,200000,250
Life,5,Yes,No,No,Apple,Mac,Omnivore,40,65,65,72,Female,7.5,Yes,Yes,7,Country,3000,17,3.9,No,3,Northeast,25,Instagram,Romance,None,12,2000,1870,50,300000,100
Life,1,No,No,No,Apple,Mac,Keto,1,74.5,66,68,Male,12,Yes,Yes,9,Country,3500,14,3.4,No,5,West,12,Snapchat,Action,Hulu,10,1990,1875,1500,2000000,5000
CMS,6,No,No,No,Apple,Mac,Omnivore,50,71.65,67,67.3,Male,8,No,Yes,7.5,Pop,0,17.5,4,No,2,International,20,Instagram,Mystery,None,6,1998,1920,330,1000000,30
Education,10,Yes,No,No,Apple,Mac,Omnivore,30,67,67,73,Female,9,Yes,No,8,Hip-hop and Rap,2000,13,3.7,Yes,1,Northeast,3,Instagram,Romance,Netflix,13,1980,1840,90,120000,250
Business,7,Yes,No,No,Apple,Mac,Omnivore,70,67,64,71,Female,9,Yes,Yes,7,Pop,1000,12,3.97,Yes,4,West,16,Instagram,Action,Netflix,9,1990,1900,3000,300000,100
Engineering,6,Yes,Yes,No,Apple,Mac,Omnivore,70,70,69,68,Male,9.5,Yes,Yes,7.5,Country,0,16,4,Yes,4,West,20,Instagram,Comedy,Netflix,6,2002,1920,100,150000,800
Business,7,Yes,No,No,Apple,PC,Omnivore,12,70,60,67,Male,10,No,Yes,8,Hip-hop and Rap,3580,15.5,4,No,2,West,20,Instagram,Mystery,Netflix,9,1980,1985,2400,120000,5
Business,5,Yes,No,No,Apple,Mac,Omnivore,50,63,62,75,Female,7,Yes,Yes,9,Country,3500,14,3.9,Yes,4,West,9,Instagram,Romance,Netflix,12,2003,1875,15,120000,50
Life,6,Yes,No,No,Apple,Mac,Omnivore,40,74,66,72,Male,13,Yes,No,6,Other,0,17,4,No,3,West,14,Instagram,Action,Hulu,6,1969,1875,500,1000000,400
Business,6,No,No,No,Apple,Mac,Keto,35,65,66,64,Female,9.5,Yes,Yes,7.5,Pop,0,15,3.85,No,3,South,10,Instagram,Comedy,Netflix,9,1980,1870,20,120000,50
Business,5,Yes,No,No,Apple,Other,Omnivore,60,67,68,75,Female,7.5,Yes,Yes,7,Pop,0,13,4,No,3,West,20,Instagram,Action,Netflix,6,2000,1875,55,200000,200
Life,8,No,No,No,Apple,Mac,Keto,200,74,70,78,Male,11.5,Yes,Yes,7.5,Hip-hop and Rap,1700,14,4,No,4,West,10,YouTube,Action,Netflix,8,1980,1876,800,1000000,100
Engineering,6,Yes,No,No,Apple,PC,Omnivore,40,67,64,68,Male,9,Yes,Yes,7,Dance and Electronic Music,3500,15,3.98,Yes,1,West,12,YouTube,Mystery,Netflix,8,1995,1876,130,230000,400
Business,6,No,No,No,Apple,Mac,Omnivore,55,67,69,74,Female,8.5,No,No,7,Pop,3500,14,3.8,Yes,5,South,14,Tik Tok,Romance,Netflix,8,2001,1896,105,200000,30
Life,8,No,Yes,No,Apple,Mac,Omnivore,5,74,69,74,Male,11,No,Yes,7.5,Other,0,14,4,Yes,6,West,37,Instagram,Action,None,4,1986,1875,125,300000,0
CMS,6,Yes,No,No,Android,PC,Omnivore,20,70,63,73,Male,10,Yes,Yes,7,Other,3000,12.5,3.6,Yes,7,West,12,Instagram,Action,Netflix,7,2002,1876,50,85000,100
Business,8,Yes,No,No,Apple,PC,Paleo,60,70,64,72,Male,10,Yes,Yes,7.5,Hip-hop and Rap,0,16,4,No,3,West,8,Instagram,Comedy,None,7,1995,1900,80,400000,300
CFAC,6,Yes,No,No,Apple,Mac,Omnivore,30,64,65,69,Female,6,Yes,Yes,7,Dance and Electronic Music,3400,13,3.9,Yes,3,West,4,Tik Tok,Comedy,Hulu,9,1992,1876,37,150000,53.74
Life,6,Yes,No,No,Apple,Mac,Omnivore,50,71,68,71,Male,10.5,Yes,No,7.5,Country,0,15,4,Yes,4,West,25,YouTube,Action,None,9,1998,1893,200,200000,0
Education,6,Yes,No,No,Apple,Mac,Omnivore,57,68,69,71,Female,11,No,No,7.5,Pop,2644,13,4,No,4,West,20,Instagram,Mystery,Netflix,11,1980,1876,75,100000,207
Education,6,Yes,No,No,Apple,Mac,Omnivore,80,65,65,71,Female,6,No,No,8,Country,1722,13,4,No,2,West,20,Tik Tok,Romance,Netflix,12,1975,1875,60,100000,200
Business,4,Yes,Yes,No,Apple,Mac,Keto,100,70,52,71,Male,11.5,Yes,Yes,7.5,Hip-hop and Rap,3900,14,3.2,Yes,3,Northeast,40,Instagram,Comedy,Netflix,10,1990,1887,200,500000,1000
CFAC,8,Yes,No,No,Apple,Mac,Omnivore,50,63,64,68,Female,7.5,Yes,No,7,Other,3500,16,3.67,No,1,West,12,Instagram,Horror,Netflix,6,1988,1891,100,85000,100
Engineering,6,No,No,No,Apple,Mac,Omnivore,75,69,63,72,Male,9.5,No,Yes,7.5,Classical,3548,16,3.99,No,2,Midwest,10,Tik Tok,Action,Hulu,7,1980,1875,200,200000,250
Life,4,No,No,No,Apple,Mac,Omnivore,50,69,69,76,Female,9,Yes,Yes,6.75,Pop,1250,13,4,Yes,5,West,10,Instagram,Romance,None,10,1990,1875,200,80000,100
Business,6,Yes,No,No,Apple,Mac,Omnivore,100,70,65,72,Male,11,Yes,No,6.5,Pop,4000,13,3.9,No,2,Northeast,10,Tik Tok,Action,Netflix,13,1990,1920,15,100000,2000
Business,8,Yes,No,No,Apple,Mac,Omnivore,50,67,65,74,Female,9.5,Yes,No,6,Pop,3548,13,3.97,No,5,West,2,Instagram,Comedy,Netflix,8,1981,1875,300,150000,300
Business,6,Yes,No,No,Apple,Mac,Omnivore,95,67.25,70,70,Female,8.5,Yes,Yes,7.5,Other,3548,13.5,4,No,4,West,17,YouTube,Action,Netflix,13,1991,1876,27,82000,0
Nursing,6,Yes,No,No,Apple,Mac,Omnivore,95,61,61,70,Female,6,No,No,7,Pop,200,13,3.76,No,3,South,10,Instagram,Action,Netflix,11,1989,1985,15,95000,100
Education,6,Yes,No,No,Android,Mac,Omnivore,60,62,61,67,Female,7,Yes,No,7.5,Pop,3700,14,4,No,5,West,18,Instagram,Romance,Netflix,11,2001,1968,46,120000,20
Engineering,6,No,Yes,No,Apple,PC,Omnivore,40,73,65,76,Male,11,Yes,Yes,7,Rock and Metal,2000,12,3.5,Yes,2,West,10,Instagram,Action,Netflix,9,1989,1890,650,200000,100
Business,9,Yes,No,No,Apple,Mac,Omnivore,100,67,64,73,Female,9,Yes,No,6,Pop,3000,13.5,4,No,5,West,10.5,YouTube,Action,None,7.5,1980,1876,30,300,0
Life,8,Yes,No,No,Apple,Mac,Keto,60,65,67,71,Female,8,No,Yes,6.5,Pop,4052,15,3.76,No,4,West,15,Instagram,Action,Netflix,7,2000,1923,40,100000,500
Business,4,No,No,No,Apple,PC,Omnivore,160,69,64,70,Male,9.5,Yes,Yes,6.5,Country,3548,14,3.9,Yes,5,West,28.75,Instagram,Action,Netflix,7,1985,1926,175,1000000,1000
Business,8,Yes,No,No,Apple,Mac,Omnivore,50,72,62,71,Male,10,Yes,Yes,8,Country,3500,16,3.9,No,1,West,12,Instagram,Action,Netflix,10,1990,1875,250,150,100
Life,8,Yes,No,No,Apple,PC,Paleo,25,68,65,74,Female,8,No,No,8,Rock and Metal,826,12,3.78,Yes,2,South,5,Instagram,Comedy,None,6,1985,1876,1300,80000,150
Business,6,Yes,Yes,No,Apple,Mac,Omnivore,400,71,64,73,Male,11,Yes,Yes,7.9,Pop,3300,14,3.3,Yes,3,South,15,Instagram,Action,Netflix,7,1993,1886,125,250000,2000
CMS,4,No,Yes,No,Android,Other,Omnivore,100,71,67,71,Male,9.5,No,Yes,7,Rock and Metal,0,12,4,Yes,2,International,30,YouTube,Action,None,7.5,1983,1876,150,300000,0
Business,4,Yes,Yes,No,Apple,PC,Omnivore,70,76,70,72,Male,12,Yes,Yes,7.8,Country,1500,14,3.7,Yes,4,West,20,Instagram,Action,None,6,1987,1776,45,500000,500
Business,6,Yes,No,No,Apple,Other,Omnivore,50,66,63,75,Male,8,Yes,No,6.5,Pop,3548,12,3.8,Yes,4,West,6,Instagram,Drama,None,7,1985,1925,26,60000,100
Life,4,No,Yes,No,Apple,Other,Omnivore,40,74,64,70,Male,11.5,Yes,Yes,5.5,Country,3600,12,3.89,Yes,4,West,6,Instagram,Comedy,Netflix,5,1985,1865,420,200000,30
Business,4,Yes,Yes,Yes,Apple,Mac,Paleo,50,75,67,72,Male,10.5,Yes,Yes,7,Country,3600,12,3.98,Yes,3,West,10,YouTube,Action,None,8,1988,1876,180,350000,200
Business,8,Yes,No,No,Apple,Mac,Omnivore,50,72,67,72,Male,10,Yes,Yes,7.5,Country,2500,12,3.78,Yes,2,South,6,Instagram,Action,None,13,2001,1875,30,150,90
Life,4,No,Yes,Yes,Apple,Mac,Omnivore,75,70,59,66,Male,10,Yes,Yes,7.5,Pop,4065,17,4,Yes,2,South,25,Instagram,Action,Netflix,4,1991,1875,37,500000,150
Business,6,Yes,No,No,Apple,PC,Paleo,50,68,64,68,Male,10,Yes,Yes,6.5,Country,0,16,4,Yes,4,West,30,Instagram,Comedy,None,9,1925,1883,158,650000,1000
Business,8,Yes,No,No,Android,Other,Omnivore,5,62,66,70,Female,6.5,No,No,9,Pop,4000,16,3.7,No,3,South,3,YouTube,Action,None,7,1998,1930,75,113000,50
Business,4,Yes,Yes,No,Apple,Mac,Keto,75,73,67,72,Male,12,Yes,Yes,7,Other,1750,13,3.87,Yes,3,West,10,Instagram,Mystery,None,8,1987,1925,132,300000,100
Business,2,No,Yes,Yes,Apple,Mac,Omnivore,50,68,60,72,Male,9,Yes,Yes,8,Hip-hop and Rap,3500,18,3.99,Yes,3,West,8.5,Instagram,Action,Netflix,7,1993,1901,150,175000,100
Life,7,Yes,No,No,Apple,Mac,Omnivore,40,65,68,72,Female,9,Yes,No,8,Country,2500,15,3.9,No,5,West,25,Instagram,Romance,None,4,1950,1875,100,75000,20
Education,6,No,No,No,Android,Other,Omnivore,20,62,64,71,Female,8,No,No,7.5,Country,3500,12,3.95,Yes,6,West,20,YouTube,Action,None,8,1965,1875,50,50000,25
FHSS,8,No,No,No,Apple,Mac,Omnivore,45,64,68,69,Female,6,Yes,Yes,7,Hip-hop and Rap,2700,13,3.98,Yes,2,West,3,Tik Tok,Comedy,Apple TV,10,1989,1864,5000,100000,200
Life,5,Yes,No,No,Apple,Mac,Omnivore,75,65,63,70,Female,7.5,Yes,Yes,7,Pop,3548,15.5,3.95,No,4,International,25,Instagram,Action,Netflix,8,1984,1890,30,120000,100
FHSS,8,Yes,No,No,Apple,Mac,Paleo,50,68,68,76,Female,8,Yes,No,5,Other,3548,14,4,Yes,3,West,3.5,Tik Tok,Comedy,Netflix,6,2001,1875,1035,10000,200
Business,10,Yes,No,No,Apple,PC,Omnivore,25,71,64,71,Male,11,Yes,No,7,Country,2300,13,3.75,No,2,West,12,Instagram,Comedy,Netflix,8,1988,1875,750,120000,48
Education,8,Yes,No,No,Apple,Mac,Omnivore,15,67,64,71,Female,10,Yes,No,8,Pop,0,16,3.98,No,5,West,4,Instagram,Action,Netflix,14,1998,1875,392,80000,175
Business,4,No,Yes,No,Apple,Mac,Omnivore,100,77,70,74,Male,14,Yes,Yes,8.5,Country,0,13,3.9,Yes,4,West,10,Instagram,Action,None,10,1980,1966,140,300000,500
Engineering,4,Yes,No,No,Apple,Mac,Paleo,100,70,68,71,Male,10,Yes,Yes,7,Country,2000,12,4,Yes,3,West,4,Instagram,Action,Apple TV,7,1995,1874,30,150000,50
Business,4,Yes,No,Yes,Apple,Mac,Omnivore,150,76,70,73,Male,11.5,Yes,Yes,8,Pop,0,11,3,Yes,4,West,20,Instagram,Action,Netflix,5,1995,1876,100,400000,400
Life,4,No,No,No,Apple,Mac,Omnivore,120,75,69,72,Male,13,Yes,Yes,7.5,Rock and Metal,1200,15,3.83,Yes,3,West,11,YouTube,Action,Netflix,7,1920,1895,120,1000000,100
Life,5,Yes,No,Yes,Apple,Mac,Omnivore,40,70,65,70,Male,10,Yes,Yes,7,Country,3250,15,4,Yes,1,West,10,Instagram,Action,None,12,1999,1892,625,750000,50
Business,6,No,Yes,No,Apple,PC,Keto,40,64,64,66,Female,8.5,No,Yes,7,Pop,3500,12,3.54,Yes,5,West,9,Instagram,Romance,Netflix,9,1980,1940,3000,100000,200
CMS,2,No,Yes,No,Apple,Mac,Omnivore,150,72,65,74,Male,13,Yes,No,7,Other,3500,13.5,3.99,Yes,1,South,16,Instagram,Horror,Hulu,7,1994,1875,150,250000,200
Education,2,No,Yes,No,Apple,Mac,Paleo,100,64,63,73,Female,6,Yes,Yes,7,Country,0,18,3.85,Yes,4,West,12,Instagram,Romance,Netflix,7,2000,1880,30,75000,150
Business,8,Yes,No,No,Apple,Mac,Keto,70,69,68,71,Male,10.5,Yes,Yes,6.5,Country,2500,14,3.9,Yes,4,West,5,Instagram,Comedy,None,8,1950,1850,120,2000000,40
Life,4,No,No,No,Apple,Mac,Omnivore,35,70,67,74,Female,11,Yes,Yes,7,Pop,2548,14,4,Yes,3,West,15,Instagram,Drama,Netflix,8,1980,1880,25,300000,150
Life,5,No,No,No,Apple,Other,Omnivore,80,73,75,78,Female,6,No,No,7.5,Other,3000,15,4,Yes,3,West,10,Instagram,Comedy,None,7,1930,1900,200,45000,30
Life,8,Yes,No,No,Apple,Mac,Omnivore,30,62,65,71,Female,8,Yes,No,7,Country,3500,13,4,Yes,3,West,8,YouTube,Action,None,11,1995,1875,200,125000,100
Business,6,Yes,Yes,No,Apple,Mac,Omnivore,100,66,70,74,Female,9,Yes,No,8,Rock and Metal,3300,14,4,Yes,5,West,5,Instagram,Comedy,Hulu,6,1990,1875,20,120000,20
Business,5,No,Yes,Yes,Apple,PC,Omnivore,40,65,63,69,Female,8,Yes,Yes,6.5,Pop,0,15.5,4,Yes,2,Northeast,10,Instagram,Action,None,5,1997,1859,75,500000,150
Business,5,Yes,No,No,Apple,Mac,Omnivore,60,69,65,70,Male,9,Yes,Yes,7.5,Pop,1750,16,3.9,Yes,6,West,20,YouTube,Action,Netflix,9,1992,1935,500,600000,20
CMS,10,Yes,No,No,Apple,Mac,Omnivore,30,69,65,71,Male,10.5,Yes,Yes,7,Hip-hop and Rap,335,13.5,3.92,No,3,Northeast,9,Instagram,Action,Netflix,6.5,1982,1872,100,150000,0
Life,6,Yes,No,No,Apple,Mac,Omnivore,60,70,64,68,Male,9,Yes,Yes,7,Other,3200,13,3.8,No,2,West,8,Instagram,Action,Netflix,7,1985,1875,5000,300000,100
Education,8,Yes,Yes,No,Apple,Mac,Omnivore,50,65,65,70,Female,7.5,Yes,No,8,Country,2000,13.5,4,No,4,West,6,Tik Tok,Comedy,Hulu,7,1989,1875,2500,100000,500
Life,4,No,Yes,Yes,Apple,Other,Omnivore,25,64,64,69,Female,7,Yes,Yes,8,Pop,0,15,3.8,Yes,5,West,10,Tik Tok,Romance,None,7,2000,1968,25,120000,150
Nursing,8,Yes,No,No,Apple,Mac,Omnivore,40,64,66,69,Female,8,Yes,No,8,Country,4000,13,3.96,Yes,3,West,5,Instagram,Mystery,Netflix,10,2000,1890,50,200,200
Education,6,Yes,Yes,No,Apple,Mac,Omnivore,25,75,67,72,Male,12,Yes,Yes,8,Hip-hop and Rap,2000,14,4,No,6,West,10,Instagram,Action,Netflix,4,1995,1872,175,300000,25
CMS,4,Yes,No,No,Android,PC,Omnivore,30,68,67,68,Male,10,Yes,Yes,7,Country,800,17,3.9,Yes,4,South,40,YouTube,Horror,None,8,1984,1876,100,150000,200
CMS,4,No,Yes,No,Apple,Mac,Omnivore,100,75,69,73.5,Male,13,No,Yes,8,Other,0,14,4,Yes,3,West,10,YouTube,Action,None,10,1968,1875,300,150000,50
Life,6,No,No,No,Apple,Mac,Omnivore,150,72,63,72,Male,11,Yes,No,6.5,Other,1500,12,3.5,Yes,5,West,16,Instagram,Mystery,None,11,1999,1876,2500,300000,75
Engineering,5,Yes,No,No,Apple,PC,Omnivore,67,66,64,70,Male,10.5,Yes,Yes,8,Country,872,14.5,3.71,Yes,3,South,4.5,YouTube,Comedy,Apple TV,11,1995,1876,552,175000,500
Business,6,Yes,Yes,No,Apple,PC,Paleo,75,63,63,68,Female,8,Yes,Yes,9,Country,3500,15,3.6,Yes,4,West,15,Instagram,Romance,Netflix,6,1990,1875,80,300000,100
Business,3,Yes,Yes,Yes,Apple,PC,Omnivore,150,74.5,70,75,Male,12,Yes,Yes,7.5,Pop,3500,13,3.7,Yes,3,West,40,YouTube,Action,Apple TV,6,1986,1905,150,750000,500
Engineering,8,No,No,No,Android,PC,Omnivore,50,71,60,74,Male,10,No,No,8,Hip-hop and Rap,2600,7,4,No,3,West,15,YouTube,Mystery,Hulu,9,1983,1918,90,100000,250
Business,6,No,No,No,Apple,Other,Omnivore,40,73,67,73,Male,11.5,Yes,Yes,7,Rock and Metal,3500,14,3.6,No,3,West,10,Instagram,Action,Netflix,7,1972,1888,300,400000,300
Engineering,6,No,Yes,Yes,Apple,Mac,Omnivore,120,70,66,69,Male,9.5,Yes,Yes,7.5,Dance and Electronic Music,0,14.5,4,No,4,West,15,Instagram,Action,None,7,1950,1875,50,200000,200
Education,5,Yes,No,Yes,Android,PC,Omnivore,70,67,68,72,Female,7,Yes,Yes,7.5,Country,3548,16.5,3.8,Yes,3,West,12,Instagram,Romance,None,9.5,1995,1890,30,97000,50
CMS,8,Yes,Yes,No,Apple,Mac,Omnivore,70,66,67,72,Female,7,Yes,No,6.5,Rock and Metal,2500,15.5,4,Yes,6,Midwest,8,YouTube,Comedy,None,0,1963,1926,117,170000,20
Life,8,No,No,No,Apple,PC,Omnivore,50,71,69,76,Male,10.5,Yes,No,8,Other,1700,12,4,Yes,3,West,6,Instagram,Romance,Netflix,12,1990,1875,5280,100,25
Business,5,Yes,No,No,Apple,Mac,Paleo,80,68,64,76,Female,9,Yes,Yes,7,Country,3500,12,4,No,2,West,10,Instagram,Romance,Apple TV,10,1990,1875,1500,250000,100
CFAC,3,No,Yes,Yes,Apple,PC,Omnivore,40,64,64,75,Female,8,Yes,No,8,Other,0,14,3.89,Yes,4,West,12,Instagram,Romance,Netflix,8,1960,1870,100,100000,50
Life,7,Yes,No,No,Apple,Mac,Omnivore,100,67,70,75,Female,9.5,Yes,Yes,5,Hip-hop and Rap,8000,14,4,No,2,West,10,Snapchat,Comedy,Netflix,8,1998,1930,300,300000,100
FHSS,8,Yes,No,No,Android,Other,Omnivore,50,67,64,70,Female,7.5,Yes,No,6.5,Pop,3500,13.5,4,No,5,South,15,Instagram,Romance,Netflix,8,1982,1890,790,120000,20
Engineering,5,No,Yes,No,Apple,PC,Omnivore,125,69,57,71,Male,11,No,Yes,7.75,Rock and Metal,0,12.5,3.8,No,0,Northeast,20,YouTube,Action,None,8,1985,1875,300,150000,250
Life,2,No,Yes,No,Apple,Mac,Omnivore,150,72,66,68,Male,10.5,Yes,Yes,6,Pop,0,12,4,Yes,2,West,15,Instagram,Action,Netflix,8,1985,1873,50,600000,100
Life,8,No,No,No,Apple,Mac,Omnivore,50,63,66,69,Female,7,Yes,No,8,Country,3500,15,3.85,Yes,9,South,10,Instagram,Fantasy,Netflix,7,1975,1875,100,100000,100
CMS,6,Yes,No,No,Apple,Mac,Omnivore,50,72,62,74,Male,10.5,No,No,8.5,Rock and Metal,1700,14,4,No,2,South,25,YouTube,Comedy,Apple TV,10,1986,1875,58,150000,20
Education,4,Yes,No,No,Apple,Mac,Omnivore,60,66,62,69,Female,6.5,Yes,Yes,7.18,Pop,3500,15,4,Yes,2,West,6,Instagram,Romance,Hulu,10,1990,1855,60,130000,250
CMS,5,No,No,No,Android,PC,Omnivore,80,72,70,66,Male,10,Yes,No,8,Pop,1700,14.5,4,Yes,4,Midwest,30,Instagram,Fantasy,None,8,1980,1880,300,100000,0
Nursing,8,No,No,No,Apple,PC,Omnivore,20,62,60,70,Female,6,Yes,No,4,Country,3500,13,3.98,Yes,2,South,3,Instagram,Action,Netflix,6,1980,1975,400,100000,50
Business,7,Yes,No,No,Apple,PC,Omnivore,30,70,68,70,Male,10,Yes,Yes,7,Rock and Metal,0,13.5,4,No,5,West,5,Instagram,Comedy,None,12,1989,1876,30,300000,250
Education,5,Yes,No,No,Apple,Mac,Omnivore,35,64,63,74,Female,8.5,Yes,Yes,6.5,Dance and Electronic Music,0,13,3.8,Yes,9,Northeast,10,Instagram,Romance,None,11,1987,1876,104,75000,50
Business,8,Yes,Yes,No,Apple,Mac,Omnivore,50,76,67,73,Male,11,Yes,Yes,8,Country,0,14,4,Yes,4,West,15,YouTube,Action,Hulu,11,1987,1875,450,500000,125
Life,4,No,Yes,No,Apple,PC,Omnivore,70,72,64,74,Male,12,Yes,Yes,6.8,Country,0,16,4,Yes,2,West,24,Instagram,Action,Apple TV,11,1975,1875,1000,600000,250
Business,6,No,No,Yes,Apple,Mac,Omnivore,85,70,61,72,Male,9,Yes,Yes,7,Other,3500,14,3.81,Yes,3,West,35,Instagram,Action,Netflix,9,1955,1902,70,500000,300
FHSS,8,Yes,No,No,Apple,PC,Omnivore,20,68.5,69.5,72,Female,9,Yes,Yes,6,Other,3000,14,4,No,5,West,15,Instagram,Action,Netflix,6.5,1970,1876,300,150000,5
CFAC,2,Yes,No,No,Apple,Mac,Omnivore,20,63,64,70,Female,7.5,Yes,Yes,7,Pop,1774,17.5,4,Yes,3,Northeast,20,Instagram,Comedy,None,13,2001,1875,40,500000,100
Business,8,Yes,Yes,No,Apple,PC,Omnivore,200,69,63,73,Male,10,Yes,Yes,7,Pop,3500,15,3.95,Yes,1,South,18,YouTube,Action,Hulu,11,1990,1876,65,200000,100
CMS,6,Yes,No,No,Android,PC,Omnivore,30,71,67,67,Male,10,Yes,No,7,Other,3548,13,4,Yes,3,Midwest,15,Instagram,Action,None,0,1970,1875,400,110000,10
Life,2,No,Yes,Yes,Android,PC,Paleo,60,71,64,70,Male,11,Yes,Yes,7.5,Other,0,16,4,Yes,4,West,30,YouTube,Action,None,9,1970,1860,400,600000,10
CFAC,2,No,Yes,Yes,Apple,PC,Omnivore,100,62.4,62.4,70,Female,6,No,No,9,Other,0,13,3.8,Yes,3,West,8,Instagram,Fantasy,HBO Max,11,1990,1875,50,100000,100
Life,4,Yes,Yes,No,Android,Other,Omnivore,50,68,65,72,Female,9,Yes,No,8,Other,0,13,4,Yes,4,West,15,Facebook,Action,None,7,2001,1875,8880,40000,20
Life,6,No,No,No,Apple,PC,Omnivore,40,69,66,74,Male,9.5,Yes,No,6.5,Country,1750,15.5,4,Yes,3,West,6,Instagram,Action,None,12,1996,1875,40,150000,1
FHSS,5,No,No,Yes,Apple,Mac,Omnivore,50,62,65,68,Female,6.5,Yes,No,8,Other,500,17,4,Yes,3,International,4,Instagram,Foreign,None,3,1970,1876,200,300000,100
Nursing,8,Yes,No,No,Apple,Mac,Keto,100,68,65,70,Female,8.5,Yes,No,6.5,Country,3600,13.5,3.79,No,3,West,15,Snapchat,Romance,Netflix,8,1995,1885,3000,500000,500
Education,6,Yes,No,No,Apple,Other,Omnivore,50,66,67,74,Female,8.5,Yes,No,8,Pop,0,13,4,No,3,West,28,YouTube,Romance,Netflix,8,1990,1975,300,50000,100
Life,6,Yes,Yes,No,Apple,Other,Omnivore,40,62,59,70,Female,6,Yes,No,7,Country,7000,12,4,Yes,3,West,15,Instagram,Action,Netflix,6,1900,1950,50,115000,100
Life,6,Yes,Yes,No,Apple,Mac,Vegetarian,50,67,69,76,Female,9,Yes,Yes,7.5,Rock and Metal,6000,14,3.9,Yes,3,West,25,Instagram,Romance,HBO Max,7,2002,1876,500,400000,1000
Engineering,7,Yes,No,No,Apple,Mac,Omnivore,20,59,60,71,Female,7,Yes,No,7,Hip-hop and Rap,3000,16,3.97,No,3,West,5,Instagram,Romance,Netflix,8,2010,1924,40,800000,200
FHSS,6,No,No,No,Android,PC,Omnivore,50,67,65,67,Male,8.5,No,No,6.75,Rock and Metal,0,14,3.9,Yes,1,South,30,Instagram,Drama,None,6,1975,1876,25,200000,0
Education,5,No,Yes,No,Apple,Mac,Vegetarian,50,63,64,70,Female,8,Yes,No,8.5,Pop,3400,13,3.75,No,2,International,20,Instagram,Comedy,Netflix,9,1997,1876,150,100000,100
Business,8,Yes,No,No,Apple,Mac,Omnivore,100,71,67,72,Male,12,Yes,Yes,7,Country,5000,14,3.8,No,4,West,14,Instagram,Comedy,Netflix,11,1968,1885,22,500000,100
Engineering,5,No,No,No,Apple,PC,Omnivore,50,72,69,80,Female,11,No,Yes,7,Pop,3584,12,3.87,No,6,West,30,Tik Tok,Comedy,None,10,1985,1900,20,250000,200
FHSS,5,Yes,No,No,Apple,Mac,Omnivore,50,68,69.5,71.75,Female,8,Yes,No,7,Other,3500,14,3.94,Yes,3,International,20,Instagram,Mystery,Netflix,8,1953,1875,70,165000,25
Life,5,Yes,No,No,Apple,PC,Omnivore,65,67,62,67,Male,8,Yes,No,7,Other,2500,15,4,Yes,3,West,12,YouTube,Foreign,None,5,1995,1875,300,275000,800
Business,6,Yes,No,No,Apple,PC,Omnivore,75,72,72,75,Male,10.5,Yes,Yes,7,Other,3200,14.5,3.68,No,5,West,4.5,Instagram,Action,None,6,1971,1845,450,400000,50
Business,8,Yes,No,No,Apple,Mac,Omnivore,50,73,67,72,Male,11.5,Yes,Yes,8,Other,1500,15,3.98,No,4,West,15,Instagram,Comedy,Hulu,10,1975,1875,150,500000,10
Engineering,5,Yes,No,No,Apple,PC,Omnivore,75,68,61.5,73,Male,8.5,Yes,Yes,7.5,Country,3000,15,3.89,Yes,2,West,30,YouTube,Action,Netflix,8,1975,1885,300,500000,200
Business,4,Yes,Yes,No,Apple,Mac,Omnivore,90,68,70,77,Female,10,No,Yes,7.5,Pop,3500,14,3.9,Yes,2,West,10,Instagram,Action,Hulu,7,1970,1972,48,100000,200
CFAC,8,No,Yes,No,Apple,Mac,Omnivore,250,71,67,73,Female,12,Yes,No,5.5,Other,3700,14,3.5,No,7,West,10.5,Facebook,Romance,Netflix,15,1990,1879,125,150000,1000
Business,8,Yes,Yes,No,Apple,Mac,Omnivore,50,73,69,70,Male,10.5,Yes,Yes,8,Pop,3500,14,4,Yes,3,West,40,YouTube,Mystery,Apple TV,4,1991,1870,200,250,100
CFAC,6,Yes,Yes,No,Apple,Mac,Omnivore,50,61.5,65,65,Female,5.5,Yes,No,6.5,Other,3000,13,3.87,Yes,3,International,22,Instagram,Comedy,Netflix,7,1940,1876,112,100000,660
Engineering,6,No,No,No,Apple,Other,Omnivore,50,72,62,69,Male,11.5,Yes,Yes,8,Other,3444,11.5,4,No,2,West,25,YouTube,Foreign,None,6,1965,1875,350,150000,100
Business,8,Yes,Yes,Yes,Apple,Mac,Omnivore,60,69,63,71,Male,9,Yes,Yes,7,Pop,0,15,2.76,Yes,4,International,25,Facebook,Comedy,None,12,1989,1865,200,500000,300
Business,8,Yes,Yes,No,Apple,PC,Omnivore,130,64,67,71,Female,5.5,No,Yes,6,Pop,3548,13,3.9,Yes,1,West,20,Tik Tok,Drama,Netflix,5,1990,1876,500,80000,50
Humanities,6,No,No,No,Apple,Mac,Omnivore,40,66,61,73,Female,9,Yes,No,7,Other,3000,12,4,Yes,3,Midwest,12,Instagram,Fantasy,HBO Max,11,1998,1875,200,150000,200
CFAC,4,No,Yes,Yes,Apple,PC,Omnivore,50,67,65,74,Female,6,Yes,Yes,7.5,Other,0,14,4,Yes,4,West,9,Instagram,Romance,None,8,1980,1890,50,160000,200
Business,4,No,Yes,No,Apple,Other,Omnivore,100,63,63,71,Female,7,Yes,Yes,7,Other,3000,15,4,Yes,4,South,10,Instagram,Comedy,None,7,1954,1871,204,200000,400
Engineering,6,No,Yes,No,Apple,Mac,Omnivore,175,70,62,69,Male,11,Yes,Yes,7,Other,0,13.5,3.2,Yes,5,International,20,YouTube,Foreign,Apple TV,11,1980,1886,500,175000,20
Nursing,7,Yes,No,No,Android,Other,Vegetarian,0,63,66,71,Female,6,No,No,7,Country,1774,13,4,Yes,4,South,16,Facebook,Romance,None,8,1985,1875,800,200000,30
Business,7,Yes,No,No,Apple,PC,Omnivore,80,75,67,70,Male,12,Yes,No,6.75,Country,3500,14,3.95,Yes,3,Northeast,24,YouTube,Fantasy,None,10,1970,1865,285,300000,350
Life,7,Yes,No,No,Apple,Mac,Omnivore,20,64,64,72,Female,7,Yes,No,7,Pop,2800,12.5,3.97,No,4,West,8,Instagram,Romance,Netflix,8,1990,1875,30,76400,100
Business,7,Yes,No,No,Apple,Mac,Omnivore,50,68,64,70,Male,8,No,No,8,Other,1000,14,3.99,Yes,2,West,10,Tik Tok,Action,Netflix,10,1950,1876,300,200000,500
Business,6,Yes,Yes,Yes,Apple,Mac,Omnivore,50,68,63,73,Female,9,Yes,Yes,8,Country,3548,14,3.86,No,3,West,8,Instagram,Romance,None,11,1995,1875,400,150000,100
CMS,6,Yes,Yes,No,Android,Other,Omnivore,50,69,62,74,Male,10,Yes,Yes,7.5,Rock and Metal,0,14.5,3.92,Yes,4,Midwest,10,YouTube,Comedy,None,7,1972,1875,65,120000,200
Engineering,6,Yes,Yes,No,Android,PC,Omnivore,40,71,69,74,Male,12,No,Yes,7,Pop,3500,16.5,3.9,Yes,4,South,20,YouTube,Action,None,11,2001,1875,169,350000,20
Business,8,Yes,No,No,Apple,PC,Omnivore,100,67,62,73,Female,7.5,Yes,Yes,8,Rock and Metal,7000,13,4,No,5,Northeast,20,Tik Tok,Romance,Netflix,10,1975,1890,300,130000,100
Life,5,Yes,Yes,No,Apple,PC,Omnivore,10,69,66,74,Female,8,Yes,No,8.5,Other,1744,14,4,No,4,International,7,Instagram,Romance,Netflix,6,1992,1875,1100,100000,50
Engineering,8,Yes,No,No,Apple,PC,Omnivore,190,69,65,74,Female,10,Yes,Yes,7,Pop,1000,13.5,4,No,4,South,20,Instagram,Action,Hulu,7,1999,1875,350,600000,300
Life,7,No,No,No,Apple,Mac,Omnivore,60,74,66,70,Male,12,Yes,No,6.5,Country,500,12,3.2,Yes,2,West,6,Instagram,Action,Hulu,8,1979,1885,250,800000,100
Life,2,Yes,Yes,No,Apple,Mac,Omnivore,150,70,66,70,Male,10,Yes,Yes,7.5,Country,1700,15,4,Yes,6,West,30,YouTube,Comedy,None,7,1980,1926,150,800000,100
Life,4,No,Yes,No,Apple,Mac,Vegetarian,20,68.25,67,72,Female,10.5,Yes,Yes,8,Pop,3548,16,4,No,5,West,30,Instagram,Action,Apple TV,5,1970,1880,280,120000,20
Life,5,No,No,No,Apple,PC,Omnivore,65,65,59,75,Female,9,Yes,No,6.5,Pop,1750,15,4,Yes,2,South,12,Tik Tok,Drama,Netflix,7,1975,1885,400,100000,50
Engineering,5,No,No,No,Apple,Mac,Omnivore,50,69,67,76,Female,8.5,Yes,Yes,8,Pop,3600,12.5,3.98,Yes,4,West,40,Tik Tok,Horror,Hulu,9.5,1980,1775,150,250000,300
Engineering,8,Yes,Yes,No,Apple,Mac,Omnivore,20,71,73,70,Male,11,Yes,No,7,Country,3548,13,3.97,Yes,5,West,5,Instagram,Action,Netflix,5,2002,1886,5256,250000,250
Business,5,Yes,Yes,Yes,Apple,Mac,Omnivore,50,64,63,76,Female,8,Yes,Yes,7,Pop,1700,12,3.8,Yes,3,West,20,Tik Tok,Fantasy,Netflix,9,1985,1876,60,140000,200
Education,8,Yes,No,No,Android,PC,Omnivore,35,61,63,69,Female,6,Yes,No,7,Pop,300,13,4,No,5,Midwest,7,Instagram,Romance,Netflix,0,1962,1876,30,150000,20
Life,4,Yes,Yes,No,Apple,Mac,Omnivore,75,74,69,74,Male,12,Yes,No,7,Hip-hop and Rap,3000,12,4,No,3,West,25,YouTube,Action,None,6,1995,1876,350,500000,500
Nursing,8,Yes,No,Yes,Apple,Other,Omnivore,15,64,64,70,Female,6,No,No,5,Rock and Metal,0,15,3.9,Yes,3,South,15,Instagram,Romance,Hulu,8,1985,1875,300,90000,200
Business,8,Yes,No,No,Apple,PC,Omnivore,20,65,60,72,Female,6.5,Yes,No,6.5,Pop,3548,14,3.9,Yes,2,South,5,YouTube,Drama,Netflix,10,1955,1875,350,70000,100
Business,6,Yes,Yes,No,Apple,Mac,Omnivore,50,67,62,69,Female,9,Yes,Yes,7.5,Pop,0,14,4,Yes,4,South,16,Instagram,Action,None,0,1980,1870,85,150000,50
Business,8,No,No,No,Apple,Mac,Omnivore,50,63,64,72,Female,8,Yes,Yes,8,Pop,4000,13,3.9,No,5,West,25,Tik Tok,Romance,Netflix,10,1975,1880,400,150000,50
Life,4,No,No,Yes,Apple,Mac,Omnivore,20,65,68,71,Female,7.5,Yes,Yes,8.5,Pop,0,17,4,No,4,West,20,YouTube,Romance,Netflix,10,1990,1926,100,300000,50
Humanities,4,No,Yes,No,Apple,Mac,Omnivore,65,71,67,68,Male,11,No,Yes,4,Other,0,14,4,Yes,3,West,22,YouTube,Mystery,Netflix,10,1989,1876,2000,95000,200
Nursing,6,No,No,No,Apple,Mac,Omnivore,50,64,67,73,Female,8.5,Yes,No,7,Country,3500,14,3.8,No,4,West,4,Tik Tok,Romance,None,8,1950,1775,50,220000,100
CMS,8,Yes,No,No,Android,PC,Omnivore,30,68.5,62,70,Male,9,Yes,No,7,Pop,0,14,4,Yes,4,West,15,Facebook,Fantasy,None,9,1990,1875,300,150000,20
CFAC,8,Yes,No,No,Apple,Mac,Omnivore,100,66,67,72,Female,8,Yes,Yes,7,Pop,0,13,4,Yes,3,South,10,Instagram,Romance,Netflix,10,1930,2005,100,100000,100
Business,6,Yes,No,No,Apple,Mac,Omnivore,60,64,62,72,Female,7,Yes,Yes,7,Pop,3500,13,4,Yes,7,South,4,Tik Tok,Romance,None,8,1960,1876,100,80000,100
Life,8,Yes,No,No,Apple,Mac,Omnivore,105,65,63,71,Female,6.5,Yes,No,7,Country,1722,14.5,4,No,3,West,23,Tik Tok,Romance,Netflix,8,1992,1876,400,90000,100
CFAC,5,No,Yes,No,Apple,Mac,Omnivore,30,67,65,72,Female,6.5,Yes,Yes,9,Rock and Metal,3000,14,3.99,Yes,3,West,10,Tik Tok,Horror,Netflix,7,1992,1915,22,150,40
CMS,7,No,No,No,Apple,PC,Omnivore,150,69,69,69,Female,8,Yes,Yes,6.5,Other,3444,17,3.8,Yes,3,West,22,YouTube,Drama,Netflix,10,1997,1875,250,150000,500
Engineering,6,Yes,No,No,Apple,Mac,Omnivore,50,68,65,65,Male,8,Yes,Yes,6,Hip-hop and Rap,3600,14.5,3.7,Yes,3,West,6,Instagram,Action,Netflix,6,1999,1888,10,100000,50
Life,8,Yes,No,No,Apple,Mac,Paleo,100,70,64,67,Male,10,Yes,No,6,Pop,1699,15,4,No,3,South,9,YouTube,Action,None,11,1985,1876,1300,400000,2000
Nursing,4,Yes,No,No,Apple,Mac,Omnivore,70,64,67,71,Female,8,Yes,Yes,7.5,Country,3300,15,3.9,No,2,South,12,Instagram,Comedy,Apple TV,10,1995,1905,100,100000,300
Business,8,Yes,No,No,Apple,Mac,Omnivore,50,67,66,71,Female,8,Yes,No,7.5,Country,3548,15,4,No,3,West,4,YouTube,Comedy,Hulu,8,1992,1875,60,150000,50
Life,6,Yes,No,No,Apple,Mac,Omnivore,75,62,63.5,70,Female,5,Yes,Yes,7,Pop,3400,12,4,Yes,2,South,15,Instagram,Romance,Netflix,11,1950,1890,50,800000,500
Business,2,No,Yes,Yes,Android,PC,Vegetarian,75,68,67,76,Female,9,Yes,Yes,7.5,Pop,1500,15.5,3.97,Yes,7,West,25,Instagram,Romance,None,7,1995,1885,200,70000,50
Business,4,Yes,Yes,No,Apple,Mac,Paleo,140,72,68,72,Male,10,Yes,Yes,6,Pop,3500,13.5,3.95,Yes,4,Midwest,6,Instagram,Mystery,Apple TV,9,1994,1875,60,500000,1500
Business,9,No,No,No,Apple,Mac,Omnivore,120,76,68.5,73,Male,11.5,Yes,Yes,8,Country,3600,14,4,No,3,West,24,Instagram,Comedy,Apple TV,8,1980,1920,500,1000000,100
Business,6,No,Yes,No,Apple,Mac,Omnivore,105,69,60,67,Male,10,Yes,Yes,6.5,Pop,3548,12,4,Yes,3,International,7.5,YouTube,Comedy,Hulu,7,1998,1888,120,150000,30
FHSS,7,Yes,Yes,No,Apple,Mac,Keto,30,70,70,76,Female,10,Yes,No,6,Country,700,13,3.96,Yes,4,West,5,Instagram,Romance,Netflix,8,2003,1876,40,100000,100
Life,5,Yes,Yes,No,Apple,Mac,Omnivore,100,70,68,69,Male,10,No,Yes,8,Rock and Metal,3900,13,3.9,Yes,3,South,20,Facebook,Action,Netflix,8,1991,1848,2000,500000,300
Engineering,4,No,No,No,Apple,Mac,Omnivore,75,67,61,68,Male,8,Yes,Yes,7.5,Other,1500,13.5,4,No,3,West,10,Instagram,Comedy,None,9,2002,1876,1900,2000000,12
Engineering,5,No,Yes,No,Android,PC,Omnivore,100,72,68,70,Male,10.5,Yes,No,7.5,Rock and Metal,0,14,3.8,Yes,5,West,20,Instagram,Comedy,None,7.5,1979,1910,600,150000,100
CMS,5,Yes,No,No,Android,Other,Omnivore,30,62.4,63,72,Female,9,No,No,7,Rock and Metal,1800,15,4,No,4,West,16,YouTube,Romance,Netflix,12,1966,1875,10,70000,5
Business,6,Yes,No,No,Apple,Mac,Omnivore,80,73,68,75,Male,10.5,Yes,Yes,7.5,Rock and Metal,0,14,4,No,3,West,16,Instagram,Mystery,Hulu,5,1985,1860,150,500000,150
CMS,8,Yes,No,No,Apple,PC,Omnivore,70,74,64,67,Male,10.5,Yes,Yes,7,Rock and Metal,0,13.5,4,Yes,6,West,14,YouTube,Fantasy,Netflix,4,1998,1875,400,100000,350
Nursing,4,No,Yes,No,Apple,Mac,Omnivore,70,69,64,71,Male,9,Yes,Yes,6.5,Country,0,15.5,4,Yes,4,Midwest,5,Instagram,Drama,Apple TV,7,1990,1875,40,500000,50
Business,6,No,No,No,Apple,PC,Omnivore,150,73,61,74,Male,11,No,Yes,6,Other,3500,12,3.8,No,2,West,3,YouTube,Mystery,Netflix,5,1989,1876,436,250000,2000
Business,4,No,No,No,Apple,Mac,Keto,200,63,57,70,Female,6,Yes,Yes,7,Pop,0,12,3.6,Yes,3,West,15,Instagram,Romance,None,8,2008,1877,40,100000,100
Engineering,5,No,Yes,No,Apple,PC,Omnivore,50,70,63,77,Male,9.5,No,No,6,Other,0,15,3.98,Yes,2,West,15,Facebook,Fantasy,None,9,1995,1875,500,150000,100
Business,6,Yes,Yes,No,Apple,Mac,Omnivore,40,72,69,70,Male,12,Yes,Yes,7,Dance and Electronic Music,3440,12,3.85,Yes,4,West,10,Instagram,Action,None,12,1964,1875,50,120000,150
CFAC,2,No,Yes,No,Apple,Mac,Omnivore,80,70,66,72,Male,8.5,Yes,No,6.5,Dance and Electronic Music,3500,14,3.9,Yes,3,West,5,YouTube,Drama,None,5,1987,1896,150,200000,300
Life,5,Yes,Yes,Yes,Apple,PC,Omnivore,100,70,64,72,Male,10.5,Yes,No,7,Country,3500,15,3.8,Yes,3,West,35,Instagram,Comedy,Netflix,12,1970,1875,500,75000,40
Engineering,5,No,No,Yes,Apple,Mac,Omnivore,120,67,67,70,Male,8,Yes,Yes,8,Hip-hop and Rap,1000,12.5,3.9,No,4,South,11,Instagram,Action,Netflix,7,2001,1890,247,250000,350
Business,5,Yes,Yes,Yes,Apple,Mac,Omnivore,200,68,62,67,Male,10.5,No,Yes,7,Classical,3300,14,3.95,Yes,3,West,25,Instagram,Action,Netflix,4,1982,1875,300,140000,250
Engineering,7,Yes,Yes,No,Apple,Other,Omnivore,87.5,63,64,67,Female,7.5,Yes,Yes,7,Country,3698,13,3.87,No,4,South,35,Facebook,Mystery,None,12,1998,1875,85,110000,625
Education,8,Yes,Yes,No,Apple,Mac,Omnivore,120,63,62,68,Female,6,Yes,No,6,Pop,3600,16,4,No,4,West,12,Tik Tok,Comedy,Netflix,10,1975,1875,100,60000,20
Life,6,No,Yes,No,Apple,Other,Omnivore,50,67.75,65,74,Female,9,Yes,No,8,Country,0,17,4,Yes,2,South,8,Instagram,Mystery,Apple TV,5,1996,1946,30,265000,500
FHSS,5,No,No,No,Apple,Mac,Omnivore,150,68,64,73,Female,9,No,No,6,Other,3500,15,3.6,Yes,4,South,15,YouTube,Foreign,Apple TV,6,1960,1875,300,165000,100
Business,6,No,No,Yes,Apple,Mac,Omnivore,100,70,64,68,Male,9,Yes,Yes,7,Dance and Electronic Music,3580,12,3.5,Yes,3,West,15,Instagram,Comedy,Netflix,8.5,1995,1867,56,2000000,300
CMS,5,Yes,No,No,Apple,Other,Vegetarian,30,68,70,73,Female,8,Yes,No,8,Classical,3500,16,3.98,No,3,West,25,YouTube,Action,None,8,1985,1875,3500,200000,500
Life,8,Yes,No,No,Apple,Mac,Omnivore,50,63,70,71,Female,8,No,No,7.5,Pop,3500,13,3.9,Yes,2,South,10,Instagram,Comedy,HBO Max,9,1981,1875,50,220000,20
Business,8,Yes,No,No,Apple,Mac,Omnivore,50,66,65,70,Female,9,Yes,No,8.5,Pop,1500,15,4,No,2,Northeast,6,Tik Tok,Romance,Netflix,10,1993,1887,250,250000,250
Business,8,Yes,No,No,Apple,Other,Omnivore,50,71,69,70,Male,9.5,Yes,No,6.5,Other,3500,16,3.8,No,5,International,5,YouTube,Horror,None,6,1960,1876,250,200000,20
Engineering,8,Yes,No,Yes,Apple,PC,Omnivore,50,75,64,66,Male,11,No,Yes,7,Country,0,12,3.5,Yes,5,West,9,Instagram,Fantasy,None,6,1970,1875,100,150000,500
FHSS,8,Yes,No,No,Apple,Mac,Keto,80,67,69,69,Female,10,Yes,Yes,8.5,Other,3178,13,3.9,Yes,3,West,14,Instagram,Action,Netflix,8,1975,1876,30,120000,100
Nursing,5,Yes,Yes,No,Apple,PC,Omnivore,100,75,63,68,Male,11,Yes,Yes,8,Rock and Metal,3548,16,4,Yes,8,International,15,Instagram,Mystery,None,2,1980,1906,26,250000,100
Nursing,7,No,No,No,Apple,Other,Omnivore,50,69.75,66.5,75.75,Female,10.5,No,Yes,7.5,Pop,0,15,3.94,No,4,West,30,Tik Tok,Fantasy,Netflix,11,1975,1875,500,120000,200
Business,2,No,No,Yes,Apple,Mac,Paleo,100,68,62,67,Male,10,Yes,Yes,7.5,Other,0,15,4,Yes,3,West,3,Instagram,Mystery,Apple TV,8,1966,1901,140,200000,150
Life,6,No,No,No,Apple,Mac,Omnivore,35,70,66,75,Female,9,Yes,No,8,Pop,2000,16,3.9,No,3,West,35,Instagram,Action,Netflix,8,1998,1875,130,130000,100
CFAC,6,No,Yes,No,Apple,Mac,Omnivore,30,66.5,67,75,Female,8.5,Yes,Yes,6,Other,3500,14,4,Yes,7,West,4,Instagram,Comedy,None,8,1976,1860,60,250000,20
Business,4,Yes,Yes,No,Apple,PC,Omnivore,75,71,68,71,Male,11,Yes,Yes,8.5,Country,1750,15,3.98,No,2,West,30,Instagram,Horror,Hulu,7,1980,1875,150,300000,800
Life,8,Yes,No,No,Apple,Other,Omnivore,20,66,66,70,Female,7.5,Yes,Yes,7.5,Pop,3000,12,4,Yes,1,Northeast,3,Tik Tok,Fantasy,Netflix,7,1989,1870,180,75000,45
Engineering,6,Yes,No,No,Apple,PC,Omnivore,50,72,70,70,Male,12,Yes,Yes,7,Rock and Metal,0,14.5,3.9,Yes,5,West,15,YouTube,Action,None,6,1972,1875,5600,200000,50
Life,5,Yes,No,No,Apple,Other,Omnivore,45,67.75,66,70,Female,8,No,Yes,7,Other,0,15,4,Yes,2,South,35,Instagram,Action,Netflix,11,1980,1880,100,100000,10
Nursing,7,Yes,Yes,No,Apple,Mac,Omnivore,100,63,65,70,Female,7,Yes,No,7,Pop,3500,13,4,Yes,3,South,10,Instagram,Romance,Netflix,12,2002,1904,30,500000,25
Business,4,No,Yes,No,Apple,Mac,Omnivore,100,68,64,68,Male,9.5,Yes,Yes,7.5,Country,0,18,3.93,Yes,3,West,20,Facebook,Action,Netflix,10,1999,1935,15,500000,50
Business,8,Yes,No,No,Apple,Other,Omnivore,100,71,62,71,Male,9.5,Yes,Yes,7,Hip-hop and Rap,2600,12,3.4,Yes,7,West,2,Tik Tok,Horror,None,8,1999,1875,2000,150000,500
Engineering,4,Yes,No,Yes,Apple,Mac,Vegan,50,72,69,71,Male,10.5,Yes,Yes,7,Other,3300,12.5,4,No,5,West,24,YouTube,Action,None,7,1986,1892,105,250000,300
CFAC,8,Yes,No,No,Apple,Other,Vegetarian,30,60,65,66,Female,5,Yes,Yes,5,Pop,4000,14,4,Yes,2,West,2,Instagram,Action,Netflix,10,1950,1880,400,90000,20
Engineering,6,No,No,No,Apple,PC,Omnivore,75,68,62,70,Male,10,Yes,Yes,7,Other,3500,15,3.4,Yes,2,South,4,YouTube,Mystery,None,10,1995,1896,67,300000,3000
Humanities,3,Yes,No,No,Apple,Mac,Omnivore,100,68,64,68,Male,8,Yes,No,7,Country,0,16,3.98,No,7,International,10,YouTube,Action,None,0,1992,1876,100,110000,0
CMS,8,Yes,No,No,Apple,Mac,Omnivore,80,73,66,72,Male,10.5,Yes,No,6.5,Rock and Metal,0,16,4,Yes,4,Northeast,7,Twitter,Mystery,Apple TV,13,1993,1876,67,120000,5
Business,8,Yes,Yes,No,Apple,Mac,Omnivore,90,74,67,69,Male,12,Yes,No,6.5,Hip-hop and Rap,3500,13,3.8,No,3,Northeast,9.8,Instagram,Action,None,12,1991,1875,360,135000,300
Business,6,Yes,No,No,Apple,Mac,Omnivore,70,67,64,71,Female,8.5,Yes,No,6.5,Other,3548,12.5,4,No,2,International,22,Instagram,Romance,None,8,1954,1925,120,120000,75
Business,8,Yes,No,No,Android,Mac,Omnivore,50,78,68,74,Male,14,Yes,No,7,Classical,3548,13,3.9,Yes,4,West,14,Facebook,Action,None,7,1996,1875,120,120000,140
Humanities,2,No,Yes,Yes,Apple,Mac,Omnivore,100,60,62,68,Female,4.5,No,No,7.5,Dance and Electronic Music,0,15,4,Yes,9,International,16,YouTube,Romance,None,8,2007,1875,5000,90000,100
Engineering,6,Yes,Yes,No,Apple,PC,Omnivore,50,75,72,73,Male,12,Yes,Yes,7,Pop,0,12,4,Yes,5,South,6,YouTube,Action,None,5,1990,1860,300,200000,10
CFAC,3,No,No,Yes,Apple,Mac,Omnivore,50,72,63,75,Male,12,No,No,7,Hip-hop and Rap,3700,15,2.3,No,2,West,15,YouTube,Horror,HBO Max,7,1989,1926,80,100000,800
Life,1,Yes,No,No,Apple,PC,Omnivore,100,61,64,68,Female,7,Yes,No,7,Pop,4000,9,3.8,No,5,West,4,Tik Tok,Horror,Netflix,8,1980,1906,100,200000,50
Life,5,No,No,No,Apple,Other,Omnivore,90,69,60,62,Male,9.5,No,No,7,Country,3548,15,4,Yes,8,West,10,Instagram,Action,None,5,1991,1894,50,500000,1200
Life,4,Yes,No,No,Apple,Mac,Omnivore,50,63,61,69,Female,9.5,No,No,6,Pop,2000,15,4,Yes,3,West,15,Tik Tok,Horror,None,6,1985,1840,100,80000,75
Engineering,4,No,Yes,Yes,Apple,Mac,Omnivore,200,72,73,64,Male,10.5,No,Yes,8,Hip-hop and Rap,3500,12,4,Yes,3,Northeast,30,Instagram,Comedy,Netflix,11,1970,1940,20,275000,750
Life,2,Yes,Yes,No,Apple,Mac,Keto,50,65,67,72,Female,8.5,Yes,Yes,7,Country,3000,13,3.98,Yes,3,West,5,Instagram,Romance,None,10,1987,1875,300,90000,0
Engineering,4,No,No,No,Apple,PC,Omnivore,60,68,71,70,Female,9,Yes,No,7,Pop,1700,13,4,Yes,6,West,18,Facebook,Romance,None,6,1966,1875,300,115000,10
Life,8,Yes,No,Yes,Android,Other,Omnivore,40,74,68,74,Male,12,No,No,6,Rock and Metal,3548,16,4,Yes,4,West,6,Instagram,Action,None,8.5,1986,1864,265,560000,200
Business,4,Yes,Yes,No,Apple,Mac,Omnivore,125,76,67,71,Male,11,Yes,Yes,7.5,Hip-hop and Rap,1300,16,4,Yes,3,Northeast,45,Instagram,Comedy,Netflix,9,1988,1876,50,1000000,150
Business,4,Yes,Yes,No,Apple,Mac,Omnivore,75,71,66,66,Male,10.5,Yes,Yes,7.5,Pop,1296,13,3.96,Yes,3,West,25,Instagram,Action,None,11,1982,1896,50,500000,100
Business,6,Yes,No,No,Apple,Mac,Omnivore,150,68,68,69,Female,8.5,Yes,No,7,Pop,0,13,4,Yes,3,Northeast,18,Instagram,Action,Netflix,8,2001,1950,700,600000,40
Business,2,No,Yes,Yes,Apple,PC,Omnivore,100,68,62,70,Male,9,Yes,Yes,7,Pop,3500,17.5,3.9,Yes,5,West,20,Facebook,Comedy,Hulu,8,1950,1875,210,200000,400
Business,7,Yes,No,No,Apple,PC,Omnivore,10,76,68,75,Male,12,Yes,No,8,Country,0,16,3.919,No,4,South,6,Instagram,Action,None,10,1987,1875,500,500000,200
Education,6,Yes,No,No,Apple,Mac,Vegan,50,66,56,70,Female,9,Yes,No,7.5,Country,3360,14,4,Yes,4,Midwest,5.4,Instagram,Comedy,Hulu,8,1989,1980,2345,300000,15
CFAC,2,No,Yes,No,Apple,PC,Omnivore,100,60,65,70,Female,6,No,No,6,Pop,1500,17.5,3,No,1,Midwest,25,YouTube,Comedy,Netflix,5,1989,1965,3000,85000,100
Business,4,No,Yes,No,Apple,Mac,Omnivore,50,73,65,72,Male,11.5,Yes,Yes,7,Hip-hop and Rap,3500,12,3.95,Yes,5,South,6,Instagram,Action,Hulu,12,1995,1876,1000,1000000,250
Business,7,Yes,No,No,Apple,PC,Omnivore,65,65,66,73,Female,9,Yes,Yes,8.25,Pop,1774,15.5,4,No,6,South,6,Instagram,Comedy,Netflix,17,1990,1875,200,150000,250
Life,6,No,Yes,Yes,Apple,Mac,Omnivore,100,71,69,73,Male,11,No,Yes,7.5,Rock and Metal,3646,15,3.7,Yes,3,West,8,Instagram,Comedy,None,10,1980,1870,4000,400000,100
CMS,6,Yes,No,No,Apple,Mac,Omnivore,50,68,68,71,Female,8,Yes,Yes,8,Pop,0,14.5,4,Yes,3,West,25,Instagram,Romance,Hulu,10,1991,1886,1000,200000,100
Life,3,Yes,No,Yes,Apple,PC,Omnivore,50,64,61,72,Female,9,No,Yes,8,Pop,1000,16,3.99,Yes,3,West,15,Instagram,Action,Netflix,10,1993,1876,150,95000,100
Nursing,7,Yes,No,Yes,Apple,Mac,Omnivore,35,63,64,73,Female,6,Yes,No,7,Other,4000,12,3.979,Yes,3,West,12,YouTube,Comedy,Hulu,10,1995,1875,500,100000,100
Business,6,Yes,No,Yes,Apple,PC,Omnivore,100,72,66,74,Male,11,Yes,Yes,7.5,Country,2600,15,3.93,No,5,West,12,Instagram,Action,None,8,1975,1875,300,500000,250
Business,4,Yes,Yes,No,Apple,Mac,Omnivore,40,72,66,75,Male,8,Yes,Yes,8,Pop,3500,14,3.8,Yes,6,South,16,YouTube,Mystery,None,9,1988,1875,280,200000,350
Education,8,Yes,No,No,Apple,Mac,Omnivore,40,68,66,72,Female,11.5,No,No,7,Pop,0,15,4,No,4,West,15,Instagram,Romance,Apple TV,10,1983,1895,890,80000,50
Nursing,7,No,No,Yes,Apple,Mac,Omnivore,50,67,67,74,Female,9.5,No,Yes,7,Country,150,13.5,4,Yes,0,West,25,Instagram,Romance,None,12,1998,1937,150,85000,150
Business,6,No,No,No,Apple,Mac,Omnivore,200,71,64,65,Male,10,Yes,Yes,6.5,Hip-hop and Rap,3600,15,2.9,Yes,3,South,20,Instagram,Comedy,Netflix,5,1850,1875,400,2000000,500
Life,5,No,No,Yes,Apple,PC,Omnivore,75,70,65,72,Male,9.5,Yes,No,6.5,Other,3500,14,3.99,Yes,7,West,6,YouTube,Action,None,6,1960,1900,200,250000,100
FHSS,10,No,No,Yes,Apple,PC,Omnivore,0,65.5,62,70,Female,8,Yes,No,7,Pop,0,6,2.8,Yes,4,West,10,Instagram,Comedy,Netflix,8,1971,1876,25,80000,150
Education,6,Yes,No,No,Apple,Mac,Keto,75,63,62,70.5,Female,7,No,No,7.5,Other,3500,14,3.7,No,2,West,20,YouTube,Romance,Netflix,7,1990,1875,25,75000,150
Business,6,No,Yes,No,Apple,Mac,Omnivore,200,71,66,68,Male,11,Yes,Yes,6.5,Other,3700,14,3.8,Yes,6,West,28,Facebook,Romance,None,7,1989,1875,250,300000,20
Business,4,No,Yes,Yes,Apple,Mac,Vegetarian,100,67,64,69,Female,9,No,Yes,10,Other,4000,15,3.8,No,2,International,15,Instagram,Fantasy,Netflix,7,1985,1925,250,1000000,300
Business,4,No,Yes,Yes,Apple,Other,Omnivore,100,70,66,75,Female,10,Yes,No,7,Pop,2500,4,3.98,Yes,3,West,6,Instagram,Romance,Netflix,6,2002,1850,50,100000,100
CMS,7,Yes,Yes,No,Android,Other,Omnivore,40,69,61,61,Male,9.5,Yes,Yes,6.5,Country,200,12.5,4,Yes,4,West,11,Facebook,Comedy,Hulu,4,1975,1876,40,120000,50
CFAC,7,No,No,No,Apple,PC,Omnivore,65,67,67,72,Female,8,Yes,Yes,8.5,Country,3600,13,4,No,3,West,10,Instagram,Romance,Netflix,8.5,2000,1837,47,190000,90
Life,7,Yes,No,No,Apple,Mac,Omnivore,94,71,66,73,Male,11.5,Yes,No,7,Pop,2500,14,3.97,No,2,West,5,Instagram,Romance,Apple TV,7,2002,1876,90,250000,0.25
CFAC,3,Yes,No,Yes,Apple,Mac,Omnivore,100,70,64,67,Male,9,Yes,No,7.5,Pop,3000,14.5,3.3,No,5,Northeast,17.5,Instagram,Action,Netflix,12,1980,1890,175,500000,350
Business,7,No,Yes,No,Apple,Mac,Omnivore,80,74,70,72,Male,12,Yes,Yes,8,Hip-hop and Rap,3600,12,3.8,Yes,3,West,12.5,YouTube,Action,None,10,1992,1876,40,750000,50
Education,6,Yes,No,No,Apple,Mac,Omnivore,30,63,63,71,Female,10,No,No,7.5,Pop,3500,13,3.6,Yes,3,West,5,Tik Tok,Comedy,Netflix,7,1980,1875,80,50000,100
Business,4,Yes,No,Yes,Apple,PC,Omnivore,50,66,64,69,Male,10,Yes,Yes,5,Hip-hop and Rap,2500,14,3.9,No,3,Midwest,8,Instagram,Drama,Netflix,7,1976,1886,88,113000,500
Life,4,Yes,No,Yes,Apple,PC,Omnivore,100,64,63,69,Female,7,No,No,7.5,Country,2800,13.5,3.8,Yes,2,South,4,Instagram,Romance,Netflix,19,1987,1875,25,160000,1000
Life,5,Yes,No,No,Apple,PC,Omnivore,30,61,65,71,Female,7.5,Yes,Yes,8,Country,2500,17,3.8,Yes,4,West,5,YouTube,Romance,Netflix,9.5,1980,1890,40,90000,200
Engineering,5,Yes,No,No,Apple,PC,Keto,100,72,69,73,Male,11,Yes,Yes,7,Classical,3000,18,4,Yes,6,West,10,Instagram,Comedy,None,8,1972,1875,7900,1000000,500
Business,4,Yes,No,No,Apple,Mac,Omnivore,30,70,70,75,Female,8,Yes,Yes,8,Pop,1770,14,3.99,Yes,3,West,24,Facebook,Drama,None,7,1995,1910,30,350000,150
Business,4,Yes,Yes,No,Apple,Mac,Omnivore,75,63,61,68,Female,7,Yes,Yes,7,Other,1000,14,4,Yes,5,West,20,Instagram,Action,Netflix,10,1945,1875,2578,300000,100
Business,5,Yes,Yes,No,Apple,PC,Omnivore,35,71,65,72,Male,10.5,Yes,Yes,7,Other,1720,14,3.7,Yes,1,West,24,YouTube,Action,Hulu,5,1989,1875,120,150,200
Business,6,Yes,No,Yes,Apple,PC,Omnivore,30,76,67,74,Male,11,Yes,Yes,8,Hip-hop and Rap,3000,13,3.9,Yes,2,Midwest,8,Instagram,Comedy,Netflix,8,1998,1875,200,150000,100
CFAC,8,Yes,No,No,Apple,PC,Omnivore,150,74,68,75,Male,12,Yes,No,7.5,Classical,2500,16,3.95,No,3,West,4,Instagram,Action,Netflix,6,2004,1876,3000,500000,100
Business,7,Yes,No,No,Apple,Mac,Omnivore,30,71,65,72,Male,10.5,Yes,No,6.5,Hip-hop and Rap,3548,16,4,No,3,West,10,Instagram,Action,Apple TV,11,1990,1875,15,115000,60
Engineering,6,No,No,No,Apple,PC,Omnivore,15,71,64,68,Male,10.5,Yes,Yes,7.5,Other,3548,14,4,Yes,5,West,20,Instagram,Romance,Hulu,10,1989,1875,5985,250000,150
Business,8,Yes,Yes,No,Apple,PC,Omnivore,70,70,68,69,Male,10.5,Yes,Yes,7.5,Country,3548,14,3.92,Yes,6,South,8,Facebook,Action,None,10,1989,1875,138,300000,500
Business,8,Yes,No,No,Android,Mac,Omnivore,70,75,64,76,Male,12,Yes,No,8,Pop,0,14,4,Yes,4,West,30,YouTube,Fantasy,None,12,1983,1875,145,85000,150
Business,4,No,No,No,Apple,PC,Paleo,100,76,72,75,Male,12,Yes,Yes,6,Other,3700,13,3.85,Yes,5,West,40,Instagram,Action,None,12,1969,1925,60,175000,20
Business,7,Yes,No,No,Apple,Mac,Omnivore,80,70,66,68,Male,9,Yes,No,7,Pop,0,14,3.7,Yes,3,West,5,Instagram,Action,Netflix,8,1990,1876,20,120000,250
CMS,5,No,Yes,Yes,Apple,Mac,Omnivore,200,71,68,74,Male,9,Yes,Yes,7.5,Country,0,15,3.98,Yes,3,West,20,Tik Tok,Action,Apple TV,12,1981,1859,125,350000,100
Engineering,8,Yes,No,No,Apple,PC,Paleo,35,65,63,65,Female,8,Yes,No,7,Country,0,14.5,4,Yes,4,West,7,Instagram,Romance,Netflix,5,1999,1875,34,120000,50
Nursing,5,Yes,Yes,No,Apple,Other,Omnivore,50,65,63,72,Female,8.5,No,No,7.5,Country,3500,14.5,3.9,Yes,4,West,10,Instagram,Romance,Netflix,11,1995,1875,1000,90000,100
Nursing,6,Yes,No,Yes,Apple,Mac,Omnivore,60,77,73,76,Male,10.5,Yes,No,7,Pop,3500,14,4,No,3,West,4,Instagram,Action,Netflix,9,1995,1875,50,300000,20
Business,8,Yes,No,No,Apple,PC,Paleo,70,67,62,66,Male,9.5,Yes,Yes,8,Other,3500,14,3.97,No,4,West,30,Facebook,Comedy,None,10,1997,1876,80,400000,100
Business,8,Yes,No,No,Apple,Mac,Omnivore,105,70,68,75,Female,7,Yes,No,8,Pop,3400,15,3.95,No,4,South,5,Instagram,Romance,Netflix,8,2002,1875,60,1000000,50
CFAC,8,Yes,No,No,Apple,Mac,Omnivore,50,76,70,74,Male,13,No,No,7,Rock and Metal,3600,13,3.8,No,3,West,24,Instagram,Drama,Netflix,10,1983,1886,800,140000,200
Business,4,Yes,No,No,Apple,Mac,Omnivore,50,70,66,72,Male,11.5,Yes,Yes,8,Pop,2000,12,3.9,Yes,4,South,6,YouTube,Drama,Netflix,12,1990,1875,200,175000,300
Life,4,Yes,No,No,Apple,PC,Omnivore,20,69,70,74,Female,8.5,Yes,Yes,7,Rock and Metal,0,13,4,Yes,3,South,25,Instagram,Comedy,None,5,1990,1876,300,93600,0
Life,9,Yes,Yes,No,Apple,Mac,Omnivore,105,66,64,70,Female,6.5,Yes,Yes,9,Other,3400,14,3.95,No,4,West,15,Instagram,Action,Netflix,8,1980,1980,60,100000,50
FHSS,7,Yes,Yes,Yes,Apple,Mac,Omnivore,25,67,64,74,Female,7.5,No,No,6,Rock and Metal,3500,14,3.66,Yes,6,South,24,Instagram,Comedy,None,9,1980,1870,40,62000,300
Life,5,Yes,No,No,Apple,Mac,Omnivore,55,66,63,72,Female,9,Yes,Yes,7,Pop,3300,12,3.75,Yes,4,West,6,Instagram,Romance,Netflix,10,1980,1947,300,110000,50
Life,6,Yes,Yes,No,Apple,Mac,Omnivore,60,63,66,65,Female,8,Yes,No,7.5,Pop,3600,12,3.8,No,2,South,12,Instagram,Drama,Netflix,7,2001,1963,115,120000,80
Business,8,Yes,No,No,Apple,Mac,Omnivore,80,71,66,69,Male,10,Yes,No,6.9,Country,4000,13,3.8,No,3,South,20,Instagram,Mystery,None,0,1987,1960,100,500000,900
Life,7,Yes,No,No,Apple,Mac,Omnivore,30,69,62,65,Male,9,Yes,Yes,6,Pop,3500,15,3.9,No,4,Midwest,20,Instagram,Action,Apple TV,7,1998,1874,60,150000,10
CMS,6,No,Yes,No,Apple,PC,Omnivore,35,75,67,72,Male,12,Yes,Yes,6,Other,1700,14.5,4,Yes,4,West,21,Instagram,Fantasy,Netflix,6.5,1988,1875,100,200000,10
Education,6,Yes,No,No,Apple,Mac,Omnivore,50,70,72,75,Female,10,Yes,Yes,7,Pop,4000,12,3.9,Yes,3,West,15,Instagram,Romance,Netflix,12,1992,1925,1,70000,100
Engineering,5,Yes,No,No,Apple,Mac,Paleo,80,71.75,64,71.75,Male,10.5,Yes,Yes,6.8,Rock and Metal,3083,16,3.85,No,3,West,30,YouTube,Action,None,10,1980,1880,312,300000,100
Education,6,Yes,No,No,Apple,Mac,Vegetarian,100,67,64,75,Female,8,Yes,Yes,7,Pop,3548,14,3.9,No,3,West,21,Tik Tok,Romance,Netflix,10,1980,1888,100,65000,200
Engineering,6,No,Yes,No,Apple,Other,Omnivore,60,73,64,77,Male,10,Yes,Yes,7,Country,3444,15,4,Yes,5,West,25,YouTube,Action,None,10,1975,1898,300,115000,50
Education,6,Yes,Yes,No,Android,Other,Omnivore,90,64,65,67,Female,8.5,No,No,7.5,Pop,1700,14,3.9,Yes,3,Midwest,7,YouTube,Action,Netflix,11,1992,1875,1000,100000,0
Engineering,8,Yes,No,No,Apple,Other,Omnivore,40,72,65,70,Male,11,Yes,No,8,Other,800,12.5,3.98,Yes,3,West,7,YouTube,Mystery,None,8,1970,1875,120,150000,12.73
Life,6,Yes,No,No,Apple,Mac,Omnivore,25,68.5,69,71,Female,8.5,Yes,No,6,Rock and Metal,6500,13,3.9,No,2,West,28,Tik Tok,Mystery,HBO Max,9,1990,1843,200,100000,100
Business,5,No,No,Yes,Apple,Mac,Paleo,75,71,64,72,Male,9,Yes,No,5.5,Other,3500,14,3.98,Yes,4,West,5,YouTube,Action,Apple TV,7,1995,1968,100,200000,50
Nursing,8,Yes,No,No,Apple,Mac,Keto,50,70,62,72,Male,10.5,Yes,Yes,7.5,Country,3548,16,3.98,Yes,3,West,6,Instagram,Action,None,8,1990,1875,200,200000,100
Business,8,Yes,No,No,Apple,Mac,Omnivore,105,66,64,70,Female,8,Yes,No,7,Other,3450,13.5,4,No,5,West,7,Instagram,Romance,Netflix,12,1990,1930,300,600000,25
Business,6,Yes,Yes,No,Apple,Mac,Omnivore,50,70,66,72,Male,9.5,Yes,Yes,5,Other,3700,15,3.56,Yes,3,West,8,Instagram,Action,None,7,1995,1876,500,1000000,650
Engineering,7,Yes,No,No,Apple,Mac,Omnivore,75,67,62,68,Female,9,Yes,Yes,7.5,Pop,1774,16,4,No,2,West,30,Instagram,Romance,Netflix,9,1995,1882,150,150000,50
Business,4,Yes,Yes,No,Apple,Mac,Omnivore,85,73,65,69,Male,13,Yes,Yes,8,Pop,3500,13,3.9,Yes,4,West,24,Instagram,Action,None,9,1990,1865,100,500000,100
Business,7,Yes,No,No,Apple,PC,Omnivore,70,66,64,69,Male,9,Yes,Yes,6.5,Pop,0,14,4,No,3,West,8,Instagram,Action,Netflix,11,1976,1892,60,120000,100
Business,7,Yes,No,No,Apple,Mac,Omnivore,30,66,63,68,Female,8,Yes,Yes,8,Pop,774,12.5,4,Yes,3,South,15,Instagram,Romance,Netflix,2,2000,1875,40,150,10
Business,7,Yes,No,No,Apple,Mac,Omnivore,100,71,65,69,Male,10.5,Yes,Yes,7.5,Country,3600,12,4,No,3,West,17,Instagram,Action,None,10,1989,1865,130,5000000,300
Business,8,Yes,No,No,Apple,Mac,Omnivore,50,72,68,74,Male,10,Yes,No,8,Country,2500,13,4,Yes,4,West,20,Instagram,Action,None,7,1950,1912,600,500,50
Engineering,8,Yes,No,No,Android,PC,Omnivore,15,70.5,66,68,Male,11.5,Yes,Yes,7,Classical,2660,15.5,3.82,Yes,3,West,5,YouTube,Action,None,7,1973,1875,130,120000,0
Life,8,Yes,No,No,Apple,Mac,Omnivore,50,65,69,68,Female,7,No,No,6,Pop,0,13,4,No,1,West,35,Instagram,Drama,Netflix,8,1997,1873,100,90000,50
Education,6,Yes,Yes,No,Apple,Other,Omnivore,30,65,62,71,Female,7.5,Yes,Yes,7,Pop,0,14,3.96,Yes,2,West,15,Instagram,Romance,None,9,1994,1876,30,80000,50
CMS,4,Yes,No,Yes,Apple,Mac,Omnivore,55,71,63,75,Male,8.5,Yes,Yes,7.5,Hip-hop and Rap,3500,15,3.98,Yes,6,West,18,Instagram,Action,None,7,1993,1876,268,200000,400
Business,6,Yes,Yes,No,Apple,Mac,Omnivore,50,66,65,71,Female,7.5,Yes,Yes,6,Pop,3550,16,3.97,Yes,2,West,9,Instagram,Action,None,11,1995,1875,50,90000,40
FHSS,5,Yes,No,Yes,Apple,Mac,Omnivore,25,61,67,68,Female,5,No,No,7.5,Other,2500,16,4,Yes,4,West,30,Instagram,Comedy,None,10,1975,1876,50,100000,200
Life,6,Yes,No,Yes,Apple,PC,Paleo,50,66,70,68,Male,10,Yes,Yes,7,Pop,0,16,4,Yes,4,West,15.5,Instagram,Horror,Apple TV,9,2000,1850,90,120000,1000
Engineering,10,Yes,No,No,Apple,PC,Omnivore,75,64,67,73,Female,7.5,No,No,7.5,Pop,3300,12.5,3.75,No,3,Northeast,24,Tik Tok,Mystery,Apple TV,7.5,1994,1875,2500,200000,25
Education,6,Yes,No,Yes,Apple,Mac,Omnivore,50,67,71,74,Female,8.5,No,Yes,6.5,Pop,3550,14,3.8,Yes,3,Midwest,4,Instagram,Romance,Netflix,10,1995,1876,100,80000,20
Engineering,5,No,No,No,Apple,PC,Omnivore,90,68,62,72,Male,11,Yes,No,5,Rock and Metal,1600,14,3.98,Yes,4,West,8,YouTube,Fantasy,Hulu,6,1996,1910,200,120000,50
Education,7,Yes,No,No,Apple,Mac,Vegetarian,30,61,60,73,Female,4,Yes,No,7,Other,3300,14.5,3.9,Yes,4,West,17,Instagram,Fantasy,None,12.5,1988,1857,350,98000,600
Life,6,Yes,No,No,Apple,Mac,Paleo,30,66,69,71,Female,7,Yes,No,8,Country,2000,14,3.99,Yes,3,West,20,Instagram,Romance,Netflix,8,1970,1900,100,200000,400
Education,3,Yes,Yes,No,Apple,Mac,Omnivore,50,65,67,70,Female,7.5,Yes,No,6.5,Pop,3478,14,3.9,Yes,3,West,13.25,Instagram,Comedy,Netflix,12,1960,1850,35,60000,500
Humanities,2,No,No,Yes,Apple,PC,Omnivore,100,64,68,69,Female,9,No,No,8,Pop,3500,15,3.6,No,2,South,8,Tik Tok,Fantasy,Netflix,8,1990,1900,100,80000,100
Life,8,Yes,No,No,Apple,Mac,Omnivore,200,65,63,72,Female,8,Yes,No,8.5,Classical,0,15,4,No,5,West,19,Instagram,Action,None,8,1963,1875,200,300000,0
Business,8,Yes,No,No,Apple,PC,Omnivore,70,72,63,67,Male,8,Yes,No,7.5,Pop,0,14.5,3.98,No,8,West,7,YouTube,Action,Hulu,8,1997,1875,250,200000,10
Education,5,Yes,Yes,No,Apple,Mac,Omnivore,150,65,64,70,Female,5.5,Yes,No,8.5,Pop,1300,14.5,3.8,No,3,West,3,Instagram,Comedy,Netflix,7,1996,1884,28,95000,200
Business,7,Yes,No,No,Apple,PC,Omnivore,30,71,69,70,Male,11.5,Yes,Yes,6.5,Hip-hop and Rap,3444,15,4,No,5,West,6,Instagram,Action,None,10,1990,1875,250,150000,50
Business,6,No,No,No,Apple,Mac,Omnivore,50,67,66,70,Female,7.5,Yes,Yes,7,Rock and Metal,3548,14,4,Yes,2,West,15,Instagram,Drama,Apple TV,11,1990,1876,200,150000,20
Business,6,Yes,Yes,No,Apple,Mac,Omnivore,100,66,70,74,Female,9,Yes,No,8,Rock and Metal,3300,14,4,Yes,5,West,6,Instagram,Romance,Hulu,7,1990,1875,20,120000,20
Life,3,Yes,No,No,Apple,Mac,Keto,200,73,65,69,Male,11,Yes,Yes,7,Rock and Metal,3000,16,4,Yes,4,West,10,Instagram,Action,None,8,1969,1880,1770,2000000,450
Nursing,8,Yes,No,No,Apple,Mac,Omnivore,40,73,73,78,Male,12,Yes,Yes,6,Hip-hop and Rap,0,14,3.7,No,3,West,7,Instagram,Comedy,None,9,1982,1900,300,400000,1000
Life,5,Yes,No,No,Apple,Mac,Omnivore,50,66,64,70,Female,6.5,Yes,No,7.5,Other,750,15,4,No,2,West,20,Instagram,Mystery,None,6,1970,1875,300,300000,20
Business,8,Yes,No,No,Apple,PC,Vegetarian,100,70,67,75,Female,9.5,Yes,Yes,6,Pop,3444,13.5,3.987,No,2,West,15,Snapchat,Romance,None,10,1990,1881,100,300000,500
Business,4,Yes,Yes,No,Apple,PC,Omnivore,50,77,67,75,Male,13,Yes,Yes,7,Other,1500,14,3.5,No,4,West,6,Instagram,Action,None,6,1950,1880,2500,200000,250
Business,5,Yes,No,No,Apple,Mac,Omnivore,50,69,66,75,Female,8,Yes,Yes,6.5,Pop,1774,14,4,Yes,3,South,15,Instagram,Action,Netflix,8,1990,1880,250,180000,200
Life,6,Yes,Yes,No,Apple,PC,Omnivore,40,75,64,78,Male,13,Yes,Yes,7,Hip-hop and Rap,3500,14.5,3.9,Yes,2,West,7,Instagram,Action,None,9,1979,1877,50,200000,50
Life,3,Yes,No,Yes,Apple,PC,Omnivore,100,68,70,72,Female,9,Yes,Yes,6,Country,3500,13,3.9,No,4,West,10,Instagram,Romance,None,12,1991,1875,300,100000,100
Life,1,No,No,No,Apple,Mac,Omnivore,40,71,66,74,Male,10,Yes,Yes,7,Hip-hop and Rap,3300,12,3.6,Yes,2,West,4,Instagram,Action,None,10,1985,1876,100,300000,100
Business,7,Yes,No,No,Apple,Mac,Omnivore,100,71,62,74,Male,10,Yes,No,8,Rock and Metal,3500,14,3.9,No,3,South,15,Tik Tok,Horror,Netflix,12,1995,1875,100,110000,100
Nursing,6,No,No,No,Apple,Mac,Omnivore,70,68,67,75,Female,10,No,Yes,7.5,Pop,2800,13,4,Yes,9,South,20,Instagram,Mystery,None,10,1980,1875,50,90000,1
Engineering,5,Yes,Yes,Yes,Android,PC,Vegetarian,75,72.5,70,72,Male,13,Yes,Yes,6,Classical,3175,15,4,No,6,West,30,Facebook,Action,None,4,2002,1876,120,150000,50
Life,4,No,No,No,Apple,Mac,Omnivore,60,65.5,66,72,Female,6,Yes,Yes,8,Pop,3500,13,3.997,No,4,West,20,Instagram,Romance,Netflix,8,1970,1930,500,120000,200
Business,4,Yes,No,No,Apple,Mac,Omnivore,50,69,65,70,Male,10,Yes,Yes,7,Country,0,16,4,Yes,5,West,12,Facebook,Romance,Netflix,10,1984,1868,400,250000,0
FHSS,7,Yes,Yes,Yes,Apple,Mac,Omnivore,20,66,67,72,Female,6.5,Yes,Yes,7.5,Other,1500,14,3.9,Yes,3,West,12,Instagram,Action,None,8,1970,1875,230,100000,100
Business,6,Yes,No,No,Apple,Other,Omnivore,10,67,64,74,Female,8,Yes,No,6.5,Pop,0,13,3.9,Yes,8,West,9,YouTube,Action,None,11,1950,1876,100,150000,15
FHSS,6,Yes,No,No,Apple,Mac,Omnivore,20,62,62,70,Female,6,Yes,Yes,7,Country,1800,13,3.9,Yes,2,West,12,Instagram,Comedy,None,9,1960,1870,350,70000,100
Nursing,8,Yes,No,No,Apple,Mac,Omnivore,60,64,61,72,Female,8,Yes,Yes,7,Pop,2000,12,4,No,5,Northeast,8,Instagram,Romance,None,8,2003,1875,250,105000,100
Business,6,Yes,No,No,Apple,PC,Omnivore,60,65,69,72,Female,7,Yes,No,7,Other,3500,13,3.8,Yes,3,West,25,Tik Tok,Comedy,HBO Max,6,1970,1877,400,300000,300
Life,8,Yes,No,No,Apple,Mac,Omnivore,75,67,65,72,Female,10,Yes,No,7,Pop,3548,12,3.9,No,2,West,24,Instagram,Mystery,Netflix,9,1993,1888,530,115000,400
Business,4,No,Yes,Yes,Apple,Mac,Omnivore,100,61,64,72,Female,5,Yes,No,8.5,Pop,3000,15,4,Yes,1,West,9,Instagram,Comedy,Hulu,9,1991,1875,6500,300000,500
Business,6,Yes,Yes,No,Apple,Other,Omnivore,75,67,64,69,Male,8.5,Yes,Yes,8,Pop,0,17,3.96,Yes,5,West,8,YouTube,Action,None,10,1995,1875,200,400000,200
FHSS,5,Yes,No,No,Apple,Mac,Omnivore,60,61,59,68,Female,7,Yes,Yes,5,Country,0,17.5,4,No,4,South,15,Instagram,Romance,Netflix,8,2000,1900,200,75000,20
Business,7,Yes,No,No,Apple,PC,Omnivore,100,70,66,71,Male,10,Yes,Yes,8,Hip-hop and Rap,2500,14,3.5,Yes,3,South,8,Instagram,Action,None,8,1990,1875,2000,500000,100
Business,5,Yes,Yes,No,Apple,PC,Omnivore,35,73,68,72,Male,10,Yes,Yes,8,Country,0,16,4,Yes,3,South,15,YouTube,Drama,HBO Max,21,1990,1874,500,700000,300
Business,6,No,No,No,Apple,Mac,Omnivore,50,65,67,68,Female,7,Yes,No,7,Pop,2300,13,4,Yes,3,West,20,Tik Tok,Drama,HBO Max,10,1990,1876,400,100000,400
CMS,8,Yes,No,No,Android,PC,Omnivore,90,73,63,76,Male,11,No,No,7,Pop,3500,13,3.95,Yes,3,West,8,Instagram,Fantasy,None,5.5,1965,1825,75,200000,50
Business,5,No,Yes,No,Apple,Mac,Omnivore,125,70,69,70,Male,9,Yes,Yes,7.5,Rock and Metal,0,14,3.7,Yes,2,South,10,Tik Tok,Horror,Netflix,8,1972,1876,5800,300000,250
Business,3,Yes,Yes,No,Apple,Mac,Omnivore,50,70,78,65,Male,10,Yes,Yes,3.4,Rock and Metal,0,14,3.89,Yes,4,West,16,YouTube,Action,None,16,1985,1926,50,500000,1000
Engineering,7,Yes,No,No,Apple,PC,Vegetarian,50,69,65,79,Female,9,Yes,Yes,8.5,Pop,0,14,4,No,3,Midwest,10,Instagram,Romance,Netflix,9,1999,1875,30,100000,40
Engineering,4,No,No,Yes,Apple,Mac,Omnivore,75,68,62,66,Male,10,Yes,Yes,8,Other,3500,13,3.9,No,4,West,10,Instagram,Action,Apple TV,7,1970,1876,70,120000,40
Life,5,Yes,Yes,No,Apple,Mac,Omnivore,50,64,66,67,Female,6,Yes,Yes,5,Pop,2000,12,3.8,Yes,3,West,6,Instagram,Romance,Netflix,14,1850,1876,50,120000,200
Life,4,Yes,Yes,No,Android,Other,Omnivore,60,68,65,72,Female,9,Yes,Yes,8,Other,0,13,4,Yes,4,West,15,Facebook,Action,None,7,2001,1875,8880,40000,20
Business,6,Yes,No,No,Apple,Mac,Omnivore,50,73,70,72,Male,12,Yes,Yes,7.5,Country,0,14.5,3.85,Yes,1,West,10,Instagram,Comedy,Netflix,10,1997,1875,100,300000,1
Life,6,Yes,No,No,Android,Mac,Keto,30,63,64,72,Female,8,Yes,No,8,Other,1774,13.5,3.98,Yes,3,Northeast,11,Instagram,Mystery,None,6,1978,1875,36,170000,100
Business,3,Yes,No,Yes,Apple,Other,Keto,150,71,64,69,Male,10,Yes,Yes,6,Hip-hop and Rap,3300,17,4,Yes,3,West,20,Instagram,Comedy,None,6,2006,1890,250,250,10
Business,4,Yes,Yes,No,Apple,Mac,Omnivore,100,65,63,71,Female,8.5,Yes,Yes,7,Pop,3500,13,4,Yes,3,West,10,Instagram,Action,None,11,1975,1856,75,175000,50
Business,4,Yes,No,No,Apple,Mac,Omnivore,100,70,62,70,Male,11,Yes,Yes,7,Hip-hop and Rap,1700,15,3.9,Yes,3,West,12,Instagram,Action,None,9,1983,1875,300,500000,200
Business,6,Yes,No,No,Apple,Mac,Omnivore,60,68,70,73,Female,9.5,Yes,No,8.5,Pop,1800,13,3.8,No,5,West,4.5,Tik Tok,Comedy,Netflix,6,1974,1900,80,150000,50
Education,6,Yes,No,Yes,Android,PC,Omnivore,75,66,62.4,71,Female,8,Yes,Yes,7,Pop,3500,11,4,Yes,4,South,20,YouTube,Romance,Netflix,12,1994,1879,500,90000,100
Business,4,No,Yes,Yes,Apple,Mac,Omnivore,150,70,65,70,Male,10,Yes,Yes,7.8,Rock and Metal,0,15,4,Yes,5,West,20,Instagram,Action,None,23,1995,1876,30,1500000,80
Nursing,6,No,Yes,No,Apple,PC,Omnivore,90,66,64,71,Female,8,Yes,Yes,7.5,Pop,1700,17,4,Yes,6,West,23,Instagram,Fantasy,None,10,2000,1930,150,90000,50
Business,5,No,No,No,Apple,Mac,Omnivore,80,73,66,70,Male,11.5,No,No,7.5,Hip-hop and Rap,3800,14,3.8,Yes,2,International,13,Instagram,Comedy,None,7,1978,1936,600,500000,10
Nursing,6,Yes,Yes,No,Apple,PC,Omnivore,100,69,70,72,Female,8,No,Yes,7,Pop,0,12,4,Yes,5,West,17,Instagram,Romance,Netflix,8,1960,1890,300,160000,300
Nursing,7,No,Yes,No,Apple,Other,Omnivore,50,67,66,71,Female,8,Yes,No,8.5,Country,0,15,3.87,Yes,0,Midwest,12,Tik Tok,Comedy,None,10,1992,1876,40,110000,300
Life,6,No,No,No,Android,Mac,Omnivore,65,71,64,69,Male,10,No,No,7,Classical,3500,18,3.8,Yes,3,West,8,YouTube,Fantasy,Netflix,5,1985,1870,50,120000,100
Life,7,Yes,No,No,Apple,PC,Omnivore,70,64,62,67,Female,6,Yes,No,6.5,Pop,2000,15,4,Yes,4,West,30,Instagram,Comedy,Netflix,7,1989,1875,3000,80000,75
Business,8,Yes,No,No,Apple,PC,Omnivore,50,63,64,70,Female,6,Yes,Yes,8,Pop,3500,15,3.98,No,1,International,28,Instagram,Romance,Netflix,7,1930,1875,984,1000000,100
Business,5,Yes,Yes,No,Apple,Mac,Omnivore,50,72,66,73.5,Male,11,Yes,Yes,7.5,Hip-hop and Rap,0,17,4,No,3,Midwest,20,Instagram,Action,Netflix,7,1987,1876,300,1500000,100
Life,5,No,No,No,Apple,Mac,Omnivore,100,74,70,71,Male,12,Yes,Yes,7,Other,3000,13,3.4,Yes,3,South,8,Instagram,Comedy,None,5,1989,1925,50,700000,8000
Life,7,Yes,No,No,Apple,PC,Omnivore,35,73,65,72,Male,10.5,Yes,No,8,Classical,1550,14,3.86,No,3,West,25,Facebook,Action,None,11,1980,1875,273,150000,100
Life,2,No,No,Yes,Apple,Mac,Omnivore,50,72,65,70,Male,10,Yes,No,6.5,Rock and Metal,1200,13,3.9,Yes,1,West,6,Instagram,Action,Hulu,9,1969,1876,250,400000,50
Business,4,No,No,No,Apple,Mac,Paleo,100,64,61,73,Female,7,Yes,Yes,6,Pop,6000,15,4,No,3,Northeast,10,Tik Tok,Action,Netflix,9,1990,1890,70,100000,100
Business,4,Yes,Yes,No,Apple,Mac,Omnivore,100,68,65,72,Female,9,Yes,Yes,6.5,Other,3000,14,4,Yes,2,West,14,Instagram,Comedy,Netflix,5,1975,1890,200,60000,200
Business,6,Yes,No,Yes,Apple,PC,Vegetarian,50,73,67,74,Male,11.5,Yes,Yes,7.5,Dance and Electronic Music,0,14,3.55,Yes,2,Northeast,10,Instagram,Comedy,None,11,1985,1875,1500,175000,100
Humanities,2,No,Yes,Yes,Apple,Mac,Keto,100,63,64,71,Female,7.5,Yes,Yes,8,Classical,3300,14,3.9,Yes,3,West,15,Tik Tok,Action,Hulu,9,1938,1923,60,70000,300
Business,8,No,Yes,No,Android,Other,Omnivore,40,61.5,65,71,Female,7.5,Yes,No,7.5,Rock and Metal,1128,3,4,No,4,Midwest,2,YouTube,Comedy,None,10,1995,1872,50,75000,0
Business,6,Yes,No,No,Apple,PC,Omnivore,80,69,67,68,Male,10,No,Yes,7,Rock and Metal,3500,14.5,4,Yes,4,West,14,Instagram,Action,Netflix,9,1979,1870,2000,120000,2000
CMS,8,Yes,No,No,Apple,Other,Omnivore,50,70,64,72,Male,9,Yes,No,7,Pop,6000,15.5,4,No,4,West,14,YouTube,Fantasy,None,10,2000,1875,300,150000,20
Life,6,Yes,No,No,Apple,Other,Omnivore,75,75,66,72,Male,12,Yes,Yes,7,Pop,1700,15,3.95,No,4,West,25,Facebook,Mystery,None,8,1982,1875,60,400000,40
Life,4,Yes,No,No,Apple,Other,Omnivore,100,76,70,69,Male,12,Yes,Yes,7,Country,6000,15,3.98,No,6,West,30,YouTube,Comedy,Apple TV,11,2000,1960,250,400000,1000
Life,8,Yes,No,No,Apple,Other,Omnivore,100,72,64,72,Male,10.5,Yes,No,7.5,Pop,3600,13,3.9,No,2,West,12.5,Instagram,Action,Apple TV,11,1985,1805,1000,200000,100
Business,3,Yes,No,No,Apple,Mac,Omnivore,50,70,69,72,Female,10,Yes,Yes,7,Pop,3000,15,3.96,Yes,3,West,9,Instagram,Romance,Netflix,16,1990,1876,1500,90000,100
Business,9,Yes,No,No,Apple,Mac,Omnivore,35,68,63,66,Male,10.5,Yes,Yes,7,Country,0,12,3.4,Yes,4,West,20,Instagram,Comedy,None,10,1974,1875,300,500000,100
CFAC,0,No,Yes,No,Android,Other,Vegetarian,20,63,67,70,Female,6.5,Yes,No,8,Other,3500,10,3.89,Yes,2,International,20,YouTube,Action,Hulu,7,1956,1875,1208,50000,36
Life,4,Yes,Yes,No,Apple,Mac,Keto,80,69,61,69,Male,9,Yes,Yes,8,Hip-hop and Rap,3500,12,3.89,Yes,4,South,15,Instagram,Action,Netflix,12,1990,1960,30,2000000,300
Business,7,Yes,No,No,Apple,PC,Omnivore,120,72,68,72,Male,12,Yes,Yes,7.5,Rock and Metal,3500,15,3.97,No,6,West,8,Instagram,Drama,Netflix,8,1975,1911,250,7000000,100
FHSS,5,No,Yes,Yes,Apple,PC,Omnivore,300,75,64,77,Male,11,Yes,Yes,7,Other,0,16,4,Yes,5,West,15,Instagram,Fantasy,Netflix,7,1980,1908,36,100000,100
Business,8,Yes,No,No,Apple,Mac,Omnivore,140,71,67,68,Male,10.5,Yes,Yes,7.5,Hip-hop and Rap,3548,18,3.85,No,2,International,9,Instagram,Comedy,Netflix,7,1965,1880,200,300000,700
Business,7,Yes,No,No,Apple,Mac,Omnivore,150,64,63,71,Female,7.5,No,No,7,Pop,0,12,4,No,3,West,20,YouTube,Romance,Netflix,11,1998,1875,120,150000,200
CFAC,5,Yes,Yes,Yes,Apple,Mac,Omnivore,150,62,65,69,Female,7.5,Yes,No,7.5,Pop,0,12,4,Yes,1,West,10,Instagram,Comedy,Hulu,10,2001,1920,70,150000,200
Life,6,Yes,No,No,Apple,Other,Omnivore,75,67,68,70,Female,9,Yes,No,8,Pop,3500,12,3.8,Yes,4,West,2,Instagram,Action,Netflix,8,1945,1870,2000,100000,150
Life,6,Yes,No,No,Apple,PC,Vegetarian,60,62,65,73,Female,8.5,Yes,No,7.5,Hip-hop and Rap,3500,13.5,3.85,No,4,International,20,Instagram,Comedy,Netflix,4,1952,1875,400,125000,10
Life,8,Yes,No,No,Apple,Other,Omnivore,75,68,66,68,Female,8,Yes,No,6.5,Pop,0,13,4,Yes,3,West,10,Instagram,Romance,Netflix,10,1968,1876,126,150000,20
CMS,6,Yes,No,No,Android,PC,Omnivore,85,61,64,65,Female,6,Yes,No,7.5,Other,3500,12.5,3.8,No,4,International,15,Instagram,Action,None,9,1989,1890,850,100000,15
Business,8,Yes,No,No,Apple,Mac,Omnivore,30,64,66,71,Female,9,Yes,No,7.5,Pop,3500,13,3.95,No,4,West,3.5,Instagram,Action,HBO Max,12,1950,1968,50,100000,50
Business,4,No,Yes,No,Apple,Mac,Omnivore,100,72,62,75,Male,10.5,Yes,Yes,7.5,Hip-hop and Rap,3500,14,3.5,Yes,1,West,10,Instagram,Action,Netflix,11,1998,1875,20,500000,300
Business,4,Yes,No,Yes,Apple,Mac,Omnivore,50,73,66,68,Male,10.5,Yes,Yes,7,Country,3600,13,4,Yes,4,West,18,Instagram,Action,Netflix,8,1990,1920,75,500000,200
Education,6,No,No,No,Apple,Mac,Omnivore,30,66,67,71,Female,9,No,Yes,6.5,Country,3500,14,4,Yes,5,South,10,Instagram,Romance,Netflix,10,1980,1930,100,100000,100
Business,3,No,Yes,Yes,Android,Mac,Omnivore,50,62,68,70,Female,7.5,No,No,6,Pop,2000,16.5,4,Yes,2,West,8,Instagram,Romance,Hulu,9,1983,1875,50,110000,100
Business,6,No,No,No,Apple,Mac,Omnivore,50,75,70,72,Male,10,Yes,Yes,8.5,Country,3500,13,3.8,Yes,3,West,20,Instagram,Comedy,None,10,1996,1875,200,250000,2000
Business,3,Yes,No,Yes,Apple,Mac,Vegetarian,40,69,66,68,Female,9.5,No,Yes,7,Country,3500,16.5,3.85,No,2,West,18,Instagram,Comedy,Hulu,8,1998,1875,80,120000,500
Life,7,Yes,No,No,Android,PC,Omnivore,35,72,68,72,Male,12.5,Yes,Yes,8,Other,3500,13,3.8,No,3,Midwest,5,Instagram,Fantasy,None,7,1990,1875,200,90000,200
Education,8,Yes,No,No,Apple,PC,Omnivore,95,67,64,76,Female,9,Yes,No,7,Pop,0,15,3.97,No,4,West,10,Instagram,Romance,Apple TV,9,2005,1875,3000,80000,150
CMS,2,Yes,No,No,Apple,PC,Omnivore,45,69,65,70,Male,9.5,Yes,No,6.5,Hip-hop and Rap,0,17,3.99,Yes,9,West,45,YouTube,Mystery,None,6,1998,1876,80,120000,250
Business,6,Yes,No,No,Apple,Mac,Omnivore,100,69,60,70,Male,9,Yes,Yes,7,Hip-hop and Rap,3500,13,4,No,4,West,15,YouTube,Action,None,3,1998,1855,250,1000000,350
Nursing,8,No,Yes,No,Android,PC,Omnivore,120,65,63,67,Female,8,Yes,No,6.5,Hip-hop and Rap,3548,13,3.8,No,6,West,9,Instagram,Action,Netflix,10,1990,1800,200,210000,50
Business,8,Yes,No,No,Apple,PC,Omnivore,50,68,65,66,Male,8,Yes,Yes,8,Rock and Metal,3500,11,3.6,Yes,6,South,3,Instagram,Action,Netflix,7,1972,1842,734,500000,50
CMS,6,Yes,No,No,Apple,Mac,Omnivore,50,77,68,77,Male,13,Yes,Yes,7.5,Hip-hop and Rap,1500,14,3.92,No,3,West,18,Instagram,Drama,Netflix,6,1979,1882,38,400000,100
Life,2,No,Yes,No,Apple,Mac,Omnivore,100,74,66,71,Male,11,Yes,Yes,8,Hip-hop and Rap,0,17,3.99,Yes,3,West,4,YouTube,Action,Netflix,7,1990,1876,250,600000,100
Business,5,No,No,Yes,Apple,PC,Omnivore,50,69,62,70,Male,11,Yes,No,8,Country,0,14,3.75,Yes,3,West,16,YouTube,Action,Hulu,11,1982,1875,5253,1250000,100
CMS,8,Yes,No,No,Apple,Mac,Omnivore,50,65,67,72,Female,7,Yes,Yes,7,Other,2000,13,4,Yes,3,West,10,Instagram,Comedy,Apple TV,9,2000,1929,150,100000,200
CFAC,2,Yes,No,No,Apple,Mac,Omnivore,40,68,70,71,Female,11,No,No,6,Rock and Metal,0,13,4,Yes,5,West,25,YouTube,Mystery,None,5,1970,1875,150,60000,100
CMS,6,No,Yes,No,Android,PC,Omnivore,20,72,68,71,Male,12.5,No,Yes,7,Other,3000,12.5,4,Yes,5,South,20,Instagram,Fantasy,Netflix,12,1987,1876,5000,170000,0
FHSS,7,No,Yes,No,Apple,PC,Omnivore,70,74,66,74,Male,10,Yes,Yes,7,Hip-hop and Rap,1700,18,3.9,Yes,6,West,25,Instagram,Comedy,HBO Max,8,2001,1875,75,250000,900
Business,6,No,No,Yes,Apple,Mac,Omnivore,100,71,65,72,Male,9,Yes,Yes,7,Country,1750,15,3.97,Yes,5,West,10,Instagram,Comedy,Netflix,9,1975,1855,1800,400000,600
Business,5,Yes,Yes,No,Apple,PC,Paleo,50,77,72,80,Male,13,Yes,Yes,7.5,Country,7500,14.5,3.75,Yes,3,West,15,Facebook,Action,None,15,1956,1826,100,250000,0
FHSS,10,Yes,Yes,No,Apple,Mac,Omnivore,70,75,69,70,Male,11.5,Yes,No,8,Pop,2500,16,3.8,No,3,West,21,Instagram,Romance,None,7,1988,1875,300,430000,10
Life,4,Yes,Yes,Yes,Android,PC,Omnivore,60,71,69,70,Male,9.5,Yes,Yes,7,Pop,0,14.5,3.98,Yes,4,West,35,Instagram,Horror,None,3,1991,1875,219,500000,100
Business,5,No,Yes,Yes,Apple,Mac,Omnivore,60,66,58,68,Male,11,Yes,Yes,7,Pop,3550,15,4,No,3,South,18,Instagram,Drama,HBO Max,6,1980,1940,60,200000,300
Life,7,Yes,No,No,Apple,Mac,Omnivore,30,70,66,65,Male,12,Yes,No,7,Dance and Electronic Music,0,16.5,3.98,No,1,West,20,Instagram,Comedy,Netflix,7,1995,1876,65,300000,200
Life,5,Yes,No,No,Apple,PC,Omnivore,40,63,61,71,Female,7.5,Yes,No,7,Pop,4000,13,4,No,2,West,25,Instagram,Action,None,12,2003,1875,1000,40000,100
Life,6,No,Yes,No,Apple,Mac,Omnivore,50,64,66,68,Female,7,No,Yes,7,Pop,3500,12,3.9,Yes,4,West,10,Instagram,Drama,Netflix,11,2000,1876,70,200000,100
Education,2,Yes,Yes,No,Apple,Mac,Omnivore,70,67,64,72,Female,9,Yes,No,9,Country,3500,14,4,Yes,1,International,14,Instagram,Action,Hulu,8,1950,1860,300,100000,500
Engineering,6,No,Yes,No,Apple,Mac,Omnivore,70,64,58,70,Female,4,No,Yes,6.8,Other,3500,15,3.76,Yes,5,International,17,Instagram,Comedy,Netflix,7,1995,1876,45,200000,100
Nursing,5,Yes,No,No,Apple,Other,Paleo,50,63,61,65,Female,7,No,No,7,Other,0,15,4,No,3,West,20,Instagram,Drama,Netflix,7,1995,1940,5000,90000,100
Life,7,Yes,No,No,Android,PC,Omnivore,85,68,67,72,Female,8.5,Yes,Yes,7,Pop,3548,12.5,3.9,No,3,West,11,Instagram,Romance,Netflix,11,1952,1918,620,75000,0
Business,4,No,No,No,Apple,PC,Omnivore,200,71,68,73,Male,10.5,Yes,Yes,8,Country,1800,16,3.7,Yes,3,West,9,Instagram,Comedy,Netflix,7,1960,1930,100,500000,300
Life,8,No,Yes,No,Apple,Mac,Keto,500,62,60,66,Female,7,No,No,6,Other,3700,14,3.7,Yes,5,West,21,Facebook,Foreign,None,5,1997,1900,300,180000,100
FHSS,4,Yes,No,No,Android,Other,Omnivore,25,66,68,74,Female,9.5,Yes,No,8,Pop,3548,12,3.8,Yes,9,West,34,Facebook,Romance,None,12.5,1992,1860,50,55000,100
Business,3,Yes,Yes,No,Apple,Mac,Omnivore,80,69,61,73,Male,12,Yes,Yes,6.5,Country,3500,14,3.7,Yes,5,South,15,YouTube,Comedy,None,7,2001,1876,300,500000,350
Life,1,No,No,Yes,Apple,Mac,Omnivore,100,75.3,67,73,Male,12,Yes,Yes,8,Other,0,13,4,Yes,5,Midwest,10,Instagram,Action,HBO Max,10,1980,1876,50,700000,50
Business,4,No,No,Yes,Apple,PC,Omnivore,30,66,69,75,Female,7.5,Yes,Yes,6.5,Pop,2500,13,4,Yes,5,West,20,Instagram,Action,Netflix,11,1963,1882,30,130000,80
Business,6,Yes,No,No,Apple,PC,Omnivore,90,70,66,72,Male,9,Yes,Yes,8,Pop,3200,10,4,No,3,West,20,Instagram,Comedy,None,11,1995,1900,425,3000000,0
Humanities,6,Yes,No,No,Apple,PC,Omnivore,60,73,65,78,Male,10.5,Yes,No,8.5,Pop,3000,14.5,3.9,No,4,West,12,YouTube,Action,None,9,1990,1908,50,90000,5
Life,7,No,No,No,Apple,Mac,Omnivore,50,69,67,73,Male,10.5,Yes,Yes,7,Pop,6000,12.5,3.98,Yes,2,South,5,Instagram,Action,None,8,1979,1875,1000,700000,200
CMS,4,No,Yes,No,Apple,PC,Omnivore,100,72,62,71,Male,12,No,Yes,7,Rock and Metal,1750,15,3.9,No,2,West,16,YouTube,Fantasy,Apple TV,7,1996,1875,1200,300000,1000
Business,6,No,Yes,No,Apple,PC,Omnivore,80,74,66,68,Male,12,No,Yes,7.5,Pop,3444,17,3.84,Yes,8,West,30,Instagram,Action,Netflix,8,1995,1875,3,1000000,250
Business,4,No,No,Yes,Apple,PC,Omnivore,50,64,63,68,Female,7.5,Yes,No,7,Other,0,12,3.9,Yes,4,South,15,YouTube,Action,Hulu,8,2002,1920,60,90000,50
Nursing,6,Yes,Yes,No,Apple,Mac,Omnivore,70,66,66,74,Female,8.5,Yes,Yes,7,Country,3600,14,3.7,Yes,3,South,16,Instagram,Romance,Netflix,11,1991,1875,300,80000,900
Business,8,Yes,No,No,Apple,Mac,Omnivore,135,65,62,72,Female,7,No,Yes,7,Pop,3548,14,3.97,No,6,South,7,Tik Tok,Romance,Hulu,8,1956,1866,250,100000,250
Engineering,6,No,Yes,No,Apple,PC,Omnivore,100,72,66,72,Male,11,Yes,No,7,Country,3000,16,3.6,Yes,2,West,7,YouTube,Action,None,10,1963,1876,733,80000,20
Engineering,4,Yes,Yes,Yes,Apple,Mac,Omnivore,80,73.5,62,70,Male,11.5,Yes,Yes,7.6,Hip-hop and Rap,3700,16,3.95,No,2,West,18,YouTube,Action,None,3.5,1964,1776,300,250000,100
Education,7,Yes,No,No,Android,PC,Omnivore,70,62,66,72,Female,7,Yes,No,5.5,Pop,3500,15,3.8,No,3,South,10,Instagram,Horror,None,9,1969,1876,350,80000,50
Business,7,Yes,No,Yes,Android,Mac,Omnivore,20,71,68,69,Male,10.5,Yes,Yes,5,Country,3900,14,3.95,Yes,5,West,6,Facebook,Action,None,10,1989,1876,230,1000000,100
Business,5,No,Yes,No,Apple,Mac,Paleo,100,66,61,72,Female,8,Yes,Yes,8,Country,3500,14,3.98,Yes,3,West,10,Instagram,Romance,Netflix,12,1985,1882,1500,180000,100
CMS,3,Yes,Yes,No,Apple,Mac,Omnivore,100,72,64,74,Male,11,No,Yes,8,Pop,0,12,4,Yes,2,West,20,YouTube,Action,None,7,1980,1876,100,215000,25
Business,5,Yes,Yes,No,Apple,Mac,Omnivore,45,70,66,70,Male,11,Yes,Yes,7,Pop,2500,13,4,Yes,5,West,8,Facebook,Comedy,None,5,1995,1905,350,2000000,50
Business,4,No,Yes,Yes,Apple,PC,Omnivore,50,70,69,76,Female,10,Yes,No,8,Pop,1500,12,4,Yes,3,West,40,Facebook,Romance,None,3,1970,1870,40,100000,100
Business,2,No,Yes,No,Apple,PC,Omnivore,150,69,60,70,Male,11,No,No,7,Dance and Electronic Music,1000,12,3.5,Yes,2,West,9,Instagram,Action,None,6,1970,1875,100,300000,25
Business,9,Yes,No,No,Apple,Mac,Omnivore,40,69,63,69,Male,9,Yes,Yes,7.5,Country,1000,16,3.9,Yes,3,West,25,Instagram,Comedy,Netflix,14,1989,1880,100,350000,100
CMS,5,No,Yes,No,Android,Other,Omnivore,60,64,69,73,Female,7,No,No,7,Pop,1300,7,3.8,Yes,5,West,6,Tik Tok,Romance,Netflix,12,1985,1870,500,75000,35
Life,8,Yes,Yes,No,Apple,Mac,Omnivore,200,71,65,72,Male,10.5,Yes,Yes,6,Other,3500,15.5,3.85,Yes,4,West,5,Facebook,Action,None,10,1982,1958,568,800000,50
Business,3,No,Yes,No,Apple,Mac,Omnivore,65,66,60,71,Male,9,Yes,Yes,7,Pop,3500,16,3.9,Yes,3,West,20,YouTube,Action,Netflix,10,1990,1876,150,250000,200
Business,6,No,No,No,Apple,PC,Omnivore,200,74,68,75,Male,11.5,Yes,Yes,8,Hip-hop and Rap,887,14.5,3.93,Yes,2,Northeast,30,YouTube,Action,None,10,1968,1876,100,350000,100
Life,6,Yes,No,No,Apple,Mac,Keto,200,62,65,66,Female,6.5,Yes,No,7,Rock and Metal,1000,13,4,Yes,2,West,40,Tik Tok,Drama,Netflix,11,1983,1875,380,400000,500
Nursing,8,Yes,No,No,Apple,Mac,Omnivore,50,64,68,72,Female,6,Yes,Yes,7,Pop,1200,13,4,Yes,3,West,6,Instagram,Romance,Netflix,10,2002,1867,35,100000,150
Nursing,5,Yes,Yes,No,Apple,Mac,Omnivore,20,63,69,70,Female,8,Yes,Yes,5.5,Country,3500,14,4,Yes,3,West,20,Instagram,Comedy,Netflix,12,1980,1776,500,1800,100
Business,6,No,No,Yes,Apple,Mac,Omnivore,100,68,64,71,Male,8,Yes,Yes,8,Country,3500,14,3.7,No,4,West,15,YouTube,Comedy,None,3,1999,1880,240,400000,500
Life,8,Yes,No,Yes,Apple,Other,Omnivore,65,70,60,77,Male,10,No,Yes,4,Country,0,12,3.54,Yes,4,West,8,Instagram,Action,Hulu,7,1965,1954,52,350000,150
Business,6,No,Yes,No,Apple,Mac,Omnivore,100,72,67,70,Male,9.5,Yes,Yes,7,Hip-hop and Rap,0,14,3.1,Yes,7,West,28,Instagram,Drama,Hulu,5,1995,1875,200,1000000,50
Business,5,No,No,Yes,Apple,PC,Omnivore,50,71,65,70,Male,11,Yes,Yes,8,Country,3400,11,3.8,Yes,4,West,4,Instagram,Action,Netflix,10,1990,1875,2000,200000,100
CMS,2,No,Yes,Yes,Apple,Mac,Omnivore,100,68.5,67,69.5,Male,10,Yes,Yes,8,Classical,1600,15,4,Yes,3,West,20,YouTube,Action,Hulu,10,1960,1875,300,150000,100
Life,3,Yes,Yes,No,Apple,Mac,Omnivore,120,73,65,70,Male,11,Yes,No,7.5,Rock and Metal,1000,13.5,3.98,Yes,2,South,12,YouTube,Action,Netflix,7,1995,1875,350,250000,200
Life,9,Yes,No,No,Apple,Mac,Omnivore,40,66,68,77,Female,9.5,Yes,No,8.5,Pop,3548,13.5,3.9,Yes,5,International,24,Tik Tok,Action,Netflix,8,1972,1976,73,200000,0
CFAC,2,No,No,Yes,Apple,Mac,Omnivore,100,61,62,71,Female,8,Yes,Yes,7,Country,3600,15,4,Yes,4,South,12,Instagram,Drama,Apple TV,11,1982,1875,150,300000,200
Life,5,Yes,No,No,Apple,PC,Vegan,100,75,68,74,Male,12,Yes,Yes,7,Rock and Metal,1700,17,4,Yes,2,West,6,YouTube,Horror,Netflix,6,1999,1856,400,300000,100
CMS,8,Yes,No,No,Android,PC,Omnivore,145,74,68,76,Male,10,Yes,No,7,Pop,2846.5,13.5,4,No,1,West,7,Instagram,Action,Netflix,7.5,1987,1891,240,180000,50
Nursing,6,Yes,No,No,Apple,Mac,Omnivore,50,63,64,70,Female,7,Yes,No,7,Country,3550,12,3.8,Yes,3,South,10,Instagram,Action,None,8,1970,1890,300,535000,15
Business,3,No,Yes,No,Apple,Other,Omnivore,50,80,69,75,Male,13,Yes,Yes,7,Country,3500,15,3.95,Yes,4,South,20,Twitter,Comedy,Hulu,4,1990,1875,3000,200000,100
CFAC,4,No,No,No,Apple,PC,Omnivore,50,74,64,70,Male,11,Yes,No,7.5,Pop,500,13,3.1,Yes,1,West,4,Instagram,Romance,None,6,1980,1930,50,130000,800
Business,7,Yes,No,No,Apple,Mac,Omnivore,75,76,71,74,Male,12,Yes,Yes,7.5,Pop,4500,14,3.5,Yes,3,West,12,YouTube,Mystery,Netflix,11,1985,1925,250,450000,1500
Business,5,Yes,Yes,No,Apple,Mac,Omnivore,60,74,64,70,Male,12,Yes,Yes,6.5,Hip-hop and Rap,3500,14,3.97,Yes,5,Northeast,8,Instagram,Comedy,Netflix,11,1950,1930,300,600000,50
Business,6,Yes,No,No,Apple,Mac,Omnivore,100,67,66,71,Female,7,Yes,Yes,7.5,Pop,8000,12,4,No,3,West,4,Tik Tok,Fantasy,Netflix,10,1960,1875,150,200000,500
Business,6,Yes,No,No,Apple,Mac,Omnivore,50,64,65,70,Female,8,Yes,No,6.5,Country,1700,15,4,Yes,3,West,15,Instagram,Mystery,Apple TV,12,1995,1875,2000,300000,100
Business,8,No,No,No,Android,PC,Omnivore,50,64,63,67,Male,9,No,Yes,8,Hip-hop and Rap,5000,16.5,3.975,Yes,3,South,10,YouTube,Comedy,None,5,1995,1873,100,200000,150
FHSS,4,No,No,No,Apple,Mac,Omnivore,50,68,64,73,Female,9,Yes,No,8.5,Pop,3500,14,3.99,Yes,3,West,10,Instagram,Drama,Netflix,10,1999,1890,25,98000,150
Life,5,Yes,No,Yes,Apple,Mac,Keto,75,74,65,80,Male,12.5,Yes,Yes,6.5,Country,3500,13,4,Yes,4,West,15,Instagram,Comedy,Netflix,6,1992,1895,1500,200000,150
Life,1,No,No,No,Apple,Mac,Omnivore,60,67,66,69,Female,7.5,Yes,Yes,6.5,Other,3500,15,4,Yes,3,West,12,Instagram,Action,Netflix,8,1989,1875,30,90000,100
Engineering,5,Yes,No,Yes,Apple,PC,Omnivore,30,70,67,77,Female,9,Yes,Yes,6,Country,4000,15,3.2,Yes,1,Northeast,5,Instagram,Horror,HBO Max,10,2003,1885,300,300000,100
Business,6,Yes,No,No,Apple,PC,Omnivore,70,71,65,70,Male,9.5,Yes,Yes,8,Pop,3000,12,4,Yes,5,West,15,YouTube,Action,None,9,1996,1876,7000,400000,200
Engineering,8,Yes,No,No,Android,PC,Omnivore,105,71,64,74,Male,11.5,Yes,Yes,8,Hip-hop and Rap,1774,16.5,4,No,4,South,14,YouTube,Action,None,7,1985,1875,40,300000,100
Business,8,No,Yes,No,Apple,Mac,Omnivore,60,66,64,75,Female,7,Yes,No,8,Other,3000,15,3.82,No,3,West,8,Instagram,Romance,Netflix,10,2008,1905,100,300000,150
Nursing,4,Yes,No,No,Apple,PC,Paleo,50,64,62,71,Female,9,Yes,Yes,8,Pop,3500,15,4,Yes,5,South,45,Facebook,Romance,Netflix,10.5,1987,1870,300,250000,600
Business,4,No,Yes,No,Apple,PC,Omnivore,150,75,70,72,Male,14,Yes,Yes,7.5,Hip-hop and Rap,0,13,3.76,Yes,6,West,10,Instagram,Action,Hulu,4,1960,1875,65,250000,50
Life,8,No,Yes,No,Apple,Mac,Keto,120,61,60,70,Female,8,No,Yes,7,Other,3600,12,3.8,No,2,South,28,Instagram,Horror,HBO Max,8,2000,1920,206,86000,0
Nursing,6,Yes,No,No,Apple,Other,Omnivore,100,69,66,76,Female,9,Yes,No,7.5,Country,3500,16,4,No,3,West,25,Instagram,Comedy,Netflix,9.5,1980,1870,15,100000,100
Life,6,Yes,No,No,Apple,Other,Omnivore,40,62,60,70,Female,6.5,Yes,Yes,6,Pop,0,12,4,Yes,6,West,14,Instagram,Romance,Netflix,5,1990,1770,160,200000,50
Engineering,4,Yes,No,No,Apple,PC,Omnivore,20,68,62,70,Male,9.5,Yes,Yes,7.5,Rock and Metal,2000,17,3.8,No,4,West,8,Instagram,Action,None,10,1980,1875,450,125000,100
Life,8,No,No,No,Apple,Other,Omnivore,50,64,66,68,Female,7.5,No,No,9,Other,3548,18,3.64,No,3,West,30,Instagram,Action,Netflix,3,1932,1976,12,200000,2000
Business,6,No,No,No,Apple,Mac,Omnivore,80,78,72,78,Male,16,Yes,No,7.5,Country,1800,15,4,Yes,6,West,17,Instagram,Action,None,5,1995,1875,500,1000000,100
Engineering,5,Yes,Yes,No,Apple,PC,Omnivore,150,72,62,70,Male,11,No,Yes,8,Hip-hop and Rap,7000,16.5,3.4,Yes,1,South,16,Instagram,Action,None,7,1991,1876,60,1200000,200
Business,6,Yes,Yes,Yes,Apple,Mac,Paleo,60,77,66,74,Male,11,Yes,Yes,7,Hip-hop and Rap,3000,15,3.95,Yes,4,West,12,Instagram,Mystery,Netflix,10,1994,1875,200,500000,100
Business,8,Yes,No,No,Apple,Mac,Omnivore,200,72,63,76,Female,12,Yes,Yes,7.5,Hip-hop and Rap,3000,12,3.8,Yes,4,West,8,Instagram,Action,Netflix,8.5,1976,1950,300,100000,100
Business,5,No,Yes,No,Apple,Mac,Omnivore,100,69,67,78,Female,9,Yes,Yes,7,Country,1700,15.5,3.5,Yes,4,West,10,Instagram,Romance,Netflix,10,1980,1875,400,1000000,1000
CMS,5,No,No,Yes,Apple,PC,Omnivore,36.5,63,60,65,Male,8,Yes,Yes,6.5,Dance and Electronic Music,6000,15.5,3.93,Yes,2,South,25,Tik Tok,Horror,Netflix,5,1985,1880,16,200000,300
Engineering,8,Yes,No,No,Android,PC,Omnivore,50,66,64,73,Female,9,Yes,No,6.5,Rock and Metal,4000,14.5,4,No,3,West,12,Instagram,Romance,None,8,1985,1875,300,160000,100
CMS,8,Yes,No,No,Android,Other,Omnivore,25,78,69,75,Male,13,No,No,6,Other,0,12.5,3.6,No,5,West,15,YouTube,Mystery,None,4,1969,1880,305,108000,100
Business,8,Yes,No,Yes,Apple,Mac,Omnivore,80,74,69,70,Male,11.5,Yes,Yes,7.5,Other,0,16,3.78,Yes,3,West,20,Instagram,Fantasy,HBO Max,11,1995,1890,300,400000,800
CFAC,5,Yes,Yes,Yes,Android,Mac,Omnivore,30,63,61,70,Female,7.5,No,Yes,5.5,Pop,3500,10,4,Yes,6,West,6,Instagram,Romance,Netflix,9,1990,1876,2100,40000,250
Life,6,No,Yes,No,Android,Mac,Omnivore,100,64,64,68,Female,6.5,Yes,Yes,7.5,Pop,3548,14,3.8,Yes,0,Northeast,12,Instagram,Romance,None,5,1974,1875,1250,400000,0
Education,6,No,No,Yes,Apple,PC,Paleo,70,63,64,70,Female,7,Yes,Yes,6.5,Other,1500,14,4,Yes,3,West,8,Instagram,Romance,None,9.5,1980,1980,2000,90000,100
Business,4,No,No,No,Apple,PC,Omnivore,50,72,67,73,Male,10.5,Yes,Yes,6,Other,3700,14,3.8,Yes,4,South,5,Instagram,Comedy,Apple TV,8,1995,1825,1500,500000,300
FHSS,5,No,No,No,Apple,Mac,Omnivore,40,63.75,63,70,Female,8,Yes,No,7,Pop,3548,12,4,Yes,5,West,25,Instagram,Romance,None,9,1994,1886,6675,120000,200
Humanities,8,No,No,Yes,Apple,Mac,Omnivore,35,64,63,72,Female,6,Yes,Yes,7,Pop,3548,12,3.8,Yes,4,West,4,Tik Tok,Drama,Netflix,9,1995,1950,100,80000,100
Humanities,2,No,Yes,No,Android,PC,Vegetarian,650,67,64,69,Female,8,No,No,7,Pop,1000,3,3.8,No,8,West,15,Instagram,Drama,Netflix,10,1980,1860,400,150000,1000
Education,7,Yes,No,No,Apple,Mac,Omnivore,30,62.5,63,67,Female,9.5,Yes,No,8,Pop,1500,16,4,Yes,6,South,4,Facebook,Romance,None,8,1990,1875,27,45000,150
Business,6,Yes,No,No,Apple,Other,Omnivore,25,72,65,76,Male,11.5,Yes,Yes,7.8,Pop,0,12,3.6,No,4,International,5,Instagram,Action,None,7,1959,1880,45,500000,200
Business,4,Yes,No,No,Apple,PC,Omnivore,45,68,70,72,Female,9,Yes,Yes,7.5,Other,0,15.5,3.9,Yes,3,South,15,Instagram,Action,None,9,1998,1975,354,150000,0
Nursing,5,Yes,No,No,Apple,Mac,Omnivore,60,64,59,74,Female,7.5,Yes,No,7.5,Other,0,15,4,Yes,5,West,30,Instagram,Romance,Netflix,5,1999,1930,60,175000,0
Business,4,Yes,Yes,No,Apple,Mac,Omnivore,25,65,65,68,Female,7,Yes,Yes,7,Country,0,17,3.91,Yes,6,West,15,Instagram,Romance,None,8.5,1972,1876,60,150000,50
Life,1,No,Yes,No,Apple,Mac,Omnivore,50,69,70,71,Female,9,Yes,No,7.5,Rock and Metal,3500,15,3.6,No,2,West,12,Instagram,Romance,HBO Max,7,1991,1950,250,150000,1000
Life,8,No,Yes,No,Apple,Mac,Omnivore,50,65,62,70,Female,9.5,Yes,No,7,Pop,0,15,3.5,No,3,West,7,Tik Tok,Romance,Netflix,10,1987,1872,200,180,100
Nursing,5,No,No,No,Apple,Mac,Omnivore,15,68,65,72,Female,8.5,Yes,Yes,7.5,Pop,2000,12,4,Yes,4,South,5,Tik Tok,Comedy,None,6.5,1984,1897,80,118000,150
Business,8,Yes,No,No,Apple,Mac,Omnivore,40,71,60,74,Male,10,Yes,Yes,7.5,Country,3500,12,3.8,No,3,West,5,Instagram,Action,Netflix,10,1995,1950,70,250000,200
CFAC,2,No,Yes,No,Apple,Mac,Paleo,100,69,69,74,Female,7,Yes,Yes,8,Other,3500,14,3.96,Yes,3,West,4,Instagram,Comedy,None,10,1983,1824,55,6000000,200
Business,2,No,Yes,Yes,Apple,PC,Keto,100,78,68,75,Male,13,Yes,Yes,7,Hip-hop and Rap,3600,14,3.98,Yes,2,West,8,Instagram,Action,Netflix,8,1995,1861,300,500000,50
CFAC,1,No,Yes,Yes,Android,Mac,Paleo,60,62.75,64,72,Female,6.5,Yes,Yes,7,Other,0,15,3.9,Yes,9,West,10,Instagram,Romance,None,4,1960,1880,5000,45000,350
Engineering,5,Yes,No,Yes,Apple,Other,Omnivore,50,62,61,64,Male,8,Yes,Yes,6,Hip-hop and Rap,3500,12,3.8,Yes,5,South,20,Instagram,Comedy,None,5,1992,1905,50,250000,100
CMS,4,No,Yes,No,Apple,Mac,Omnivore,100,65,70,72,Female,8,Yes,Yes,8,Pop,0,15.5,4,Yes,2,West,30,YouTube,Comedy,Hulu,12,1990,1875,298,150000,50
Life,2,No,Yes,No,Apple,Mac,Omnivore,100,67,65,76,Male,7,Yes,No,6,Dance and Electronic Music,3000,6,3.8,Yes,6,West,8,YouTube,Romance,None,7,1950,1980,60,120000,600
Business,10,Yes,No,No,Apple,Mac,Omnivore,0,70,70,69,Male,9,No,Yes,6.5,Other,3000,10,2,Yes,1,West,4,YouTube,Action,None,10,2000,1775,5670,100000,5
Engineering,6,Yes,Yes,No,Apple,Mac,Omnivore,70,73,68,72,Male,14,Yes,Yes,7.5,Pop,3500,14.5,3.6,Yes,2,South,15,Instagram,Comedy,Hulu,6,1952,1775,1300,200000,250
Education,4,No,No,No,Apple,PC,Omnivore,20,63,65,69,Female,8.5,No,No,7,Hip-hop and Rap,3444,13,4,Yes,4,Northeast,7,Instagram,Romance,Hulu,8,2001,1950,100,90000,200
Business,6,Yes,No,No,Apple,Mac,Omnivore,40,73,65,73,Male,12,Yes,Yes,7.5,Rock and Metal,3600,13,3.83,Yes,3,West,50,YouTube,Comedy,None,9,1990,1875,100,300000,50
Business,6,No,No,No,Apple,PC,Paleo,30,71,65,74,Male,11.5,No,No,7,Rock and Metal,3500,8,3.6,Yes,2,West,6.5,Instagram,Fantasy,Netflix,10,1982,1875,50,250000,300
CMS,6,No,Yes,No,Apple,Mac,Omnivore,100,71,63,69,Male,10,Yes,Yes,7,Other,0,14,3.85,Yes,5,West,4,Instagram,Comedy,None,10,1987,1875,1000,200000,50
Business,7,Yes,No,No,Apple,PC,Omnivore,40,74,68,71,Male,12,Yes,No,7.5,Pop,3540,14,3.4,Yes,5,West,30,Instagram,Fantasy,None,4.5,1988,1876,400,350000,60
Business,5,Yes,Yes,Yes,Apple,Mac,Keto,150,66,66,74,Female,5,No,No,5.5,Other,0,14,3.7,Yes,1,South,20,Tik Tok,Action,None,8,1962,1890,300,120000,200
CFAC,4,No,No,Yes,Apple,Mac,Omnivore,70,69,64,73,Female,9,No,Yes,9,Other,600,11,3.4,Yes,2,Northeast,40,YouTube,Comedy,HBO Max,8,1991,1880,150,90000,150
Education,6,Yes,Yes,No,Apple,Mac,Omnivore,30,64.5,69,71,Female,9,Yes,No,8,Rock and Metal,7000,15,4,No,4,South,9,Instagram,Comedy,Hulu,9,1981,1875,100,80000,200
Business,4,No,No,Yes,Apple,PC,Omnivore,35,70.5,64,68.5,Male,9.5,Yes,Yes,6.7,Country,1246,13,4,Yes,3,South,20,Instagram,Action,None,8,1993,1875,250,5000000,147.14
Life,6,No,Yes,No,Apple,Mac,Omnivore,150,64,65,72,Female,6,Yes,Yes,8.5,Other,4000,11.5,3.68,No,3,West,2,Facebook,Comedy,Netflix,11,1976,1776,50,180000,50
Life,2,Yes,Yes,No,Apple,Mac,Omnivore,50,66,66,70,Female,8,Yes,No,6,Country,4000,15,3.8,Yes,4,South,18,Instagram,Comedy,Netflix,5,1978,1970,30,60000,500
Business,4,No,Yes,No,Apple,Other,Omnivore,150,70,67,67,Male,9,Yes,Yes,7,Other,3600,16,3.9,Yes,3,South,30,Instagram,Action,Hulu,5,1993,1875,80,1000000,10
Business,6,No,No,No,Apple,Mac,Omnivore,100,72,66,68,Male,11,No,Yes,8,Rock and Metal,3500,15,4,Yes,4,West,5,YouTube,Foreign,None,7,1972,1835,100,250000,0
CMS,8,No,Yes,No,Android,PC,Omnivore,30,61.8,61.4,65,Female,6,Yes,Yes,7,Pop,0,13.5,3.2,Yes,1,International,10,Instagram,Romance,None,12,1970,1776,16,65000,0
Business,8,Yes,No,No,Apple,Other,Omnivore,30,66,69,72,Female,8,Yes,Yes,7,Country,2000,15,4,No,3,West,8,Instagram,Action,Netflix,8,1990,1875,250,130000,80
Business,4,No,Yes,Yes,Apple,Mac,Omnivore,100,73,66,69,Male,9.5,No,Yes,7,Hip-hop and Rap,4000,13.5,4,Yes,3,South,30,Facebook,Action,None,7,1987,1875,112,1000000,0
Business,6,Yes,No,No,Apple,PC,Omnivore,25,74,68,70,Male,10,Yes,Yes,7,Country,2500,13,4,Yes,4,West,25,YouTube,Comedy,None,8,1970,1876,600,500000,1000
CFAC,4,Yes,No,No,Android,PC,Omnivore,50,72,62,72,Male,10.5,Yes,No,6.5,Pop,3400,15.5,4,Yes,2,West,5,Instagram,Action,Netflix,9,1999,1876,200,90000,100
Life,6,Yes,No,No,Android,PC,Omnivore,40,70,64,75,Male,8,Yes,Yes,8,Hip-hop and Rap,0,16,3.8,Yes,4,West,25,YouTube,Action,None,10,2001,1976,60,100000,200
CMS,7,Yes,No,Yes,Apple,Mac,Omnivore,70,69,68,75,Male,9,Yes,Yes,6.75,Rock and Metal,3500,11.5,3.93,Yes,2,West,6,Instagram,Comedy,Apple TV,8,1990,1876,700,150000,150
Business,7,No,No,Yes,Apple,PC,Omnivore,65,63,67,73,Female,8.5,Yes,Yes,6,Country,2256,6,3.7,Yes,3,West,9,Instagram,Drama,Hulu,11.5,1987,1960,1000,110000,300
Nursing,6,Yes,No,No,Apple,PC,Omnivore,50,65,65,74,Female,7,Yes,Yes,6,Country,2000,12,3.9,Yes,6,West,30,Instagram,Mystery,Netflix,11,1985,1890,120,35000,200
Life,5,No,No,No,Apple,Mac,Omnivore,100,67,69,70,Female,7,Yes,No,7,Country,1400,13,4,Yes,4,West,20,Tik Tok,Comedy,Netflix,7,1997,1880,80,300000,50
Business,5,No,Yes,No,Android,Other,Omnivore,40,69,66,74,Female,9,Yes,No,8,Pop,0,14,4,Yes,9,South,9,Instagram,Action,None,9,1970,1875,110,90000,90
Business,6,Yes,No,Yes,Apple,Mac,Omnivore,20,78,68,74,Male,13,Yes,Yes,6,Other,0,10,2,No,1,South,4,Instagram,Mystery,Netflix,6,1960,1990,500,200,10
Life,6,No,No,No,Apple,Mac,Omnivore,150,64,68,73,Female,8.5,Yes,Yes,7,Country,0,14,4,Yes,1,South,10,Tik Tok,Romance,Netflix,8,1965,1945,600,100000,50
Business,6,Yes,No,No,Apple,PC,Paleo,250,71,64,73,Male,11.5,Yes,Yes,7,Country,3000,14,3.75,No,5,West,6,Instagram,Action,None,11,1985,1890,100,200000,0
Life,8,Yes,Yes,No,Apple,Mac,Omnivore,100,72,58,67,Male,10.5,Yes,Yes,7,Hip-hop and Rap,3700,14,3.71,No,3,West,4,Instagram,Action,Netflix,8,1976,1876,200,250000,150
CMS,8,Yes,No,No,Apple,PC,Omnivore,100,63,61,72,Female,6.5,No,No,6.5,Rock and Metal,500,13.5,4,No,3,Midwest,6,Instagram,Action,None,6,1970,1875,600,120000,200
Life,5,Yes,No,No,Apple,PC,Keto,75,63,67,72,Female,6.5,Yes,No,7,Pop,3500,15,4,No,2,Northeast,6,Tik Tok,Fantasy,Netflix,7,1960,1875,300,250000,250
Business,6,Yes,No,Yes,Apple,PC,Omnivore,70,70,62,70,Male,10.5,Yes,Yes,8,Pop,2500,14,3.99,No,4,Midwest,5,Instagram,Action,None,9,1964,1875,500,5000000,20
Nursing,7,Yes,No,No,Apple,Mac,Omnivore,50,65,66,72,Female,7,No,Yes,7.5,Country,3500,13,3.9,Yes,2,West,18,Instagram,Action,Netflix,8,1998,1875,88,150000,350
Business,6,No,No,No,Apple,PC,Omnivore,50,77,74,76,Male,12,Yes,Yes,5.5,Pop,2600,12,4,Yes,1,South,4,Tik Tok,Fantasy,None,8,1998,1889,460,150000,0
FHSS,2,No,Yes,Yes,Apple,PC,Omnivore,200,62,64,65,Female,9,Yes,Yes,7,Rock and Metal,3000,18,2.3,No,8,West,20,Tik Tok,Comedy,HBO Max,8,1989,1895,100,150000,5000
Business,8,Yes,No,No,Apple,Mac,Omnivore,40,67,68,73,Female,7.5,No,No,7.5,Rock and Metal,3500,16,4,No,3,Northeast,15,Instagram,Comedy,Netflix,10,1989,1975,30,300000,50
Engineering,4,No,No,No,Apple,Other,Omnivore,60,66,69,72,Female,7,Yes,Yes,6.5,Dance and Electronic Music,3500,13.5,3.9,Yes,5,West,50,Instagram,Romance,Hulu,6,1973,1899,60,400000,100
CMS,8,No,No,Yes,Apple,Other,Omnivore,150,70,63,70,Male,11,Yes,No,6,Country,3500,12,4,No,3,West,12,Instagram,Action,Apple TV,6,1990,1875,70,200000,100
Life,7,No,No,No,Apple,Mac,Omnivore,50,69,60,72,Male,10,Yes,Yes,7,Hip-hop and Rap,4000,12,4,No,3,South,15,Snapchat,Horror,Netflix,10,1950,1880,250,600000,1000
Engineering,4,No,Yes,No,Apple,Mac,Keto,100,74,65,75,Male,12,Yes,Yes,8,Rock and Metal,3444,14.5,3.95,No,3,West,4,YouTube,Action,Apple TV,9,1999,1858,300,200000,50
Life,4,Yes,Yes,Yes,Apple,Mac,Omnivore,40,65,70,75,Female,8.5,Yes,Yes,7,Other,3500,12,3.95,Yes,3,West,15,Instagram,Romance,Netflix,9,1995,1900,20,85000,20
Life,8,Yes,Yes,No,Apple,Other,Paleo,40,66,70,72,Female,9,Yes,No,7,Other,1000,14,4,Yes,3,International,10,YouTube,Romance,None,12,1980,1900,20,150000,300
Business,8,No,No,No,Apple,Mac,Keto,40,70,68,74,Female,10,Yes,Yes,6,Other,3500,14,3.9,Yes,3,West,25,Instagram,Comedy,None,4,1985,1876,50,75,100
Business,8,Yes,No,No,Apple,PC,Omnivore,150,65,67,74,Female,6,Yes,No,7.5,Country,0,14,4,No,3,West,15,Instagram,Action,Netflix,8,1990,1970,142,90000,75
Engineering,8,Yes,Yes,No,Apple,Mac,Omnivore,50,69,68,66,Male,10.5,Yes,Yes,8,Rock and Metal,1500,14,3.8,No,4,Midwest,7,Instagram,Action,Netflix,4,1987,1875,300,90000,30
Business,8,Yes,No,No,Apple,Mac,Omnivore,50,73,67,71,Male,10.5,Yes,Yes,8,Other,3444,14.5,3.9,No,4,South,10,Instagram,Action,None,10,1985,1875,100,300000,50
CMS,8,Yes,No,No,Apple,PC,Omnivore,105,66,60,72,Male,8,Yes,Yes,8,Hip-hop and Rap,0,14.5,4,No,3,West,12,Instagram,Action,Netflix,10,1992,1876,28,180000,30
Business,6,Yes,Yes,No,Apple,Mac,Omnivore,150,74,70,70,Male,11,Yes,Yes,7.5,Other,3500,14,3.6,Yes,3,West,20,Instagram,Action,Netflix,9,1992,1840,2000,600000,150
Life,8,Yes,No,No,Apple,Mac,Keto,150,65,60,70,Female,8,Yes,Yes,7.5,Pop,4000,13,3.7,No,4,Midwest,10,Instagram,Mystery,Netflix,5,1990,1870,1100,80000,500
Education,4,No,Yes,No,Apple,Mac,Omnivore,75,66,64,72,Female,8,Yes,No,7,Other,3000,15,4,Yes,3,West,6,Instagram,Drama,HBO Max,10,2001,1850,50,90000,300
CMS,8,Yes,No,No,Apple,Mac,Omnivore,65,77,72,75,Male,13,Yes,Yes,7,Country,0,13,4,Yes,3,West,10,YouTube,Comedy,None,6,1998,1876,100,180000,20
Education,8,Yes,No,No,Apple,Mac,Omnivore,100,65,67,72,Female,7.5,Yes,No,6.5,Hip-hop and Rap,7000,13.5,3.8,Yes,4,South,5,Tik Tok,Horror,Netflix,5,1960,1900,162,90000,150
Life,5,No,No,No,Apple,Other,Omnivore,70,72,63,69,Male,10,Yes,Yes,7.5,Country,700,16,4,Yes,6,West,17.5,Instagram,Comedy,None,4,1992,1876,100,400000,26
Business,7,Yes,No,No,Apple,PC,Omnivore,90,74,67,72,Male,12.5,Yes,No,7,Other,3000,14,3.81,No,4,West,5,Instagram,Horror,Netflix,9,1995,1876,250,500000,100
Business,5,Yes,Yes,No,Apple,Mac,Omnivore,100,70,62,69,Male,11,Yes,Yes,8,Pop,0,14,4,Yes,3,South,10,Instagram,Action,Netflix,7,1985,1900,20,200,100
Business,4,Yes,Yes,No,Apple,Mac,Omnivore,150,64,66,70,Female,7,Yes,Yes,9,Other,3000,13,3.95,Yes,4,West,10,Instagram,Comedy,Netflix,10,1990,1886,1000,300000,3000
Nursing,6,No,No,Yes,Android,PC,Omnivore,80,68,62,71,Male,9,Yes,Yes,8,Pop,3500,6,3.9,No,4,West,15,Instagram,Comedy,Netflix,3,1985,1875,240,250000,400
Business,6,Yes,No,Yes,Apple,Mac,Omnivore,50,70,64,74,Male,11.5,Yes,Yes,8.25,Other,1774,12,4,No,1,West,4,YouTube,Fantasy,Apple TV,5,1994,1865,1000,120000,20
Life,8,Yes,No,No,Apple,Mac,Omnivore,70,71,66,72,Male,10.5,Yes,No,8,Country,3300,13.5,3.7,No,2,West,18,Instagram,Action,Netflix,8,1994,1885,576,175000,100
Business,8,Yes,No,No,Apple,Mac,Omnivore,60,75,69,72,Male,12,Yes,No,6.5,Hip-hop and Rap,0,14,4,Yes,6,West,8,Instagram,Mystery,Netflix,10,1964,1950,260,250000,300
Education,6,No,No,Yes,Apple,Mac,Omnivore,45,62,63,70,Female,6.5,No,Yes,6.5,Pop,1500,12,3.4,Yes,2,West,4,Tik Tok,Romance,Netflix,11,2000,1934,2800,64000,100
FHSS,7,Yes,No,No,Apple,Other,Omnivore,90,64,67,72,Female,7.5,Yes,Yes,7,Country,7000,15.5,3.97,No,3,West,5,Instagram,Action,Netflix,10,1945,1950,50,75000,25
Business,8,Yes,No,No,Apple,Other,Omnivore,20,63,67,72,Female,6,Yes,Yes,5,Country,2500,17,4,No,5,West,15,Instagram,Comedy,Hulu,9,1940,1830,35,400000,300
CFAC,4,No,No,Yes,Apple,PC,Omnivore,70,67,65,71,Female,10,No,Yes,6,Pop,4000,12,3.9,Yes,4,West,20,Instagram,Comedy,Netflix,11,2000,1826,60,175000,500
FHSS,6,Yes,Yes,No,Apple,Other,Paleo,90,76,69,72,Male,12,Yes,Yes,8,Country,3548,13,3.8,No,4,Midwest,15,YouTube,Fantasy,None,5,1991,1875,90,400000,1
Business,6,No,No,No,Apple,Other,Omnivore,150,69,61,73,Male,11,Yes,Yes,7,Country,1000,3,3.98,Yes,2,West,10,YouTube,Comedy,None,6,1990,1878,450,250000,150
Engineering,8,Yes,No,No,Apple,PC,Omnivore,25,68,65,70,Male,10.5,Yes,Yes,7.5,Other,0,15.5,4,Yes,3,Midwest,5,Instagram,Fantasy,Netflix,5,1995,1875,80,200,100
Business,8,Yes,No,No,Apple,PC,Omnivore,30,68,66,76,Female,8.5,Yes,No,6,Country,2500,15,3.98,Yes,5,West,7,Instagram,Romance,Netflix,5,2001,1890,132,90000,200
CFAC,5,Yes,Yes,Yes,Apple,Mac,Omnivore,50,65,65,70,Female,10,Yes,Yes,6,Country,4000,13,3.8,Yes,2,West,8,Tik Tok,Comedy,Hulu,12,2000,1886,24,400000,100
Business,7,No,Yes,No,Apple,PC,Omnivore,0,76,66,71,Male,12,Yes,No,7.5,Hip-hop and Rap,2750,13,3.98,Yes,5,West,15,Instagram,Action,None,8,1965,1890,100,180000,200
Life,3,No,No,No,Apple,Mac,Omnivore,40,64,64,71,Female,6,Yes,Yes,8.25,Other,3000,17,3.8,Yes,3,Northeast,6.5,YouTube,Comedy,Netflix,7,1994,1886,63,165000,50
Life,5,Yes,No,No,Android,Other,Omnivore,30,61,63,74,Female,7,Yes,No,7.5,Pop,2000,17,4,Yes,4,West,20,Instagram,Romance,Netflix,8,1961,1875,50,120000,100
CMS,6,Yes,No,Yes,Apple,PC,Omnivore,30,64,62,69,Female,7,Yes,No,7,Pop,3500,14,4,Yes,4,West,13,Instagram,Horror,Netflix,7,2003,1890,1000,80000,150
Engineering,5,Yes,No,Yes,Apple,Mac,Omnivore,50,71.5,67.5,72,Male,11,Yes,Yes,7,Rock and Metal,3500,13,3.75,Yes,2,West,10,Instagram,Comedy,None,10,1999,1880,150,140000,75
Life,7,No,No,Yes,Apple,PC,Omnivore,70,64,67,71,Female,7,Yes,Yes,10,Pop,3500,14,4,No,3,West,30,Instagram,Comedy,Netflix,5,1982,1902,100,100000,200
FHSS,8,No,No,No,Apple,Mac,Omnivore,15,68,68,70,Male,13,Yes,Yes,7.5,Pop,3000,14,3.5,Yes,3,West,19,Instagram,Action,None,4,1995,1876,1700,500000,10
Engineering,5,Yes,No,Yes,Apple,Mac,Omnivore,100,71.5,62,70,Male,10.5,Yes,Yes,6,Other,0,14.5,4,Yes,4,West,6,YouTube,Action,None,7,1987,1876,120,300,50
Engineering,8,Yes,No,No,Apple,Mac,Omnivore,70,73,63,72,Male,10.5,Yes,No,7,Country,3444,14,4,No,4,West,5,Snapchat,Action,None,8,1998,1875,400,1000000,300
Life,5,Yes,Yes,No,Apple,Mac,Omnivore,100,68,52,77,Male,11,Yes,Yes,6,Country,3000,14,3.8,Yes,2,South,3,Instagram,Horror,HBO Max,7,1992,1875,79,300000,250
Business,5,No,No,No,Apple,PC,Omnivore,100,70,62,66,Male,9,Yes,Yes,7,Rock and Metal,3500,7,4,Yes,2,South,10,Instagram,Action,None,8,1980,1876,1000,200000,1000
Business,4,Yes,Yes,Yes,Apple,Mac,Omnivore,150,71,67,73,Male,11.5,Yes,Yes,7.5,Other,3500,14,3.8,Yes,4,West,12,Instagram,Action,None,8,1980,1875,150,1500000,250
CFAC,5,Yes,Yes,No,Apple,Mac,Omnivore,70,68,69,77,Female,9,Yes,Yes,7,Country,0,15,4,Yes,2,West,15,Instagram,Comedy,Netflix,9,1967,1910,5000,60000,150
Business,4,No,No,Yes,Apple,PC,Omnivore,110,72,67,73,Male,10,Yes,Yes,8,Hip-hop and Rap,3500,13,3,Yes,4,West,6,Instagram,Action,None,8,1970,1951,150,1000000,2000
Engineering,5,No,No,Yes,Apple,PC,Omnivore,50,68,66,72,Female,9,No,Yes,7,Country,1750,14.5,4,Yes,5,West,40,YouTube,Action,Netflix,13,1995,1875,200,250000,500
Business,6,Yes,Yes,No,Apple,PC,Keto,50,64,63,68,Female,9,Yes,Yes,7,Country,1700,14,4,Yes,4,South,14,Instagram,Action,Hulu,11,1995,1875,60,100000,100
Education,8,Yes,No,No,Apple,Other,Omnivore,120,62,68,70,Female,5,No,Yes,6,Pop,3500,15,3.8,No,3,West,10,Instagram,Comedy,Netflix,7,1940,1920,200,60000,100
Nursing,10,Yes,No,Yes,Apple,Other,Omnivore,120,65,59,66,Male,9.5,Yes,No,6.5,Country,3600,14,3.4,No,2,South,4,Instagram,Action,Hulu,4,1989,1875,25,180000,1000
FHSS,6,Yes,No,Yes,Apple,PC,Omnivore,50,67,66,73,Female,7,Yes,No,7.8,Other,3500,12,3.7,No,7,West,4,Instagram,Fantasy,None,10,1992,1930,5000,80000,0
Engineering,6,No,No,No,Apple,Mac,Omnivore,100,71,68,71,Male,10,Yes,Yes,7,Country,2500,12,3.93,Yes,4,South,20,Facebook,Comedy,None,8,1980,1871,100,1000000,500
Business,6,Yes,No,No,Android,Other,Omnivore,70,63,63,69,Female,7,No,Yes,8.5,Dance and Electronic Music,0,16,3.95,No,5,South,5,YouTube,Foreign,None,4,1995,1925,1000,100000,100
Life,6,Yes,No,No,Apple,Mac,Omnivore,15,65,68,68,Female,8,Yes,No,7,Other,3500,14,4,No,3,West,12,Instagram,Romance,Netflix,8,1970,1880,250,150000,100
Education,6,Yes,No,No,Android,PC,Omnivore,40,62.5,67,67,Female,7.5,No,No,7.5,Pop,3548,12,3.95,Yes,3,Midwest,5,Instagram,Action,Netflix,12,1996,1875,2759,100000,100
Nursing,7,No,No,No,Apple,Mac,Omnivore,70,61,61,72,Female,6,Yes,No,8,Country,3600,9.5,3.8,Yes,4,Northeast,8.5,Instagram,Comedy,None,10.5,1975,1875,400,150000,50
CFAC,8,Yes,No,No,Apple,Mac,Omnivore,25,68,66,77,Female,8,Yes,No,7,Pop,2500,12,3.98,Yes,6,West,15,Tik Tok,Mystery,Netflix,7,1980,1896,200,100000,100
Life,6,Yes,Yes,Yes,Apple,Mac,Omnivore,60,74,70,71,Male,10.5,Yes,Yes,7.5,Pop,3200,16,3.7,Yes,2,West,20,Instagram,Action,None,9.5,1985,1875,150,120000,500
Life,5,No,Yes,No,Apple,PC,Omnivore,50,66,67,67,Male,8,Yes,Yes,7,Other,0,12,3.9,Yes,1,South,20,Facebook,Comedy,None,10,1980,1775,300,300000,5
Business,5,Yes,No,Yes,Apple,Mac,Omnivore,80,68.5,67,73,Female,9,Yes,Yes,6,Pop,3500,13,3.8,Yes,2,South,7,Instagram,Comedy,Hulu,6,2000,1875,150,200000,300
Life,5,Yes,No,No,Apple,Mac,Omnivore,80,68,64,70,Male,9.5,Yes,Yes,9.5,Other,1500,15,3.92,No,4,West,8,Instagram,Comedy,Netflix,10,1960,1890,300,300000,150
FHSS,7,Yes,No,No,Apple,Mac,Omnivore,50,68,71,74,Female,8.5,Yes,No,5,Rock and Metal,4000,15,3.96,Yes,1,West,6,Tik Tok,Romance,Netflix,8,1970,1875,50,800000,200
Engineering,6,Yes,Yes,No,Android,Other,Omnivore,100,71,65,74,Male,11,Yes,No,7.5,Dance and Electronic Music,3000,12.5,4,Yes,4,West,5,Instagram,Fantasy,None,7,1975,1926,2000,150000,750
Education,6,Yes,No,No,Apple,PC,Omnivore,80,60,64,63,Female,6,Yes,No,7,Rock and Metal,3000,14,4,Yes,2,West,9,Instagram,Comedy,Netflix,15,1996,1875,40,99000,20
Business,4,No,No,No,Android,PC,Omnivore,120,65,61,67,Female,8,Yes,Yes,6,Pop,300,13.5,4,Yes,1,South,30,YouTube,Action,None,14,1990,1925,20,90000,75
Business,8,Yes,No,No,Apple,Mac,Omnivore,75,70,65,72,Male,10.5,Yes,No,7.5,Hip-hop and Rap,1722,15,4,No,3,West,15,Instagram,Action,Netflix,8,1980,1780,500,350000,300
CFAC,5,No,No,No,Apple,Mac,Omnivore,75,75,68,79,Male,12,Yes,No,7,Country,3500,14,4,Yes,2,West,8,Instagram,Action,Netflix,12,1975,1876,500,250000,100
Humanities,4,Yes,No,No,Apple,PC,Omnivore,100,71,66,68,Male,10,Yes,Yes,5,Rock and Metal,3500,12,3.8,Yes,3,West,6,Instagram,Action,Netflix,6,1996,1876,45,150000,500
Education,5,Yes,Yes,No,Android,Other,Omnivore,28,63,71,67,Female,7,No,No,7.5,Pop,2000,13,3.9,Yes,7,West,15,Facebook,Fantasy,None,9,1976,1876,140,80000,50
Business,4,Yes,No,No,Apple,PC,Omnivore,30,68,66,73,Female,8,Yes,Yes,6,Pop,1500,15.5,4,Yes,3,Northeast,10,Instagram,Romance,Netflix,7,1999,1885,150,250000,200
Business,6,Yes,No,No,Apple,PC,Omnivore,50,72,68,71,Male,11.5,Yes,Yes,8,Hip-hop and Rap,3636,15,4,No,3,Northeast,48,YouTube,Action,None,0,1973,1904,30,1000000,200
Business,4,Yes,Yes,No,Apple,Mac,Omnivore,100,59,59,72,Female,5,Yes,Yes,8,Pop,3500,16,4,Yes,3,Midwest,20,Instagram,Romance,None,11,1990,1875,36,150000,200
Business,7,Yes,No,Yes,Apple,Mac,Omnivore,60,64,62,72,Female,8,Yes,Yes,7,Country,3500,14,3.91,Yes,3,West,35,Instagram,Comedy,Hulu,3,1978,1900,800,300000,150
Life,8,Yes,Yes,Yes,Apple,PC,Omnivore,50,70,63,71,Male,11,Yes,Yes,7,Hip-hop and Rap,0,16,3.99,No,3,South,10,Tik Tok,Action,Hulu,6,1987,1890,100,1500000,0.01
Education,5,No,No,No,Apple,Mac,Omnivore,60,62,63,68,Female,7.5,Yes,Yes,9,Pop,350,14,3.8,Yes,3,South,15,Tik Tok,Romance,None,6,1968,1876,5000,100000,80
Business,7,Yes,No,Yes,Apple,Other,Omnivore,120,66,60,70,Male,8.5,Yes,Yes,6.5,Other,3548,11,3.78,No,8,West,36,Instagram,Fantasy,HBO Max,8,1994,1876,150,120000,180
Education,7,Yes,No,No,Apple,Other,Omnivore,40,61,67,72,Female,6,Yes,Yes,8,Pop,3400,14,3.95,Yes,1,West,14,Instagram,Comedy,None,8,1998,1879,120,80000,50
Life,8,Yes,No,No,Apple,Mac,Omnivore,100,67,66,73,Female,10.5,Yes,No,8,Rock and Metal,3500,13,3.9,No,4,West,20,Tik Tok,Comedy,Netflix,10,2003,1865,300,170000,100
Business,5,Yes,Yes,No,Apple,Mac,Omnivore,100,73,67,71,Male,10.5,Yes,Yes,8,Pop,3400,12,3.9,Yes,3,West,12,Instagram,Mystery,Netflix,7,1990,1875,400,1000000,100
Business,4,Yes,Yes,No,Apple,Mac,Omnivore,100,72,67,67,Male,12,Yes,No,7,Other,3500,16,3.8,Yes,5,West,9,Instagram,Action,Netflix,11,1992,1876,200,5000000,150
Life,6,Yes,Yes,No,Apple,PC,Keto,75,72,68,67,Male,10,Yes,Yes,7.5,Other,1700,13,3.9,Yes,4,South,3.5,Facebook,Comedy,None,4,1965,1875,250,650000,175
Business,6,Yes,Yes,No,Apple,Mac,Omnivore,50,72,67,71,Male,13,Yes,Yes,7.5,Pop,0,14,3.7,Yes,3,West,15,Instagram,Comedy,Netflix,12,1965,1875,134,150000,100
Business,4,No,No,Yes,Apple,Mac,Omnivore,30,68,63,70,Male,10,Yes,Yes,7,Pop,3500,13,3.9,Yes,5,West,10,Instagram,Action,HBO Max,9,1998,1876,2500,300000,500
Business,7,No,No,No,Apple,PC,Omnivore,35,75,68,73,Male,12,Yes,Yes,6,Pop,3500,12,4,Yes,5,West,24,Instagram,Action,Netflix,8,1983,1875,300,200000,100
Business,5,No,No,No,Apple,Mac,Omnivore,30,65,68,72,Female,6.5,Yes,Yes,6,Country,3500,12,3.95,Yes,3,South,6,Instagram,Romance,Netflix,9,1990,1875,30,0.1,0.25
FHSS,3,Yes,No,No,Apple,Mac,Omnivore,70,67,64,68,Female,7.5,No,No,4,Other,1774,14,3.7,Yes,5,Northeast,25,Instagram,Comedy,HBO Max,21,1985,1885,70,80000,25
Business,7,Yes,No,No,Apple,Mac,Paleo,80,71,66,72,Male,10.5,Yes,Yes,6,Other,3444,14,3.6,No,3,West,4,Facebook,Action,Hulu,9,1987,1875,41,1500000,400
Business,5,Yes,Yes,No,Apple,PC,Omnivore,30,73.5,69,72,Male,11.5,Yes,Yes,7,Country,3444,14,4,Yes,9,Midwest,8,Facebook,Action,None,2,1995,1895,353,250000,400
Business,4,Yes,Yes,Yes,Apple,Mac,Keto,170,63,60,60,Female,7,Yes,Yes,6,Other,0,13.5,3.9,Yes,6,West,8,Instagram,Mystery,Hulu,5,1995,1989,100,20000,250
Business,5,Yes,No,Yes,Apple,Mac,Omnivore,30,74,65,68,Male,11.5,Yes,Yes,6,Country,3500,13,3.8,Yes,4,West,9,Instagram,Fantasy,Netflix,10,1972,1875,55,150000,100
Life,6,Yes,No,No,Apple,Mac,Omnivore,150,70,61,69,Male,9,Yes,Yes,7,Rock and Metal,0,13,3.93,No,4,West,17,YouTube,Horror,Netflix,7,1993,1920,120,600000,50
Life,6,No,No,No,Apple,Mac,Omnivore,150,64,68,73,Female,8.5,Yes,Yes,6,Country,0,14,4,Yes,1,South,10,Tik Tok,Romance,Hulu,8,1965,1960,300,75000,50
Nursing,6,Yes,No,No,Apple,Mac,Omnivore,75,67,65,75,Female,9,No,No,8,Pop,150,13,4,No,3,West,4,Instagram,Drama,Apple TV,12.5,1980,1874,250,85000,150
Life,6,No,No,Yes,Apple,Mac,Omnivore,135,70,67,71,Male,9,Yes,Yes,8,Rock and Metal,3500,14,3.99,Yes,2,West,20,Instagram,Comedy,Apple TV,10,1985,1875,300,600000,140
Business,4,No,Yes,No,Apple,PC,Omnivore,100,69,64,71,Male,11,Yes,Yes,7.5,Pop,0,14,3.6,Yes,3,West,12,YouTube,Comedy,Hulu,5,1998,1875,35,350000,300
Business,3,No,No,No,Android,PC,Omnivore,50,68,64,66,Male,9,Yes,Yes,6,Pop,0,15,3.6,Yes,3,West,6,Instagram,Action,None,8,1970,1874,1000,180000,100
CMS,8,Yes,No,No,Apple,Mac,Omnivore,30,63,64,69,Female,7,Yes,Yes,7,Other,3500,15,4,Yes,3,West,20,Instagram,Romance,Netflix,7,1997,1876,1600,120,300
Education,7,Yes,No,Yes,Apple,PC,Vegetarian,60,66,66,76,Female,9.5,Yes,Yes,7,Pop,3500,14,3.8,No,4,West,4,Instagram,Romance,None,12,1990,1890,30,90000,350
Business,6,No,No,No,Apple,Mac,Vegan,150,67,63,75,Female,8.5,Yes,Yes,7,Country,3500,12,3.9,No,3,West,7,Instagram,Romance,Netflix,10,1980,1905,40,1000000,200
Business,5,Yes,No,No,Apple,Mac,Keto,50,68,63,73,Female,9,Yes,Yes,7,Country,3500,12,3.8,Yes,3,Midwest,10,Instagram,Romance,Netflix,9,2000,1875,3000,120000,400
Business,1,No,Yes,Yes,Apple,Mac,Omnivore,70,64,66,72,Female,7.5,Yes,Yes,7,Other,0,16.5,3.75,Yes,3,West,17,Instagram,Comedy,None,7.5,1980,1875,60,500000,1000
Business,6,Yes,No,Yes,Apple,Mac,Omnivore,100,74,67,70,Male,13,Yes,Yes,7,Pop,3000,14,3.8,No,4,South,45,Instagram,Comedy,None,8,1980,1890,180,985000,1000
Business,6,Yes,No,No,Apple,Mac,Omnivore,100,69,65,73,Female,10.5,Yes,No,7.5,Pop,2000,15.5,3.85,Yes,5,West,20,Instagram,Action,None,9,1975,1875,90,100000,100
Engineering,5,No,No,No,Android,PC,Omnivore,50,68.5,60,69,Male,11,No,Yes,7,Rock and Metal,3548,13,3.9,Yes,3,International,20,YouTube,Comedy,None,8,1970,1876,50,150000,200
Business,4,Yes,Yes,No,Apple,Mac,Omnivore,100,68,70,75,Female,9,Yes,Yes,8,Pop,1700,12,3.97,Yes,4,West,9,Instagram,Romance,Netflix,9,1995,1930,20,150000,50
Life,8,Yes,Yes,Yes,Apple,PC,Omnivore,100,79,69,74,Male,13,Yes,No,6.5,Classical,3500,13,3.98,Yes,6,West,8,Instagram,Horror,None,21,1974,1875,1000,200000,200
CFAC,2,No,No,No,Apple,Mac,Omnivore,20,66,66,72,Female,8,Yes,Yes,8.5,Pop,1000,16,3.7,No,1,West,5,Tik Tok,Comedy,Netflix,8,2007,1974,35,300000,200
Engineering,8,Yes,No,No,Apple,Mac,Omnivore,50,70,65,72,Male,10,Yes,No,7,Rock and Metal,3000,15,3.9,Yes,3,West,2,Instagram,Action,None,9,1983,1800,200,2000000,100
Life,7,Yes,Yes,No,Apple,Other,Omnivore,20,75,70,76,Male,12,Yes,No,8.5,Pop,4000,14.5,3.85,No,7,West,5.5,YouTube,Comedy,None,7,1982,1875,500,200000,80
Engineering,6,Yes,No,No,Apple,PC,Omnivore,80,66.7,63,75,Female,10,Yes,No,7.5,Other,0,15,4,Yes,2,Midwest,12,Instagram,Action,Apple TV,5,1973,1875,100,150000,30
Business,5,No,No,No,Apple,Mac,Omnivore,50,71,66,73,Male,11,Yes,Yes,8,Hip-hop and Rap,3400,13,3.875,No,4,West,20,Instagram,Comedy,None,8,1985,1875,200,300000,50
Business,5,Yes,No,No,Apple,Mac,Paleo,45,67,64,70,Female,9,Yes,Yes,8,Country,3500,14,3.9,Yes,3,West,18,Instagram,Romance,HBO Max,7,1990,1970,100,400000,300
Life,3,Yes,No,No,Apple,Mac,Omnivore,100,68,68,74,Female,9,No,No,7,Other,700,12,3.8,No,2,West,9,Instagram,Horror,Netflix,8.5,1970,1890,300,90000,40
Business,10,Yes,No,No,Apple,Mac,Omnivore,40,77,68,75,Male,15,Yes,No,8.5,Country,0,16,4,Yes,3,West,4,Instagram,Comedy,Netflix,7,2000,1876,80,800000,200
Education,5,No,No,No,Apple,PC,Omnivore,60,65,66,71,Female,7.5,Yes,No,8,Pop,3500,12,3.88,No,2,South,10,Instagram,Mystery,Netflix,7,1994,1875,250,70000,50
Education,5,No,No,No,Apple,Mac,Omnivore,100,68,68,70,Female,7,Yes,Yes,8,Classical,3300,13.5,3.8,Yes,4,West,16,Instagram,Romance,Hulu,7,1969,1875,400,80000,50
Life,6,No,Yes,No,Apple,Mac,Omnivore,50,66,66,72,Female,8.5,Yes,Yes,7,Country,3000,10,4,Yes,2,South,3,Instagram,Romance,None,9,2000,1902,100,80000,100
Education,6,No,No,No,Apple,Other,Omnivore,20,64,60,67,Female,7,Yes,No,8,Pop,3000,13,3.69,Yes,3,West,3.5,Instagram,Comedy,None,8,1985,1900,50,20000,500
Business,8,Yes,No,No,Apple,Mac,Omnivore,40,72,66,67,Male,12,Yes,Yes,7,Hip-hop and Rap,1774,11,3.5,Yes,0,West,5,Tik Tok,Romance,Netflix,5,1985,1875,100,250000,100
Business,6,Yes,No,Yes,Apple,PC,Omnivore,50,73,62,72,Male,11,Yes,No,8,Dance and Electronic Music,0,13,3.85,Yes,2,South,5,Instagram,Comedy,Hulu,10,1990,1885,200,700000,100
FHSS,6,Yes,No,No,Apple,Mac,Omnivore,80,70,66,71,Male,10.5,Yes,Yes,7.5,Other,2500,16,3.97,No,4,West,20,Instagram,Action,None,5,1980,1876,2000,150000,25
CFAC,4,Yes,No,No,Apple,Mac,Omnivore,50,65,67,70,Female,9,Yes,Yes,7,Country,1500,17.5,3.9,No,7,West,8,Facebook,Action,Apple TV,0,1996,1875,25,700000,10
Business,4,Yes,Yes,No,Apple,Mac,Omnivore,120,73,63,76,Male,11,Yes,Yes,7.5,Other,3000,14,3.7,Yes,5,West,10,YouTube,Comedy,None,10,1995,1875,2000,200000,100
CFAC,4,No,Yes,No,Apple,PC,Omnivore,60,74,70,70,Male,10.5,No,No,6.5,Rock and Metal,3500,12.5,3.7,Yes,4,West,10,YouTube,Fantasy,None,9,1982,1846,130,100000,60
CMS,6,Yes,No,No,Apple,Mac,Omnivore,80,64,63,71,Female,7.5,Yes,Yes,7,Country,0,14.5,4,No,5,West,14,Instagram,Action,None,7,1985,1880,100,200000,15
Life,8,Yes,No,No,Apple,Mac,Omnivore,120,71,65,70,Male,10.5,Yes,No,7,Pop,4000,13,3.992,No,4,West,3,Instagram,Romance,Netflix,8,1965,1873,240,400000,100
Life,8,Yes,No,No,Apple,PC,Omnivore,50,70.5,69,71,Male,11,Yes,No,5,Hip-hop and Rap,3600,14,3.89,No,2,South,4,Instagram,Action,HBO Max,10,1988,1984,400,300000,150
Nursing,8,Yes,No,No,Apple,Mac,Vegetarian,250,69,65,73,Female,9.5,Yes,Yes,7,Rock and Metal,7000,14,4,No,2,West,15,Instagram,Comedy,Netflix,8,1982,1972,100,1000000,150
Life,3,Yes,No,Yes,Apple,Other,Omnivore,50,64,65,74,Female,8.5,Yes,Yes,7.5,Other,1740,15,3.7,Yes,5,West,8,Instagram,Comedy,None,10,2002,1876,3000,200000,100
Engineering,6,Yes,No,No,Android,PC,Omnivore,30,71,68,73,Male,11,Yes,No,7.5,Pop,1600,15,3.9,Yes,0,West,18,Instagram,Comedy,Netflix,10,1996,1876,90,120000,150
Engineering,6,No,Yes,No,Apple,PC,Paleo,100,70,64,66,Male,10,Yes,Yes,8,Rock and Metal,3686,5,3.9,Yes,4,West,30,Instagram,Action,Netflix,8,1999,1895,100,200000,50
Life,7,Yes,No,No,Apple,PC,Paleo,70,69,67,78,Female,10,Yes,No,9,Pop,3300,13.5,3.98,No,1,West,5,Instagram,Romance,Apple TV,10,1990,1879,300,90,100
Life,6,No,No,No,Apple,Mac,Omnivore,75,69,64,68,Male,9.5,Yes,Yes,6.5,Pop,0,13,3.8,Yes,5,West,5,Facebook,Action,None,8,1998,1862,258,250000,100
Life,8,Yes,No,No,Apple,PC,Omnivore,50,73,69,74,Female,10.5,Yes,No,8,Other,6000,12.5,3.9,No,3,Midwest,5,Tik Tok,Comedy,Netflix,10,1965,1975,300,100000,50
Business,8,Yes,No,No,Apple,Mac,Omnivore,50,71,52,72,Male,9.5,Yes,Yes,7,Other,0,15,4,Yes,6,West,15,Instagram,Mystery,None,7,1990,1875,100,250000,50
Business,6,Yes,No,No,Apple,Mac,Omnivore,70,71,68,65,Male,10,Yes,Yes,7,Pop,0,15,3.95,No,3,West,9,Instagram,Action,Hulu,7,1980,1920,1500,500000,1000
Business,4,No,No,No,Apple,Mac,Omnivore,75,69,64,71,Male,10.5,Yes,Yes,7.5,Country,3557,14,3.7,Yes,2,West,20,Instagram,Comedy,Netflix,9.5,1987,1875,1200,175000,1000
Education,6,Yes,No,No,Apple,Mac,Omnivore,50,70,73,77,Female,10,No,No,9,Country,3000,14,4,Yes,5,South,25,Instagram,Romance,Hulu,7,1987,1876,1230,90000,10
Life,8,Yes,No,No,Apple,Mac,Keto,150,65,69,72,Female,8.5,Yes,Yes,7.5,Pop,1000,14,3.8,No,4,Northeast,10,Tik Tok,Romance,Apple TV,4,1989,1876,30,80000,200
Business,6,No,No,No,Apple,Other,Omnivore,30,74,65,72,Male,11,Yes,Yes,6.5,Rock and Metal,3400,14,4,No,3,West,6,Instagram,Action,None,12,2001,1875,200,200000,150
Life,4,Yes,Yes,No,Apple,Mac,Omnivore,50,67,64,72,Female,10,Yes,Yes,8,Other,2000,14,4,Yes,5,West,12,Tik Tok,Drama,Netflix,8,1995,1900,1000,1000000,300
Business,7,Yes,No,No,Apple,Mac,Omnivore,70,67,63,71,Male,9,Yes,No,4.5,Country,1500,13,3.9,Yes,4,West,20,Facebook,Action,None,7,2004,1874,400,120000,100
Engineering,7,Yes,No,No,Apple,PC,Omnivore,70,72,68,69,Male,11,Yes,Yes,7,Country,2500,14,3.9,No,6,South,7,Instagram,Action,None,9,1995,1875,85,1300000,1200
FHSS,8,Yes,No,No,Apple,Other,Omnivore,10,65,65,67,Female,9,Yes,Yes,8,Other,3500,14.5,3.7,Yes,5,West,3,Tik Tok,Romance,None,10,1990,1890,50,59000,50
Education,3,Yes,Yes,Yes,Apple,Mac,Omnivore,125,65,68,68,Female,7,No,Yes,8,Country,3700,12,3.8,Yes,5,West,5,Instagram,Mystery,Netflix,12,1994,1843,250,500000,50
Education,3,No,No,No,Android,PC,Omnivore,100,71.5,68,74,Female,10,Yes,No,7,Other,0,17,3.8,Yes,4,West,15,Instagram,Fantasy,Netflix,0,1972,1875,60,98000,10
CMS,4,Yes,No,No,Android,Other,Omnivore,150,71,60,69,Male,11.5,No,No,6,Dance and Electronic Music,3500,12,3.98,Yes,5,West,10,Instagram,Fantasy,None,8,1963,1875,150,100000,50
Nursing,2,No,Yes,No,Apple,Mac,Omnivore,80,60,55,73,Female,9,No,Yes,7,Other,100,15,3.5,Yes,0,West,3,Tik Tok,Horror,HBO Max,5,1995,1850,50,100000,300
Life,7,Yes,No,Yes,Apple,Mac,Omnivore,60,76,66,77,Male,12,Yes,Yes,8,Country,0,12,3.9,Yes,3,West,25,Tik Tok,Action,HBO Max,13,1979,1923,312,400,100
Engineering,6,No,Yes,Yes,Apple,Mac,Omnivore,85,75.5,70,73,Male,13,Yes,Yes,7,Other,3440,15.5,3.8,Yes,4,West,10,YouTube,Action,Apple TV,12,1995,1876,50,1000000,0
Business,6,No,No,Yes,Apple,Mac,Omnivore,60,70,62,70,Male,10,Yes,Yes,8,Hip-hop and Rap,3500,14,4,Yes,3,West,5,Instagram,Action,HBO Max,9.5,1985,1825,90,1000000,500
Business,5,No,No,No,Apple,Mac,Keto,70,65,66,74,Male,9,Yes,Yes,7.5,Rock and Metal,3500,16,3.4,Yes,6,West,32,Instagram,Comedy,None,8.5,1989,1875,2000,300000,25
Business,4,No,Yes,Yes,Apple,Mac,Omnivore,40,65,64,71,Female,8,Yes,Yes,7.5,Pop,3700,14,4,Yes,3,West,20,Instagram,Comedy,Netflix,9,1990,1875,100,100000,250
Business,4,No,Yes,No,Apple,PC,Omnivore,70,73,64,72,Male,11,Yes,Yes,7.5,Pop,1400,16,3.8,Yes,4,West,6,Instagram,Action,None,5,1995,1890,250,300000,200
Business,6,Yes,No,No,Apple,Mac,Omnivore,20,72,68,69,Male,10.5,Yes,Yes,7,Classical,3550,16,3.98,No,3,West,12,YouTube,Action,None,9,1980,1876,150,120000,5
CFAC,6,No,Yes,No,Apple,Mac,Omnivore,30,67,67,72,Female,8,Yes,Yes,7.5,Hip-hop and Rap,0,13,4,No,3,West,5,Instagram,Drama,None,9,1973,1870,150,200000,100
Business,8,Yes,No,No,Apple,Mac,Omnivore,50,67,65,74,Female,9,Yes,Yes,7,Country,1500,14,4,No,4,West,10,Tik Tok,Romance,Netflix,11,1970,1875,300,300000,100
Business,8,No,Yes,No,Apple,PC,Omnivore,50,68,66,72,Male,9,No,No,5,Other,3500,14,3.7,Yes,3,South,10,YouTube,Fantasy,HBO Max,6.5,1990,1875,100,150000,100
Life,8,Yes,No,No,Apple,Other,Omnivore,70,64,61,69,Female,8,Yes,Yes,7.5,Pop,3600,14,3.8,No,3,West,6,Instagram,Romance,Netflix,8,1980,1890,130,100000,300
FHSS,6,Yes,No,No,Apple,Other,Omnivore,30,65,66,70,Female,10,Yes,No,7.5,Pop,3500,12,3.8,Yes,5,West,6,Tik Tok,Romance,Netflix,10,1958,1875,150,100000,0
Business,7,Yes,No,No,Apple,Mac,Omnivore,50,71,66,72,Male,10.5,Yes,Yes,7,Country,3500,12,3.9,No,4,South,5,Tik Tok,Action,Netflix,8,2007,1893,50,1000000,150
CMS,8,Yes,No,No,Android,PC,Omnivore,50,70,69,72,Male,11.5,Yes,No,8,Other,3500,14.5,4,No,3,South,10,YouTube,Horror,Netflix,10,1990,1876,100,160000,0
FHSS,4,No,No,No,Apple,Mac,Omnivore,40,73,68,77,Male,12.5,Yes,Yes,8,Country,0,13,3.2,No,4,West,10,Instagram,Comedy,Apple TV,7,1997,1884,400,250000,300
Business,6,No,No,No,Android,PC,Keto,45,62,65,66,Female,7,Yes,No,7.5,Pop,3548,15,3.9,Yes,3,International,6.5,Instagram,Action,Netflix,5,1970,1875,100,130,250
Business,6,No,No,No,Android,PC,Keto,45,62,65,66,Female,7,Yes,No,7.5,Pop,3548,15,3.9,Yes,3,International,6.5,Instagram,Action,Netflix,5,1960,1875,100,130000,250
Life,6,Yes,Yes,No,Apple,Mac,Paleo,50,66,61,70,Female,8,Yes,No,8,Country,3000,15,4,Yes,4,South,12,Instagram,Comedy,Netflix,10,1992,1980,12,200000,150
Engineering,4,Yes,No,No,Apple,Other,Omnivore,100,72,64,72,Male,13,Yes,No,8,Country,0,17.5,4,No,4,Midwest,18,YouTube,Action,None,8,1913,1875,75,100000,162
Education,7,Yes,No,No,Apple,Mac,Omnivore,30,74,69,78,Female,10,Yes,No,6,Pop,0,14,3.9,No,4,South,12,Instagram,Comedy,HBO Max,10,2003,1900,1000,40000,2000
Business,4,Yes,No,No,Apple,Mac,Omnivore,50,67,66,72,Female,11,Yes,No,7,Pop,3548,14,3.97,Yes,3,Northeast,20,Tik Tok,Action,None,12,1990,1865,200,200,100
Business,4,Yes,No,No,Apple,Mac,Omnivore,50,66,69,75,Female,8,Yes,No,8.5,Other,3500,15,4,Yes,3,West,8,Instagram,Action,Netflix,9,1985,1869,50,170000,200
Life,5,Yes,No,Yes,Apple,Mac,Omnivore,50,65,59,66,Male,8,Yes,Yes,6,Country,1500,12,3.95,Yes,3,West,7,Instagram,Action,HBO Max,9,2001,1876,857,145000,700
Life,7,No,No,No,Apple,Mac,Omnivore,40,74.5,70.5,75,Male,12.5,Yes,Yes,8,Hip-hop and Rap,3000,14,3.9,No,9,West,30,YouTube,Drama,Hulu,8,1996,1896,300,2000000,150
Business,6,Yes,No,No,Apple,Mac,Keto,75,67,67,72,Female,7.5,Yes,No,5.5,Pop,3500,11,3.8,Yes,5,South,20,Instagram,Comedy,Netflix,13,1960,1942,25,150,400
Life,5,Yes,Yes,Yes,Apple,Mac,Omnivore,65,66,59,72,Female,7.5,Yes,No,5,Other,0,12,4,No,2,West,10,Instagram,Horror,Netflix,14,1973,1892,521,1,100
Business,8,Yes,No,No,Apple,Mac,Omnivore,90,69,64,69,Male,9.5,Yes,Yes,5.5,Pop,2548,13,3.98,No,3,West,25,Instagram,Action,None,7,1978,1865,150,1000000,250
Business,4,Yes,Yes,No,Apple,Mac,Omnivore,50,75,67,71,Male,11.5,Yes,Yes,7,Country,1000,14,3.89,No,8,West,10,Instagram,Action,None,22,1989,1875,230,500000,100
Business,8,Yes,Yes,No,Apple,Mac,Omnivore,60,65,61,70,Female,6,Yes,No,7.5,Country,3800,13,3.8,No,2,West,8.5,Tik Tok,Romance,Netflix,11,1985,1920,40,300000,30
FHSS,2,No,No,No,Apple,Mac,Omnivore,300,64,62,71,Female,11,No,No,7,Rock and Metal,3300,9,3.4,Yes,4,Northeast,15,YouTube,Foreign,None,8,1991,1878,498,31000,10
FHSS,4,Yes,Yes,No,Apple,Mac,Vegan,70,60,60,68,Female,6.5,Yes,No,7.5,Other,3500,12,3.5,Yes,11,West,15,Facebook,Romance,Hulu,9,2000,1874,350,150000,0
Business,6,Yes,Yes,No,Apple,Other,Omnivore,50,70,66,68,Male,12,Yes,Yes,7.5,Pop,3400,14,3.96,Yes,2,West,5,YouTube,Action,Netflix,8,1998,1875,50,180000,75
Business,5,No,Yes,Yes,Apple,Mac,Omnivore,135,69,68,72,Female,8,Yes,Yes,7,Other,2200,11,3.7,Yes,3,Northeast,6,Tik Tok,Romance,Netflix,5.5,1995,1855,50,100000,500
CFAC,8,No,No,No,Apple,Mac,Vegan,30,62,69,72,Female,7.5,Yes,No,7,Pop,0,13,3.9,No,4,West,6,Tik Tok,Romance,Netflix,11,1975,1890,20,80000,200
FHSS,2,Yes,No,No,Android,PC,Omnivore,150,69.5,63,65,Male,10,Yes,No,6,Pop,3350,12,3.56,Yes,0,International,24,YouTube,Comedy,Hulu,7,1997,1876,25,100000,100
Business,8,Yes,Yes,No,Apple,Mac,Omnivore,105,62,65,71,Female,6,Yes,Yes,7,Pop,0,16,4,No,4,West,20,Instagram,Romance,Netflix,11,1992,1886,7200,90000,1000
CFAC,2,No,Yes,No,Apple,Mac,Omnivore,50,73,66,70,Male,12,Yes,Yes,7,Country,0,12,3.6,Yes,4,West,3,YouTube,Action,Netflix,12,1989,1880,200,300000,500
FHSS,8,Yes,No,No,Apple,Mac,Omnivore,33,66,68,70,Female,8.5,Yes,Yes,8,Pop,4000,13,3.97,No,4,West,5,Instagram,Action,Netflix,12,1974,1855,200,50000,50
CMS,5,No,Yes,No,Apple,Mac,Omnivore,100,71,62,75,Male,12.5,Yes,Yes,8,Country,0,15.5,3.9,Yes,3,West,45.5,Facebook,Action,Netflix,4,1970,1875,100,300000,500
Business,8,Yes,No,No,Android,Other,Keto,50,71,66,73,Male,9.5,Yes,Yes,7,Country,3000,14.5,3.56,Yes,2,West,8,Instagram,Action,Netflix,9,1990,1900,600,350000,100
Life,6,Yes,No,Yes,Apple,PC,Omnivore,50,68,68,73,Female,9,Yes,Yes,7,Other,4000,12,3.8,Yes,5,West,5,Instagram,Romance,None,8,1900,1876,50,70000,50
Life,9,Yes,No,No,Apple,Other,Omnivore,75,70,62,65,Male,10,Yes,Yes,6.7,Pop,1700,13,3.9,Yes,4,West,31,Instagram,Action,None,12.6,1993,1872,1772,120000,800
CFAC,5,Yes,No,Yes,Apple,Other,Omnivore,30,68,64,74,Female,8,No,Yes,7.5,Pop,2900,14,3.97,Yes,3,Northeast,8,Instagram,Comedy,None,5,1991,1875,100,120000,300
Business,8,Yes,No,No,Apple,Mac,Omnivore,110,67,63,65,Male,9.5,Yes,Yes,7,Other,3600,12,3.73,Yes,5,West,9.5,Instagram,Comedy,None,9,1972,1890,200,1500000,10
Life,8,No,No,No,Apple,PC,Omnivore,70,60,64,70,Female,6,Yes,Yes,9,Hip-hop and Rap,4000,14,3.8,No,3,West,10,Instagram,Action,Netflix,11,1990,1830,25,100000,100
Business,8,Yes,No,No,Apple,Mac,Vegetarian,100,71,60,73,Male,11,Yes,No,7,Rock and Metal,2000,16,4,No,4,West,6,Instagram,Comedy,Netflix,7,1985,1890,30,200000,20
Business,7,Yes,No,No,Apple,Mac,Omnivore,200,72,64,73,Male,11.5,Yes,Yes,6,Hip-hop and Rap,3500,15,3.85,Yes,2,South,12,Instagram,Horror,None,7,1990,1875,25,5000000,300
Life,10,No,Yes,No,Apple,Mac,Omnivore,70,74,70,73,Male,11,Yes,No,9,Hip-hop and Rap,3000,15,3.6,No,2,West,15,Tik Tok,Action,HBO Max,5,2002,1893,40,300000,1000
Business,2,No,No,Yes,Apple,Other,Omnivore,60,64,61,75,Female,10,Yes,Yes,8,Country,3400,18,4,Yes,5,South,6,Instagram,Romance,HBO Max,9,2003,1963,4000,150,400
Business,7,Yes,Yes,No,Apple,Mac,Omnivore,105,70,67,70,Male,9,Yes,Yes,7,Other,3500,15.5,3.8,No,4,International,10,Tik Tok,Action,Netflix,4,1982,1903,60,600000,300
Business,3,No,Yes,Yes,Apple,Mac,Omnivore,100,73,66,76,Male,10.5,Yes,Yes,7.5,Country,3548,15,3.99,Yes,5,West,12,Instagram,Action,None,8,1992,1875,450,1000000,500
Life,6,Yes,Yes,No,Apple,Mac,Omnivore,50,68,64,69,Male,11,No,Yes,5,Other,3000,15,3.96,No,3,West,4.5,Instagram,Action,Apple TV,10,1995,1875,60,1000000,100
Engineering,6,Yes,No,No,Apple,PC,Omnivore,50,66,64.5,69,Female,8.5,Yes,Yes,8.5,Country,0,15.5,4,Yes,4,South,35,YouTube,Action,Netflix,10,1995,1890,300,80000,250
Engineering,6,Yes,No,Yes,Apple,Mac,Keto,50,74,69,73,Male,11.5,Yes,Yes,7,Country,3700,15,3.93,Yes,3,West,18,Instagram,Comedy,Netflix,7.5,1991,1876,250,250000,0
Humanities,2,No,Yes,No,Apple,Mac,Keto,500,63,67,73,Female,8,No,Yes,6,Country,2500,6,2,No,3,West,3,Facebook,Comedy,Netflix,12,1995,1876,150,150,100
Business,6,No,No,No,Apple,PC,Omnivore,75,71,64,72,Male,9.5,Yes,No,8,Pop,3600,13,3.9,Yes,3,West,15,Facebook,Action,None,9,1997,1876,1000,180000,100
CFAC,4,Yes,No,No,Apple,Mac,Omnivore,25,67,66,72,Female,9.5,Yes,No,7.5,Other,2600,14.5,3.9,Yes,2,Midwest,25,Instagram,Fantasy,Netflix,9,1980,1896,40,56000,60
Business,8,Yes,Yes,Yes,Apple,Mac,Omnivore,60,70,67,71,Male,11,Yes,Yes,6.5,Pop,3500,14,3.5,Yes,2,West,10,Facebook,Action,Netflix,10,1993,1874,4000,500000,50
Business,5,Yes,Yes,No,Android,PC,Paleo,80,70,64,70,Male,9.5,Yes,Yes,7,Pop,3600,15,3.99,No,3,West,30,Facebook,Action,None,5,1973,1888,4564,200000,50
Life,6,No,No,Yes,Apple,Mac,Omnivore,50,65,64,72,Female,7,Yes,Yes,8,Hip-hop and Rap,3548,13,3.9,Yes,2,West,6,Instagram,Comedy,Hulu,8,2001,1890,100,90000,80
Business,4,No,Yes,No,Apple,Mac,Keto,40,65,62,72,Female,8,Yes,Yes,7,Country,3500,13,4,Yes,3,West,10,Tik Tok,Comedy,Hulu,5,1990,1900,30,100000,100
Business,8,Yes,Yes,Yes,Apple,Mac,Paleo,80,67,59,65,Male,9,Yes,Yes,8.5,Dance and Electronic Music,4.5,9,3.8,Yes,1,West,4,Tik Tok,Action,Netflix,8.5,1890,1989,120,150,1
Business,6,Yes,Yes,No,Apple,PC,Omnivore,50,66.5,62,75,Female,8,Yes,No,7.5,Pop,3500,16,3.92,Yes,2,International,5,Instagram,Romance,Netflix,6,1980,1870,459,250000,50
Humanities,10,No,No,Yes,Apple,PC,Omnivore,200,73,64,65,Male,10,Yes,Yes,7,Dance and Electronic Music,1100,6,3.1,Yes,3,International,6,YouTube,Action,None,7,1979,1800,400,1000000,2500
Business,2,No,Yes,Yes,Apple,Mac,Omnivore,40,70,62,69,Male,10,Yes,Yes,6,Hip-hop and Rap,1860,12,3,Yes,3,West,10,YouTube,Comedy,Netflix,7,2001,1912,28,200000,300
Business,4,No,No,Yes,Apple,Mac,Keto,100,75,63,70,Male,10,Yes,Yes,6,Hip-hop and Rap,3200,14,3.8,Yes,2,West,4,Instagram,Drama,Apple TV,10,1996,1875,5800,300000,500
Business,5,No,Yes,Yes,Apple,PC,Omnivore,80,69,62,69,Male,10.5,Yes,Yes,7,Country,3000,9,3.85,Yes,3,West,10,YouTube,Fantasy,Netflix,6,1969,1875,200,150000,1000
Business,4,No,Yes,No,Apple,Mac,Omnivore,100,71,63,68,Male,9,Yes,Yes,7,Hip-hop and Rap,3500,15,3.7,Yes,3,West,12,Instagram,Action,Apple TV,12,1990,1875,215,1000000,100
Life,7,No,No,No,Apple,Mac,Omnivore,30,76,68,72,Male,12,Yes,Yes,6,Pop,5000,10,3.3,Yes,4,South,9,Tik Tok,Action,Hulu,11,1998,1876,5280,500000,1000
Business,4,No,Yes,No,Apple,Mac,Omnivore,100,75,64,73,Male,12,Yes,Yes,7,Country,3500,13,3.9,Yes,5,West,10,Instagram,Drama,Netflix,10,1970,1876,300,250000,750
Business,7,Yes,No,No,Apple,Mac,Omnivore,45,71,70,72,Female,9,Yes,Yes,6,Hip-hop and Rap,1500,13,3.98,Yes,3,West,12,Instagram,Comedy,Netflix,12,1965,1875,50,70000,200
Business,5,Yes,No,No,Apple,Mac,Omnivore,70,68,66,72,Female,8,Yes,No,7.5,Pop,1750,12,4,Yes,5,West,40,YouTube,Fantasy,Netflix,9,1998,1846,70,250000,300
Business,8,Yes,No,No,Apple,Mac,Omnivore,80,72,62,71,Male,10,Yes,No,7,Country,0,16,3.998,No,5,West,8,Instagram,Action,Netflix,7,1983,1924,200,300000,75
Business,8,Yes,Yes,No,Apple,Other,Omnivore,100,70,67,72,Male,9.5,No,Yes,8,Hip-hop and Rap,3548,12.5,3.8,Yes,3,West,5,Instagram,Action,Netflix,12,1990,1867,100,200000,1000
Life,10,Yes,No,No,Apple,Mac,Omnivore,0,62.5,62,73,Female,8,Yes,Yes,7.5,Rock and Metal,0,14,4,No,1,West,35,Tik Tok,Comedy,Hulu,5,1890,1800,1000,100000,200
Business,6,Yes,No,Yes,Apple,Mac,Omnivore,60,75,67,72,Male,11,No,Yes,8,Rock and Metal,1744,14,3.98,Yes,3,West,15,YouTube,Action,Netflix,12,1998,1876,100,500000,300
Life,2,Yes,Yes,No,Apple,Mac,Omnivore,300,67,64,71,Female,7.5,Yes,Yes,7,Pop,4500,14.5,3.8,No,4,West,30,Instagram,Drama,Netflix,15,1990,1825,1000,125000,100
FHSS,5,Yes,Yes,No,Android,PC,Vegetarian,100,64.9,65.7,66.9,Female,7.5,Yes,No,7.5,Pop,3000,14.5,3.8,Yes,1,Northeast,15,Instagram,Romance,None,10,1999,1874,350,240000,50
Business,8,No,No,No,Apple,Mac,Omnivore,100,74,64,72,Male,11.5,Yes,No,7,Hip-hop and Rap,3500,14,3.96,Yes,5,West,4,Instagram,Horror,Netflix,8,1995,1910,65,350000,500
CMS,5,No,No,No,Apple,Other,Omnivore,150,77,67,70,Male,14,Yes,Yes,7,Classical,3000,16,3.9,Yes,3,West,20,Facebook,Fantasy,None,10,1987,1876,50,250000,200
Business,6,Yes,No,Yes,Apple,Other,Omnivore,32,68,65,70,Male,10,Yes,Yes,7,Pop,3500,12,3.86,Yes,6,West,15,YouTube,Action,None,12,1980,1876,2850,200000,5
Business,3,No,No,Yes,Apple,Mac,Omnivore,100,68,65,68,Male,8.5,Yes,Yes,7.5,Country,3500,18,2.9,Yes,3,West,15,Instagram,Action,HBO Max,6,1991,1876,200,500000,200
FHSS,5,No,No,No,Apple,PC,Omnivore,120,70,71,75,Female,10.5,Yes,No,7,Pop,3372,8,3.75,Yes,3,West,15,Instagram,Romance,Netflix,11,1983,1876,1000,120000,350
Life,9,Yes,No,No,Apple,Mac,Omnivore,70,68,68,75,Female,8,Yes,Yes,6.5,Country,9000,14,4,No,4,West,25,Instagram,Comedy,Hulu,6,1985,1875,250,100000,65
Life,6,No,No,Yes,Apple,Mac,Omnivore,100,67,63,74,Female,8.5,No,Yes,6.5,Pop,3650,15,3.7,Yes,3,Northeast,6,Instagram,Romance,Netflix,6,2010,1925,500,90000,50
CFAC,2,No,Yes,Yes,Apple,Other,Omnivore,30,69,64,69,Male,9,Yes,Yes,7.5,Other,0,12,3.8,Yes,7,West,30,Instagram,Comedy,None,11,1980,1880,300,300000,300
Business,3,Yes,No,No,Apple,PC,Omnivore,60,72,65,74,Male,9,Yes,No,7,Country,3500,15,3.9,Yes,5,West,6.5,YouTube,Drama,None,0,1990,1875,100,180000,300
Life,7,Yes,No,No,Apple,PC,Omnivore,50,69,70,68,Female,9,Yes,Yes,7,Country,3500,15,3.98,No,4,West,10,Instagram,Action,Netflix,6,1975,1890,800,300000,40
Education,5,No,Yes,Yes,Apple,Mac,Omnivore,75,62,60,76,Female,7,Yes,No,7,Country,3400,12,3.4,Yes,4,West,12,Tik Tok,Romance,HBO Max,6,1979,1850,20,100000,350
Business,7,Yes,No,No,Apple,Mac,Omnivore,40,72,68,75,Male,12,Yes,No,8,Country,3000,16,3.9,No,3,South,6,Tik Tok,Action,Netflix,7,1990,1875,25,300000,20
Business,6,No,No,No,Apple,Mac,Omnivore,50,68,64,66,Male,9,Yes,Yes,5,Rock and Metal,0,14,3.8,Yes,5,West,4,Instagram,Action,Netflix,6,2000,1920,800,120000,1000
Engineering,6,Yes,Yes,Yes,Apple,Mac,Omnivore,75,68,64,70,Male,11.5,No,No,6.5,Country,0,14.5,3.83,Yes,4,West,20,YouTube,Comedy,None,5,1993,1875,200,150000,100
Life,6,Yes,No,No,Apple,Mac,Omnivore,100,68,61,65,Male,9.5,Yes,No,7,Pop,3300,15,3.8,Yes,2,South,8,Instagram,Action,None,12,1999,1865,2500,150000,5
Life,6,Yes,No,No,Apple,Other,Omnivore,40,69,61,70,Male,10.5,Yes,No,8,Pop,500,15,3.9,Yes,2,West,14,Instagram,Action,None,5,1998,1880,250,200000,100
Nursing,8,No,Yes,No,Apple,Mac,Omnivore,25,62,60,68,Female,7.5,Yes,No,7.5,Pop,7000,16,3.8,No,1,West,4,Tik Tok,Romance,Netflix,8,1981,1950,40,500000,100
Business,1,Yes,Yes,Yes,Apple,Mac,Omnivore,100,72,60,72,Male,9,Yes,Yes,7,Other,0,12,3.9,Yes,3,West,10,Instagram,Comedy,None,7,1995,1890,100,1000000,1000
CFAC,3,No,No,Yes,Apple,Mac,Omnivore,100,72,64,71,Male,10.5,No,Yes,8,Rock and Metal,3500,14,3.98,Yes,2,West,30,Instagram,Comedy,Netflix,6,1992,1914,200,100000,100
Life,3,Yes,No,Yes,Apple,PC,Vegetarian,30,69,62,68,Male,9,Yes,No,7,Pop,1500,12.5,3.3,Yes,5,West,3,YouTube,Mystery,None,5,1950,1886,8500,200000,0
Business,7,Yes,No,No,Apple,Mac,Omnivore,105,71,67,71,Male,11,Yes,Yes,7,Pop,1700,12,4,No,3,West,13,Instagram,Comedy,Netflix,7,2005,1892,1107,150000,15
CFAC,2,Yes,No,Yes,Apple,Other,Omnivore,5,65,69,71,Female,7.5,Yes,No,5.5,Rock and Metal,1750,16.5,4,Yes,3,West,9,Instagram,Comedy,None,6.5,1989,1875,70,70000,50
Business,7,Yes,No,No,Apple,Mac,Omnivore,70,66,65,67,Female,9,Yes,Yes,7,Country,2750,14.5,4,Yes,4,West,10,Instagram,Romance,Netflix,9,1995,1876,2000,25000,1000
Engineering,7,Yes,No,No,Apple,PC,Omnivore,20,74,70,72,Male,11,No,No,8,Other,1600,14,4,No,2,West,5,Instagram,Mystery,None,7.5,1985,1875,24,90000,100
CFAC,4,Yes,No,Yes,Apple,PC,Omnivore,70,70,60,68,Male,11,Yes,Yes,7.5,Pop,3600,11,3.5,Yes,5,West,32,Instagram,Fantasy,None,4,1998,1876,700,1000000,200
Engineering,6,Yes,Yes,No,Apple,Other,Keto,50,74,69,74.5,Male,12.5,Yes,No,7,Country,3548,15,3.977,No,3,West,25,Instagram,Action,Netflix,14,1975,1875,100,750000,150
FHSS,4,Yes,No,No,Apple,Mac,Omnivore,30,76,72,70,Male,12,Yes,Yes,7.5,Rock and Metal,2500,14,3.6,Yes,4,West,4,YouTube,Action,None,5,1992,1930,250,500000,50
Life,8,No,Yes,No,Apple,Mac,Omnivore,45,61,64,69,Female,6.5,No,No,7.5,Other,0,13,3.96,Yes,2,West,3,Instagram,Action,None,10,1975,1875,120,75000,10
Business,6,Yes,No,Yes,Apple,Mac,Omnivore,65,65,62,71,Female,8,No,Yes,7,Pop,0,12,4,Yes,4,West,20,Instagram,Mystery,Netflix,12,1970,1863,70,140000,50
Business,8,No,No,No,Apple,Other,Omnivore,40,71,67,73,Male,10,Yes,Yes,7.5,Country,500,3,3.98,Yes,4,West,3.5,Instagram,Action,None,10,2000,1895,100,500000,50
Business,7,Yes,No,No,Apple,Mac,Omnivore,100,65,69,69,Female,8,No,No,8,Pop,2800,13,3.9,Yes,2,West,5,Instagram,Comedy,None,12,1980,1895,250,160000,50
Life,5,Yes,Yes,No,Apple,Mac,Omnivore,50,72,65,73,Male,10.5,Yes,Yes,7.5,Country,1500,13,4,Yes,3,West,15,Instagram,Action,Netflix,10,1998,1875,60,500000,100
Life,4,Yes,No,Yes,Apple,Mac,Omnivore,100,71,67,72,Male,10.5,Yes,Yes,7,Rock and Metal,3500,14,3.9,Yes,4,West,7,YouTube,Comedy,Netflix,8,1990,1879,250,500000,250
Life,7,Yes,No,No,Apple,Mac,Omnivore,75,71,63,75,Male,12,Yes,No,9,Hip-hop and Rap,3548,16.5,3.9,No,4,West,3,YouTube,Action,Apple TV,1,2000,1876,150,134000,100
Business,8,Yes,No,No,Apple,Mac,Omnivore,80,70,62,68,Male,9.5,No,Yes,6.5,Pop,3000,13,3.9,Yes,4,West,1.5,Tik Tok,Horror,Netflix,6,2002,1972,150,250000,300
Business,8,Yes,No,No,Apple,PC,Omnivore,142,64,59,64,Male,8.5,Yes,Yes,7,Pop,3600,13,3.9,Yes,3,West,5,Tik Tok,Action,None,6,1990,1875,4000,120000,250
Engineering,8,Yes,No,No,Apple,Other,Omnivore,150,74,68,71,Male,12,Yes,No,7,Hip-hop and Rap,1250,15,3.8,Yes,4,West,7,Facebook,Comedy,Netflix,11,1980,1895,200,500000,100
Business,6,No,No,Yes,Apple,Mac,Omnivore,50,70,71,68,Male,11,Yes,Yes,9,Pop,3500,15,3.9,Yes,3,Midwest,20,YouTube,Action,Netflix,6,1985,1875,150,250000,500
Business,8,Yes,No,No,Apple,PC,Omnivore,75,70,65,68,Male,11,Yes,No,7.5,Country,3000,14,3.83,No,3,West,8,Instagram,Action,Netflix,11,1995,1893,100,450000,150
Nursing,5,Yes,No,Yes,Apple,Mac,Omnivore,150,73,65,70,Male,10,Yes,Yes,7,Rock and Metal,0,16,3.95,Yes,2,West,8,Facebook,Action,Netflix,9,1989,1876,5000,400000,250
Education,8,Yes,No,No,Apple,PC,Omnivore,50,66,66,73,Female,9,Yes,No,7,Pop,3548,16,3.9,No,5,South,21,YouTube,Fantasy,Netflix,7,1980,1885,45,75,100
CMS,7,Yes,No,No,Apple,Mac,Omnivore,40,69,67,73,Male,8,Yes,No,7.5,Pop,700,14,4,Yes,3,West,7,Instagram,Action,None,10,1991,1875,35,180000,200
CFAC,3,No,No,No,Apple,Mac,Omnivore,50,68,63,67,Male,8.5,Yes,Yes,7,Country,3000,17.5,3.5,Yes,4,Northeast,25,Instagram,Mystery,HBO Max,9,1990,1885,90,200000,300
Education,4,No,No,No,Apple,PC,Omnivore,25,65,69,74,Female,7,No,No,7.5,Hip-hop and Rap,0,14,3.95,Yes,4,South,12,YouTube,Action,None,8,1983,1876,85,95000,20
Life,6,Yes,No,No,Apple,PC,Omnivore,80,65,65,71,Female,8,Yes,No,7.5,Country,1755,13,4,Yes,3,South,20,Instagram,Horror,Netflix,10,1990,1901,100,100000,200
FHSS,7,Yes,Yes,No,Apple,Other,Omnivore,75,61,65,67,Female,8,Yes,Yes,8.5,Country,1774,13,4,No,5,South,9.5,Instagram,Romance,Netflix,11.5,1967,1945,40,85000,20
Business,7,Yes,Yes,No,Apple,Mac,Omnivore,35,79,70,77,Male,12,Yes,Yes,7.85,Country,2000,15,3.97,No,4,West,13,Instagram,Action,None,12,1972,1875,280,700000,50
Life,3,Yes,No,Yes,Apple,Mac,Omnivore,70,67,63,70,Male,8.5,No,Yes,7,Rock and Metal,1676,16,3.5,Yes,4,Northeast,15,Instagram,Fantasy,None,8,1987,1875,75,200000,0
Life,8,Yes,No,No,Apple,Mac,Omnivore,80,67,62,75,Female,8,Yes,Yes,6.5,Pop,1700,13,3.934,Yes,3,West,6,Instagram,Romance,Netflix,11,1992,1875,3865,80000,1200
Life,4,No,Yes,No,Apple,Mac,Omnivore,100,75,70,73,Male,12,Yes,Yes,8,Country,3500,15,3.7,Yes,3,South,10,Instagram,Action,Netflix,7,1975,1884,30,500000,1000
Life,6,No,No,Yes,Apple,Other,Omnivore,50,68,66,72,Male,9,Yes,Yes,6,Country,3500,15.5,3.4,Yes,4,South,15,Instagram,Action,HBO Max,8,1960,1880,700,120000,50
Business,4,Yes,No,No,Apple,PC,Omnivore,125,71,66,70,Male,10,Yes,No,6,Pop,3500,13,3.98,No,4,West,15,YouTube,Comedy,Netflix,4,1998,1960,40,200000,20
Engineering,8,Yes,No,No,Apple,PC,Keto,80,72,63,72,Male,11.5,Yes,No,7.5,Rock and Metal,3700,13.5,4,No,5,West,12,Instagram,Romance,None,8,1992,1885,60,160000,20
FHSS,6,Yes,Yes,No,Apple,Mac,Omnivore,50,75,66,72,Male,12.5,Yes,Yes,7,Rock and Metal,3500,13,4,No,4,South,5,Instagram,Drama,None,7,1994,1856,4000,400000,100
Life,5,Yes,No,No,Apple,Other,Omnivore,50,67,70,73,Female,7,Yes,No,6.5,Pop,3548,12.5,4,No,3,South,14,Facebook,Mystery,None,11,1982,1875,26,94155,100
Life,4,Yes,Yes,No,Apple,Mac,Omnivore,0,72,69,71,Male,12,Yes,No,7,Classical,3004,14,4,Yes,2,West,5,Facebook,Action,None,7,1982,1876,150,600000,10
Engineering,8,Yes,No,No,Apple,PC,Omnivore,35,70,64,71,Male,9.5,Yes,No,6.5,Country,1700,15,4,No,4,West,30,Facebook,Fantasy,None,9,1990,1875,30,200000,50
Nursing,8,Yes,No,No,Apple,Mac,Omnivore,100,64,64,73,Female,8,Yes,Yes,5.5,Pop,0,14,4,Yes,4,West,15,Instagram,Romance,Netflix,10,1995,1876,6000,450000,2000
Business,3,Yes,No,Yes,Apple,Mac,Omnivore,50,68,65,68,Male,10.5,Yes,Yes,5,Hip-hop and Rap,3500,13,4,Yes,4,West,8,Instagram,Action,Netflix,11,1957,1920,300,750000,50
CMS,4,No,Yes,No,Android,PC,Omnivore,30,65.6,72,73.5,Female,9.5,No,No,7,Rock and Metal,3500,13,3.8,Yes,6,West,9,YouTube,Fantasy,HBO Max,12,1990,1875,2000,100000,100
Life,8,No,No,Yes,Apple,Mac,Omnivore,20,66,50,67,Male,8.5,Yes,No,7,Rock and Metal,3500,14,3.8,No,3,West,17,YouTube,Fantasy,None,6,1990,1875,36,300000,20
Education,8,Yes,No,Yes,Apple,Mac,Omnivore,45,67,63,78,Female,9.5,No,No,6.5,Other,3548,14.5,3.8,Yes,3,West,4,YouTube,Comedy,Netflix,9,1988,1915,60,57408,100
Business,5,No,No,Yes,Apple,Other,Omnivore,55,69,62,74,Female,9,No,Yes,7,Pop,3000,15,3.9,Yes,3,West,6,Instagram,Comedy,Netflix,6,2001,1876,200,100000,250
Life,5,No,Yes,No,Apple,Mac,Keto,35,75,64,77,Male,11,Yes,Yes,8.5,Other,3800,14,3.8,Yes,2,West,25,Instagram,Mystery,None,8,1989,1875,500,300000,20
Business,6,Yes,No,No,Apple,Mac,Paleo,70,69,62,70,Male,9.5,Yes,No,7,Other,1774,15.5,3.9,No,3,South,20,Instagram,Action,None,7.5,1998,1876,6001,500000,300
Engineering,7,No,No,No,Apple,Mac,Omnivore,35,71,65,69,Male,11,No,No,7.5,Other,2965,14,3.98,Yes,2,West,24,Instagram,Action,HBO Max,4,1980,1838,7890,92500,1
Business,9,Yes,No,No,Apple,PC,Omnivore,50,66,71,68,Female,9,Yes,No,7,Other,3500,15,3.7,Yes,3,West,9,Tik Tok,Comedy,None,10,1999,1875,250,80000,0
Business,5,Yes,No,No,Apple,Mac,Omnivore,150,72,65,72,Male,11,Yes,Yes,6,Pop,3000,16,4,No,2,West,10,Instagram,Action,HBO Max,8,1980,1900,20,300000,100
Business,8,Yes,No,No,Apple,Mac,Omnivore,40,72,66,74,Male,11,Yes,Yes,8.5,Hip-hop and Rap,3500,13,3.83,Yes,5,West,16,Tik Tok,Fantasy,Netflix,10,1981,1876,100,250000,50
Nursing,7,Yes,No,No,Apple,Mac,Omnivore,50,62,64,69,Female,5,Yes,Yes,7.5,Country,3500,13,3.9,No,2,South,5,Tik Tok,Comedy,Netflix,9,1980,1776,500,150000,100
Education,8,No,No,Yes,Apple,Mac,Omnivore,40,69,51,70,Male,9.5,Yes,Yes,6.5,Hip-hop and Rap,3.5,12,3,Yes,5,West,12,Facebook,Action,Hulu,13,2003,1868,80,500,20
Life,4,Yes,Yes,No,Apple,Mac,Omnivore,75,75,70,70,Male,11,Yes,Yes,6.8,Hip-hop and Rap,3200,12,3.8,Yes,3,West,25,Instagram,Comedy,Netflix,5,1975,1986,240,650000,50
CFAC,8,Yes,No,No,Apple,PC,Omnivore,40,69,61,72,Male,8.5,Yes,No,7,Other,3496,13,4,Yes,4,West,23,YouTube,Action,None,8,1987,1875,20,125000,10
Life,6,Yes,No,No,Apple,Mac,Omnivore,60,71,65,72,Male,10.5,Yes,Yes,6.5,Pop,1000,15.5,3.91,Yes,3,West,4,Instagram,Action,None,8,1992,1902,267,110000,30
Engineering,5,No,No,No,Apple,PC,Omnivore,40,74,68,70,Male,11,Yes,Yes,8,Pop,3500,18,3.9,Yes,4,West,6,Instagram,Action,None,5,1990,1895,2000,1000000,100
Life,4,No,Yes,No,Apple,Other,Omnivore,70,73,68,76,Female,10.5,Yes,No,6.5,Country,3700,14,3.99,Yes,4,West,14,Instagram,Comedy,Apple TV,10,1987,1875,150,600000,250
Business,7,Yes,Yes,No,Apple,Mac,Omnivore,100,77,70,78,Male,12.5,Yes,No,7,Country,1100,14,3.95,Yes,3,West,14,Instagram,Comedy,Netflix,10,1986,1876,114,5000000,500
Life,8,Yes,No,No,Apple,Mac,Paleo,120,68,70,71,Female,9,Yes,Yes,6.5,Pop,4500,14,4,No,6,West,4,Instagram,Action,None,6.5,1990,1875,1000,50000,100
FHSS,3,Yes,No,No,Apple,Mac,Omnivore,50,65,66,71,Female,9.5,No,Yes,7.5,Other,3000,14,3.98,Yes,2,West,15,Tik Tok,Romance,Hulu,6,1989,1875,100,100000,200
CMS,7,No,No,No,Apple,Mac,Omnivore,25,68,62,71,Male,9.5,Yes,No,7,Hip-hop and Rap,3636,13,3.7,Yes,3,Midwest,5.5,Twitter,Action,None,6,1997,1893,1583,500000,10
Business,5,Yes,Yes,No,Apple,Mac,Omnivore,60,63,65,70,Female,7.5,Yes,Yes,7,Pop,1700,14,3.8,Yes,4,West,5,Instagram,Comedy,Netflix,9,1894,1924,100,150000,50
Business,7,No,No,No,Apple,Mac,Omnivore,70,70,63,73,Male,10,Yes,Yes,7.5,Country,3000,13,3.7,No,3,West,28,Instagram,Action,Apple TV,7,1980,1900,12,300000,300
Business,7,Yes,Yes,No,Apple,Mac,Omnivore,110,77,68,73,Male,13,Yes,Yes,7.5,Country,0,16,3.9,No,7,West,6.7,Instagram,Comedy,Netflix,8,1953,1914,7458,1500000,500
Life,6,Yes,No,Yes,Apple,Mac,Omnivore,80,70,64,68,Male,10,Yes,Yes,7.5,Country,3500,12,3.95,No,6,West,3,Instagram,Action,None,8,1970,1860,50,200000,100
Business,7,Yes,No,No,Apple,Mac,Omnivore,30,65,68,68,Female,6.5,Yes,No,8,Pop,3500,13,3.9,Yes,3,West,9,Instagram,Romance,Netflix,8,1978,1900,30,5000000,50
Business,7,Yes,No,No,Android,PC,Omnivore,50,70,66,72,Male,8.5,Yes,No,7,Pop,3500,13,3.64,No,6,South,16,Instagram,Action,Netflix,9,1998,1875,3485,180000,50
Nursing,6,No,Yes,No,Apple,PC,Omnivore,25,62,63,72,Female,7,Yes,No,7,Other,0,12,4,Yes,4,West,6,Instagram,Action,None,4,1998,1899,1000,85000,150
Nursing,5,Yes,Yes,No,Apple,Mac,Omnivore,80,70,68,72,Female,10,No,Yes,8,Rock and Metal,3000,14.5,3.9,Yes,3,Midwest,4.5,Instagram,Fantasy,Netflix,10,1984,1901,30,200000,100
Nursing,9,Yes,No,No,Apple,Other,Omnivore,0,64,63,69,Female,9,Yes,Yes,6.5,Country,3500,13,4,Yes,3,South,14,Instagram,Romance,None,12,1990,1876,300,92000,200
Business,7,Yes,Yes,No,Apple,Mac,Omnivore,100,73.5,65,77,Male,11.5,Yes,Yes,6,Pop,3000,14,3.87,Yes,4,West,12,Instagram,Comedy,None,9,1990,1875,500,3000000,20
FHSS,5,No,Yes,No,Apple,Mac,Vegetarian,75,62,60,75,Female,8,Yes,No,6.5,Other,3548,17,3.7,Yes,5,West,26,Instagram,Romance,None,10,1975,1870,400,50000,300
Business,8,Yes,No,No,Apple,Mac,Omnivore,50,66,68,71,Female,7.5,Yes,Yes,8,Country,2000,13,4,Yes,4,West,7,Tik Tok,Romance,Netflix,10,1970,1885,60,600000,100
Engineering,5,No,Yes,Yes,Apple,PC,Omnivore,80,64,63,65,Male,8,No,Yes,7,Rock and Metal,0,15,2.1,No,1,Midwest,20,Instagram,Fantasy,Apple TV,0,1983,1879,150,130000,50
Business,1,Yes,Yes,No,Apple,Mac,Omnivore,300,76,70,72,Male,11,Yes,Yes,7,Country,4000,17,3.5,Yes,13,West,6,Instagram,Drama,Apple TV,10,1996,1876,75,3000000,3000
Nursing,6,Yes,Yes,No,Apple,PC,Omnivore,50,68,68,75,Female,10,Yes,Yes,7,Country,1500,13,3.9,Yes,5,West,20,Facebook,Romance,Hulu,12,1995,1876,15,120000,100
Life,8,Yes,No,No,Apple,Mac,Omnivore,60,66,67,74,Female,8.5,Yes,No,8,Country,4000,14,3.9,No,5,South,6,Tik Tok,Action,None,10,1970,1880,200,100000,20
Business,4,No,No,No,Apple,PC,Omnivore,150,69,67,68,Male,10.5,Yes,Yes,6,Hip-hop and Rap,0,13,3.7,Yes,3,South,12,Instagram,Mystery,HBO Max,7,1998,1868,3600,1000000,300
Nursing,5,No,No,No,Apple,PC,Keto,40,67,63,68,Female,8.5,Yes,No,6.5,Country,1500,12,3.9,Yes,7,West,12,Instagram,Romance,Hulu,8,1991,1876,300,65000,20
Business,4,Yes,No,Yes,Apple,Mac,Omnivore,45,69,63,70,Male,9,Yes,Yes,7,Other,0,17,3.75,Yes,3,West,20,Instagram,Comedy,HBO Max,9,1980,1900,300,500000,1000
Engineering,8,Yes,No,No,Apple,PC,Omnivore,100,72,70,70,Male,10.5,Yes,No,6.5,Country,3548,14,3.85,No,2,South,10,Instagram,Comedy,None,8,1980,1860,150,110000,0.01
Business,2,No,Yes,No,Apple,Mac,Omnivore,100,71,68,71,Male,11,Yes,Yes,7.5,Country,3.7,14,4,Yes,2,West,6,Instagram,Action,Netflix,10,1966,1950,10,500000,100
Education,4,Yes,No,No,Apple,Mac,Omnivore,50,64,63,66,Female,7.5,Yes,Yes,10,Pop,3548,16,3.585,No,4,West,14,Instagram,Romance,None,8,1975,1888,50,65000,50
Business,6,Yes,No,Yes,Apple,Mac,Omnivore,50,68,60,70,Male,10,Yes,Yes,8,Country,3500,12,3.8,No,5,South,10,Instagram,Action,Netflix,8,1968,1875,115,500000,100
Business,8,Yes,No,No,Apple,Other,Omnivore,50,68,69,72,Female,8,Yes,No,7.5,Pop,1700,14,4,No,3,South,7,Instagram,Horror,HBO Max,9,1950,1865,100,100000,500
Education,2,No,No,No,Android,PC,Omnivore,85,68,69,76,Female,9.5,No,No,7.5,Country,3700,16,4,Yes,3,West,11,Facebook,Romance,None,7,1986,1925,45,90000,45
Nursing,7,Yes,Yes,No,Android,PC,Vegetarian,50,67,65,72,Female,8.5,No,Yes,6,Pop,3548,13,3.8,Yes,7,West,3,Instagram,Romance,Netflix,9,1979,1952,80,90000,200
Life,6,No,Yes,Yes,Apple,Mac,Omnivore,100,75,66,76,Male,11,Yes,Yes,8,Hip-hop and Rap,3500,16,4,Yes,5,Midwest,5,Instagram,Drama,Hulu,7,1980,1920,200,2000000,500
Engineering,6,No,No,No,Apple,PC,Omnivore,60,69,65,71,Male,9,Yes,No,6.5,Rock and Metal,3500,12,3.8,Yes,4,West,8,YouTube,Fantasy,None,10,1998,1876,500,150000,1
Education,10,Yes,No,No,Apple,Mac,Omnivore,20,64,62,70,Female,10,No,Yes,7.5,Country,4000,14,3.97,No,6,West,6,Instagram,Romance,None,5,1997,1900,40,80,4
Business,8,No,No,No,Apple,Mac,Omnivore,225,73,62,68,Male,10.5,Yes,Yes,7.5,Hip-hop and Rap,5000,13,3.2,No,5,West,5,Instagram,Comedy,Netflix,7,1985,1850,300,500,250
Nursing,8,Yes,No,No,Apple,Mac,Omnivore,30,72,68,70,Male,12,No,Yes,8,Rock and Metal,2500,16,3.9,No,4,West,5,Facebook,Comedy,None,7,2004,1930,200,150000,17.5
Nursing,6,Yes,No,No,Apple,Mac,Omnivore,40,64,60,71,Female,6,Yes,Yes,7,Pop,0,13,3.88,Yes,4,West,5,Tik Tok,Action,Netflix,10,1972,1962,300,100000,500
Business,8,Yes,No,No,Apple,Mac,Omnivore,120,66,60,70,Female,8,Yes,No,7.5,Country,3548,13,3.9,No,4,South,9,Tik Tok,Comedy,Netflix,8,1990,1845,200,60000,50
Life,7,Yes,No,No,Apple,Mac,Omnivore,80,70,61,73,Male,10.5,Yes,Yes,7,Pop,0,14,4,Yes,4,West,8,Instagram,Action,Hulu,9,1995,1875,300,300000,40
Business,7,No,Yes,No,Apple,PC,Omnivore,130,74,71,71,Male,10,Yes,Yes,8,Hip-hop and Rap,1800,12,3.7,No,4,West,10,Instagram,Fantasy,None,8,2007,1880,240,500000,1000
Business,6,Yes,No,Yes,Apple,Other,Omnivore,100,69,64,67,Male,9,Yes,Yes,8,Country,0,12,4,No,3,West,3.5,Instagram,Action,Netflix,8,1998,1888,500,300000,150
Engineering,8,Yes,No,No,Apple,Mac,Omnivore,40,70,62,72,Male,10,Yes,No,7,Dance and Electronic Music,3000,15.5,3.7,No,2,West,10,YouTube,Comedy,None,8,1970,1875,100,200000,500
Engineering,5,Yes,No,No,Android,PC,Omnivore,50,67,70,72,Female,8,Yes,No,7,Classical,3500,13.5,4,Yes,7,South,30,Instagram,Action,None,7,1980,1875,300,100000,25
Engineering,6,No,No,No,Apple,Mac,Keto,80,72,60,73,Male,11.5,Yes,Yes,6,Country,4500,12,3.85,Yes,4,West,30,Instagram,Action,Apple TV,12,1973,1936,183,250000,68
Business,8,Yes,No,No,Apple,Mac,Omnivore,25,67,66,70,Female,8,Yes,No,8,Country,3042,13,4,No,3,West,3.5,YouTube,Romance,Hulu,7,1998,1886,60,150000,50
Life,7,No,No,No,Apple,Mac,Omnivore,30,70,64,68,Male,10,Yes,No,7,Hip-hop and Rap,890,16,3.2,Yes,2,West,15,Instagram,Comedy,Netflix,10,1952,1890,250,750,1000
Business,4,No,Yes,Yes,Apple,Other,Omnivore,40,71.5,64,78,Male,13,Yes,Yes,9,Other,3300,14,3.82,No,5,South,10,YouTube,Action,Netflix,8,1978,1876,145,750000,99
Life,6,Yes,Yes,Yes,Android,PC,Omnivore,80,66,60,67,Male,7.5,No,Yes,6.5,Hip-hop and Rap,3500,14,2.77,Yes,2,International,20,YouTube,Action,None,9,1995,1875,1800,450000,350
Engineering,5,Yes,Yes,Yes,Apple,PC,Omnivore,60,74,73,71,Male,11.5,Yes,Yes,6.5,Country,0,14,4,Yes,2,West,50,Instagram,Action,Hulu,6,1982,1876,300,200000,100
Business,8,Yes,No,Yes,Android,Mac,Keto,30,72,66,74,Male,12,Yes,Yes,7,Other,1800,13,3.9,Yes,5,West,10,Instagram,Mystery,None,12,1998,1875,5280,400000,400
Nursing,7,Yes,No,No,Apple,Mac,Omnivore,70,62,65,69,Female,5,Yes,Yes,7,Country,3600,13,3.9,No,2,South,6,Tik Tok,Comedy,Netflix,9,1980,1976,400,150000,100
Business,6,No,No,Yes,Apple,PC,Omnivore,100,74,62,71,Male,10,Yes,No,8,Pop,3500,13,3.96,Yes,6,West,7,Instagram,Comedy,Apple TV,8,1980,1876,300,200000,100
Life,7,Yes,No,No,Apple,Mac,Omnivore,90,66,64,71,Female,9.5,Yes,Yes,8,Pop,3600,13,3.98,No,3,South,3.5,Instagram,Mystery,Netflix,8,1985,1895,1200,130000,20
Nursing,6,Yes,Yes,No,Apple,PC,Omnivore,100,69,64,82,Male,10,Yes,No,6,Country,3500,15,3.9,Yes,3,West,12,Instagram,Comedy,None,5,1995,1892,7200,180000,600
Business,6,No,Yes,No,Apple,Mac,Paleo,120,74,66,66,Male,12,Yes,Yes,8,Country,3500,13,3.9,Yes,2,West,10,YouTube,Action,HBO Max,11,1989,1875,20,400000,500
Business,6,Yes,No,Yes,Apple,Other,Omnivore,40,67,65,74,Female,8,Yes,Yes,7,Pop,3372,15,3.89,No,1,West,10,Tik Tok,Action,Netflix,8,1970,1875,300,120000,500
Engineering,5,No,No,No,Apple,PC,Omnivore,60,73,65,74,Male,11,Yes,Yes,7.5,Country,1500,12.5,3.2,Yes,5,West,12,Facebook,Drama,Netflix,7,1978,1875,1000,150000,25
Business,6,Yes,No,No,Apple,Mac,Omnivore,150,64,61,70,Female,7,Yes,Yes,7,Pop,5000,15,4,No,2,West,40,Instagram,Romance,Netflix,11,1988,1876,50,100000,50
Education,3,No,Yes,Yes,Apple,Mac,Omnivore,100,72,65,71,Male,9.5,No,Yes,7.5,Country,400,14,3.85,No,3,West,30,Instagram,Drama,HBO Max,8.5,1969,1875,500,110000,400
Life,4,Yes,No,No,Apple,Mac,Keto,100,70,66,71,Male,11,Yes,Yes,7.5,Rock and Metal,0,15.5,3.98,Yes,4,South,24,Instagram,Drama,Netflix,7,1993,1875,50,800000,200
Life,6,Yes,No,No,Apple,Mac,Omnivore,80,73,69,73,Male,10.5,Yes,Yes,8,Country,3500,15,3.8,No,2,South,35,Facebook,Comedy,Hulu,0,1989,1890,120,900000,5
Business,6,No,No,No,Apple,Mac,Omnivore,60,63,64,70,Female,7,Yes,Yes,7,Other,4000,14,3.7,Yes,6,West,10,Instagram,Romance,Netflix,9,1988,1945,150,250000,75
Life,7,No,No,No,Apple,Mac,Omnivore,110,74,68,77,Male,10.5,Yes,Yes,7,Pop,1700,16,3.98,No,4,West,10,Instagram,Action,Netflix,10,1998,1930,100,300000,100
Business,8,Yes,No,No,Apple,Mac,Omnivore,100,72,65,72,Male,10,Yes,Yes,7,Other,4000,14,3.89,No,4,West,10,Instagram,Comedy,Netflix,6,1990,1876,400,1000000,100
Business,4,No,No,Yes,Apple,Other,Omnivore,50,65,61,72,Female,7,Yes,No,8,Other,3000,12,3.7,Yes,3,West,15,Tik Tok,Romance,Netflix,9,1992,1910,100,150000,100
Business,8,No,Yes,No,Apple,Mac,Omnivore,105,71,65,70,Male,11,Yes,Yes,6.5,Hip-hop and Rap,3000,15,4,No,3,Midwest,5,Tik Tok,Action,Netflix,8,1980,1872,300,300000,300
Nursing,8,No,Yes,No,Apple,PC,Keto,100,65,65,75,Female,8,Yes,Yes,7,Pop,3333,10,3.5,Yes,3,West,10,Tik Tok,Action,Hulu,12,1970,1950,80,800000,500
Life,5,Yes,No,No,Apple,Mac,Omnivore,50,67,65,65,Male,9,Yes,No,7,Pop,1700,12,3.99,Yes,2,West,30,Facebook,Mystery,Netflix,9,1968,1876,100,250000,1000
Nursing,7,Yes,Yes,No,Android,PC,Omnivore,75,67,62,72,Female,9,Yes,Yes,6.5,Pop,3548,13,3.9,No,3,South,4,Instagram,Mystery,None,12,1998,1875,5280,80000,20
Business,6,No,Yes,No,Apple,PC,Omnivore,60,70,63,72,Male,11.5,Yes,Yes,8,Pop,3000,14,4,Yes,1,Northeast,10,YouTube,Action,None,9,1993,1875,250,500000,10
Life,6,Yes,Yes,No,Apple,Mac,Paleo,60,76,69,75,Male,12.5,Yes,Yes,7,Hip-hop and Rap,2000,15,3.4,No,2,West,20,Instagram,Comedy,Netflix,8,1970,1870,400,120000,300
Nursing,6,No,No,No,Apple,Mac,Omnivore,60,67,62,71,Female,8.5,No,No,6,Pop,1400,14,4,Yes,3,South,15,Tik Tok,Horror,HBO Max,8,2000,1876,35,200000,25
Business,6,No,No,Yes,Apple,PC,Omnivore,100,67,65,73,Female,9,No,No,6,Country,4000,14,4,Yes,1,South,12,Instagram,Romance,Netflix,6,1994,1876,58,200000,94
Life,6,Yes,No,No,Apple,Mac,Vegetarian,100,67,64,71,Female,8.5,Yes,No,9,Pop,5000,13,4,Yes,5,West,6,Snapchat,Romance,Netflix,10,1935,1875,200,180000,100
Business,3,No,Yes,Yes,Apple,Other,Omnivore,85,72,66,71,Male,11,Yes,Yes,6.5,Country,0,15,3.7,Yes,4,South,20,Instagram,Action,None,5,1996,1905,100,250000,360
Business,4,No,No,No,Apple,Mac,Omnivore,30,71,66,74,Male,10.5,Yes,Yes,7.5,Hip-hop and Rap,1880,5,3.1,No,2,West,5,YouTube,Comedy,Netflix,10,1997,1890,2000,200000,350
Business,5,No,Yes,No,Apple,Mac,Omnivore,70,68.5,63,68,Male,10.5,Yes,Yes,7.5,Pop,3400,14,4,Yes,2,West,14,Instagram,Action,None,6,1990,1875,200,300000,200
Nursing,8,Yes,No,No,Android,Other,Omnivore,50,64,63,71,Female,7.5,Yes,Yes,7.5,Other,3500,14.5,3.89,No,3,West,4,Instagram,Comedy,Hulu,4,1974,1876,250,180,200
CFAC,6,Yes,Yes,No,Apple,Mac,Keto,80,69,65,70,Male,8,Yes,Yes,7,Pop,0,17,3.6,Yes,3,Northeast,10,Instagram,Action,HBO Max,10,1993,1867,40,1000000,100
Life,8,Yes,No,No,Apple,Other,Omnivore,210,72,64,71,Male,11,Yes,Yes,6,Pop,3500,14,3.8,No,5,West,15,Instagram,Action,None,8,1995,1876,100,800000,50
Engineering,2,No,No,No,Apple,PC,Omnivore,40,69,66,74,Female,8.5,Yes,Yes,8,Country,0,14.5,3.8,Yes,3,West,8,Instagram,Action,None,7,1990,1890,400,150000,200
Business,7,Yes,No,No,Apple,PC,Omnivore,60,64,66,72,Female,7,Yes,Yes,8,Pop,3400,13,4,Yes,3,West,10,Instagram,Romance,Netflix,10,2000,1875,20,300000,500
Business,6,Yes,No,Yes,Apple,Mac,Omnivore,30,71,64,73,Male,10.5,Yes,Yes,8,Rock and Metal,3600,12,3.9,Yes,3,West,4,Instagram,Comedy,None,9,1989,1876,100,120000,0
Life,7,Yes,No,No,Apple,Mac,Omnivore,140,64,68,68,Female,8,Yes,Yes,7.5,Pop,3500,14,3.91,No,3,Midwest,7,Instagram,Comedy,Apple TV,8,1990,1875,400,85000,75
Business,5,No,Yes,No,Apple,Mac,Omnivore,175,69,65,69,Male,8,Yes,Yes,6,Other,3500,14,3.78,Yes,4,West,9,YouTube,Action,None,9,1960,1875,72,175000,300
Nursing,8,Yes,No,No,Apple,Other,Omnivore,30,67,63,73,Female,8,Yes,No,8,Pop,1700,13.5,4,No,3,West,15,Instagram,Action,Netflix,7,1970,1870,350,150000,300
Humanities,7,No,No,Yes,Apple,Mac,Omnivore,40,75,71,72,Male,11,Yes,Yes,8,Rock and Metal,4000,6,3.1,No,2,South,3,YouTube,Horror,HBO Max,7,1995,1892,200,120000,500
Life,6,Yes,Yes,Yes,Apple,PC,Omnivore,40,72,64,69,Male,12,Yes,Yes,7,Country,3700,12,4,Yes,8,West,3,YouTube,Action,None,6,1990,1875,180,300000,500
Business,4,Yes,Yes,No,Apple,Mac,Omnivore,50,72,66,68,Male,11,Yes,Yes,6.5,Pop,2000,15,3.84,Yes,0,West,5,Instagram,Action,Netflix,9,1985,1875,450,120000,200
Life,6,Yes,Yes,No,Apple,Mac,Omnivore,50,66,68,68,Male,8.5,Yes,Yes,7.5,Country,3500,14,3.9,Yes,2,West,15,Instagram,Comedy,Netflix,8,2002,1853,50,300000,500
Nursing,7,Yes,No,No,Apple,Mac,Keto,80,63,64,70,Female,8,Yes,No,7,Pop,800,15,4,Yes,2,West,20,Instagram,Romance,Netflix,11,1990,1875,100,200000,100
Life,5,Yes,No,Yes,Apple,PC,Omnivore,65,65,63,72,Female,9.5,Yes,No,7.5,Pop,2000,14,4,No,2,West,10,Instagram,Action,Hulu,11,2000,1875,5000,65000,50
Life,5,No,Yes,Yes,Apple,Mac,Omnivore,80,72,65,74,Male,12,Yes,Yes,7.5,Country,2500,12,4,Yes,3,West,24,Instagram,Action,Netflix,6,1998,1876,30,700000,50
FHSS,6,Yes,No,No,Apple,Mac,Omnivore,20,70,64,73,Male,9,Yes,Yes,7.5,Other,2000,14,3.8,Yes,3,West,15,YouTube,Action,None,8,1975,1875,435,120000,50
Nursing,6,Yes,No,No,Apple,Mac,Omnivore,80,68,67,72,Female,8.5,Yes,Yes,8,Country,4500,12,4,No,5,West,4,Instagram,Romance,Netflix,7,2001,1940,60,140000,1000
CMS,8,Yes,No,No,Apple,Other,Omnivore,50,75,64,76,Male,12,Yes,Yes,8,Hip-hop and Rap,2000,15,3.9,No,3,West,10,Instagram,Comedy,Netflix,4,1999,1876,500,200000,20
Life,4,No,Yes,Yes,Apple,PC,Omnivore,50,73,68,74,Male,11,No,Yes,7,Other,1800,13,4,Yes,1,West,10,Instagram,Action,HBO Max,6,1990,1876,35,800000,100
CFAC,1,Yes,Yes,No,Apple,Mac,Keto,100,67,66,74,Female,7,Yes,Yes,7.5,Country,3500,14,3.9,Yes,2,Northeast,4,Tik Tok,Romance,Netflix,6,1982,1845,300,700000,100
Business,8,Yes,No,No,Apple,PC,Omnivore,70,70,66,75,Male,10,Yes,Yes,6,Rock and Metal,2000,15,3.9,No,3,West,6,Instagram,Action,Netflix,10,1995,1875,100,200000,100
CMS,7,Yes,No,Yes,Apple,PC,Omnivore,100,64,64,70.8,Female,9,Yes,Yes,7,Rock and Metal,1500,14.5,3.8,No,3,South,5,Instagram,Horror,Hulu,10,1995,1940,300,150000,50
Life,8,Yes,No,No,Apple,PC,Paleo,75,67,64,72,Female,8,Yes,No,8,Pop,2944,12,3.9,No,4,South,3,YouTube,Mystery,Netflix,7,2000,1883,200,32000,5
CMS,5,Yes,Yes,No,Apple,PC,Keto,55,69,66,69,Male,9,No,Yes,8.5,Other,3000,14,3.97,Yes,3,West,5.5,Instagram,Action,None,5.5,1983,1875,50,120000,20
Engineering,6,Yes,Yes,No,Android,Other,Omnivore,100,75,65,75,Male,12.5,Yes,Yes,7,Country,1770,15.5,3.9,No,8,West,36,Instagram,Action,Netflix,9,1996,1875,130,400000,150
Life,5,Yes,No,Yes,Android,Other,Omnivore,50,69,64,73,Male,9,Yes,Yes,7.5,Pop,3700,13.5,4,No,5,West,6,Facebook,Action,Netflix,11,1988,1876,100,300000,20
Education,8,Yes,No,No,Apple,Mac,Omnivore,30,69,67,76,Female,10,Yes,Yes,7,Country,3500,12,3.8,Yes,2,West,18,YouTube,Romance,Hulu,8,1980,1880,70,97800,50
Business,5,No,Yes,Yes,Apple,PC,Omnivore,150,72,65,67,Male,11,Yes,Yes,8.5,Hip-hop and Rap,3600,14,2.4,No,5,West,15,Instagram,Comedy,Netflix,4,1960,1875,300,2000000,300
Engineering,7,No,No,No,Apple,PC,Omnivore,20,74,64,70,Male,10.5,Yes,No,8,Hip-hop and Rap,6000,15,3.8,No,3,International,13,Instagram,Horror,Netflix,5,1962,1873,190,150000,50
Engineering,8,Yes,Yes,No,Apple,PC,Omnivore,50,72,65,73,Male,12,No,No,8,Other,3000,16,3.9,Yes,3,West,8,Instagram,Drama,None,10,1985,1890,200,400000,1000
Business,5,No,No,No,Apple,Other,Paleo,70,72,64,72,Male,11.5,Yes,No,6,Other,4000,17.5,3.89,Yes,5,West,7.5,YouTube,Drama,Netflix,9,1992,1875,200.5,530000,0
Business,7,Yes,No,No,Apple,Mac,Omnivore,120,70,63,69,Male,10,Yes,Yes,7,Other,2500,13,3.9,No,3,West,5,Instagram,Comedy,HBO Max,9,1985,1890,300,1000000,0
Business,4,Yes,No,No,Apple,Mac,Paleo,70,61,63,63,Female,5,Yes,Yes,6.5,Other,1000,13,4,Yes,3,International,35,Instagram,Romance,Netflix,8,1970,1900,4800,150000,50
Life,6,No,Yes,Yes,Apple,Mac,Omnivore,30,68,64,72,Male,9.5,Yes,No,6,Country,1770,12.5,3.7,Yes,3,West,25,YouTube,Action,Netflix,7,1997,1875,130,2000000,100
Life,5,Yes,Yes,Yes,Apple,Mac,Paleo,50,62,63,69,Female,6.5,Yes,No,7,Other,3568,15,3.5,Yes,6,International,5,Instagram,Comedy,Hulu,13,1972,1845,13,100000,5
Engineering,8,Yes,No,No,Apple,Other,Omnivore,75,78,69,75,Male,13,No,Yes,6.5,Country,3598,13,3.9,Yes,3,Midwest,10,Instagram,Comedy,None,11,1992,1875,200,110000,150
Business,6,Yes,No,Yes,Apple,Other,Omnivore,60,73,68,71,Male,11,Yes,No,7,Other,3100,18,3.3,No,4,West,36,YouTube,Action,Apple TV,11,1996,1886,100,200000,200
FHSS,8,Yes,No,No,Apple,Mac,Omnivore,70,70,64,68,Female,10.5,No,No,7,Pop,4000,10,4,No,2,West,6,Tik Tok,Action,Netflix,8,1995,1883,80,150000,100
CMS,5,No,Yes,Yes,Android,PC,Omnivore,55,73,68,70,Male,11.5,Yes,No,6.5,Rock and Metal,0,12.5,4,Yes,4,West,6,Twitter,Fantasy,None,8,1971,1875,330,100000,500
Business,10,Yes,Yes,No,Android,Other,Omnivore,50,75,64,74,Male,11,Yes,Yes,7,Pop,3200,13,3.5,Yes,4,West,10,YouTube,Action,None,10,1984,1882,104,210000,225
Life,5,No,No,No,Apple,Other,Omnivore,60,72,64,72,Male,10,Yes,Yes,6,Other,0,16,3.88,Yes,4,West,12,YouTube,Action,None,10,1985,1860,400,500000,25
Business,4,Yes,No,No,Apple,Mac,Omnivore,40,69,67,70,Male,9.5,Yes,Yes,7.5,Pop,3500,13,3.8,No,4,West,21,Instagram,Action,None,7,1986,1875,100,500000,100
CMS,6,Yes,Yes,No,Android,PC,Omnivore,40,69.5,63,72,Male,9.5,Yes,Yes,7,Classical,2000,14.5,3.93,Yes,3,Midwest,40,Facebook,Mystery,HBO Max,10,1974,1875,195,235000,50
Business,8,Yes,No,No,Apple,Mac,Omnivore,30,74,66,76,Male,10.5,No,No,7,Hip-hop and Rap,5000,17.5,3.9,No,3,South,5,YouTube,Fantasy,None,10,1995,1925,1000,3000000,200
Business,5,Yes,Yes,Yes,Apple,Mac,Omnivore,100,72,66,68,Male,11,No,Yes,7,Pop,1700,14,3.3,Yes,3,West,10,Twitter,Action,None,11,1975,1875,3400,150000,200
Nursing,8,Yes,No,No,Apple,Mac,Paleo,60,71,63,69,Male,10.5,Yes,Yes,7.5,Pop,3500,14.5,3.95,Yes,3,South,25,Instagram,Action,Netflix,8,1990,1890,100,315000,300
Life,8,Yes,No,No,Apple,Mac,Omnivore,50,62,68,71,Female,8,Yes,No,7,Country,3500,16,3.93,Yes,3,West,25,Instagram,Action,Netflix,8,1970,1875,100,100000,20
FHSS,6,No,Yes,No,Apple,PC,Omnivore,60,63,63.5,69,Female,5,Yes,No,7.5,Country,485,13,3.9,No,2,West,20,Instagram,Romance,Netflix,6,1983,1895,150,78000,150
Life,3,Yes,Yes,No,Apple,PC,Omnivore,200,73,65,74,Male,10.5,Yes,Yes,8,Hip-hop and Rap,3444,16,3.5,Yes,2,West,15,YouTube,Fantasy,None,7,1976,1875,900,180000,0
Life,6,No,No,No,Apple,Mac,Omnivore,10,78,69,77,Male,13,Yes,No,7,Other,4500,15,3.96,Yes,4,South,20,Instagram,Action,None,7,1995,1886,40,250000,15
Life,6,No,No,No,Apple,Mac,Omnivore,75,72,64,74,Male,11,Yes,No,6.85,Pop,3500,12,3.96,No,3,West,25,YouTube,Action,HBO Max,7,1994,1889,34,275000,100
Life,6,Yes,No,No,Apple,Mac,Omnivore,105,66,68,74,Female,9.5,Yes,No,7.5,Other,3500,14,3.9,Yes,5,International,7,Instagram,Action,Netflix,8,1990,1876,700,80000,200
Business,7,Yes,No,No,Apple,PC,Paleo,40,63,65,69,Female,6,Yes,No,7,Pop,0,13,3.9,Yes,2,West,7.5,Instagram,Romance,None,6,1950,1890,25,150000,50
CMS,8,Yes,No,No,Android,PC,Omnivore,35,72,68,70,Male,9,Yes,No,8,Rock and Metal,3548,13.5,3.8,No,3,Midwest,12,Instagram,Comedy,None,7,1940,1875,80,150000,25
Business,3,Yes,No,No,Apple,Mac,Omnivore,50,63,64,71,Female,6.5,Yes,Yes,7.5,Pop,1500,12.5,3.8,Yes,4,South,7,Instagram,Mystery,None,9.5,1997,1876,500,160000,45
Business,10,No,No,No,Apple,Mac,Omnivore,15,71,64,74,Male,10.5,Yes,Yes,7.5,Rock and Metal,3000,7,3,Yes,2,West,1,YouTube,Action,Netflix,8,1997,1978,40,2000000,150
Life,6,Yes,Yes,No,Apple,Mac,Omnivore,15,66,66,68,Female,6.5,Yes,No,6,Country,3500,12,3.8,No,5,West,5,Instagram,Action,None,9,1999,1850,200,90000,50
Engineering,6,No,No,No,Apple,Mac,Omnivore,75,72,66,73.5,Male,10.5,Yes,Yes,7,Country,2548,15.5,3.66,Yes,1,Northeast,6,Instagram,Action,None,9,1985,1875,3000,200000,300
Engineering,8,No,No,No,Android,PC,Omnivore,55,67,65,71,Male,7.5,Yes,No,7.5,Dance and Electronic Music,3500,15.5,4,No,4,West,25,YouTube,Horror,None,5,1981,1860,50,200000,100
Life,5,No,Yes,No,Apple,Mac,Omnivore,100,71.25,62,71.5,Male,8,Yes,No,7,Hip-hop and Rap,1500,15,4,Yes,5,Northeast,29,Instagram,Action,Netflix,8,1985,1865,85,300000,100
CMS,8,Yes,No,No,Apple,Other,Omnivore,100,71,63,67,Male,13,No,Yes,8,Classical,5000,15.5,3.927,No,1,West,10,YouTube,Comedy,Netflix,12,1983,1876,200,300000,5
Life,5,Yes,No,No,Apple,Mac,Keto,50,69,64,73,Female,9,No,Yes,7,Pop,4000,12,3.5,Yes,3,West,4,Instagram,Romance,None,10,1990,1970,400,1000000,300
Education,6,No,No,No,Apple,Mac,Omnivore,63,68.75,67,73,Female,11,Yes,No,7,Other,3548,14,4,Yes,7,West,25,Instagram,Fantasy,Netflix,8,1975,1875,500,150000,5
Life,2,No,Yes,Yes,Apple,PC,Omnivore,75,64,58,71,Female,6.5,No,No,7,Classical,1675,14,3.9,Yes,2,West,10,YouTube,Fantasy,Netflix,7,1981,1885,1278,180000,100
Business,4,No,No,No,Android,PC,Omnivore,50,68,63,75,Male,9,Yes,Yes,6.6,Pop,3500,12,4,Yes,8,South,12,YouTube,Fantasy,None,7,2003,1890,1000,100000,300
Business,7,Yes,No,No,Apple,Mac,Omnivore,80,70.5,70,79,Female,9.5,Yes,No,7.5,Other,4000,13,3.7,Yes,4,West,3.5,Tik Tok,Romance,Netflix,8,1970,1880,300,150000,100
Business,6,Yes,No,Yes,Apple,Mac,Omnivore,40,74,66,71,Male,11.5,Yes,Yes,7,Hip-hop and Rap,3000,13,3.9,Yes,3,West,4,Instagram,Action,Netflix,9,1978,1875,400,300000,175
Business,2,No,No,Yes,Apple,Mac,Omnivore,100,72,60,69,Male,10,Yes,Yes,8,Hip-hop and Rap,3000,12,4,No,5,West,4,Instagram,Horror,Netflix,6,1985,1875,250,400000,1000
Business,10,No,No,No,Android,PC,Omnivore,0,76,69,72,Male,10,Yes,Yes,6,Classical,1128,6,3.04,No,4,West,4,YouTube,Drama,None,5,1989,1850,50,1,0
Business,7,Yes,Yes,No,Apple,Mac,Omnivore,100,73,66,67,Male,9.5,Yes,Yes,9,Rock and Metal,0,13,3.9,Yes,3,West,5,YouTube,Action,None,6,1961,1885,200,350000,300
Life,4,No,No,No,Apple,Mac,Omnivore,100,65,69,73,Female,10,Yes,No,7,Country,3500,15,3.66,Yes,5,West,12,Instagram,Romance,None,10,1995,1876,75,90000,100
Business,8,No,No,No,Apple,Mac,Omnivore,70,58,61,67,Female,5,No,No,8,Rock and Metal,1774,11,3.57,No,4,West,12,Tik Tok,Drama,Netflix,12,1957,1911,343,225000,50
Engineering,5,Yes,Yes,No,Apple,Mac,Omnivore,100,73,67,72,Male,11.5,Yes,Yes,7,Other,3500,14.5,4,Yes,4,West,40,YouTube,Fantasy,Netflix,7,1980,1875,200,600000,150
Business,6,No,No,No,Apple,Mac,Omnivore,50,73,70,74,Female,10.5,Yes,No,7,Hip-hop and Rap,1000,12,3.85,Yes,4,South,4,Tik Tok,Romance,Netflix,9,1990,1875,500,350000,200
Life,4,No,Yes,Yes,Apple,Mac,Omnivore,60,72,66,76,Male,11,Yes,No,7,Hip-hop and Rap,3500,12.5,3.89,Yes,2,Northeast,16,Facebook,Mystery,Hulu,12,1980,1875,150,250000,300
Engineering,7,Yes,Yes,No,Apple,Mac,Omnivore,100,74,68,78,Male,12,Yes,Yes,7,Hip-hop and Rap,3500,15.5,3.99,Yes,3,West,10,Facebook,Action,None,7,1992,1897,206,200000,10
Business,8,Yes,No,No,Apple,Mac,Omnivore,105,70,65,71,Female,9,Yes,Yes,6.5,Pop,3500,12.5,3.8,Yes,2,West,8.5,Instagram,Romance,Netflix,9,1984,1875,60,2000000,1000
Business,8,No,Yes,No,Apple,PC,Omnivore,100,71,62,70,Male,9,Yes,Yes,7.5,Country,3500,13,3.8,No,3,South,8,Instagram,Action,Netflix,12,1998,1950,250,200000,600
Engineering,4,No,No,Yes,Apple,PC,Omnivore,100,68,66,72,Female,9,No,No,7,Country,1750,14.5,4,Yes,5,West,40,YouTube,Action,Netflix,13,1989,1875,200,250000,200
FHSS,6,No,No,Yes,Apple,Other,Paleo,80,61,66,69,Female,7,No,No,7.5,Hip-hop and Rap,3548,12,3.89,Yes,4,Midwest,6,Tik Tok,Romance,Hulu,7,2000,1876,1000,120000,35
Business,5,Yes,No,Yes,Apple,Mac,Omnivore,100,70,55,60,Male,9.5,Yes,Yes,8,Pop,3400,11,4,Yes,2,Northeast,8,Instagram,Comedy,Netflix,10,1999,1950,100,1000000,400
FHSS,6,No,Yes,No,Apple,Mac,Omnivore,50,71,67,64,Male,8.5,Yes,Yes,9,Country,3200,17,3.649,No,7,West,30,Instagram,Comedy,Netflix,2,1990,1870,5678,120000,100
CMS,4,No,No,No,Apple,PC,Omnivore,60,70,67,69,Male,9.5,Yes,Yes,8,Other,1774,13,3.9787,Yes,2,West,30,Instagram,Fantasy,None,8,1965,1876,200,200000,100
Business,8,Yes,No,No,Apple,Mac,Omnivore,80,60,64,65,Female,6,Yes,Yes,7.5,Pop,0,14,3.9,Yes,2,West,5,Tik Tok,Romance,Netflix,9,2002,1876,100,130000,50
Engineering,6,No,Yes,No,Apple,Other,Omnivore,60,71,65,70,Male,10.5,Yes,Yes,7,Country,3250,12.5,3.85,Yes,5,West,10,Instagram,Comedy,None,10,1998,1875,78,120000,50
Engineering,6,Yes,Yes,No,Apple,Mac,Omnivore,100,71,66,69,Male,10,Yes,No,7.5,Pop,1700,16.5,4,No,5,Northeast,7,Instagram,Action,Netflix,10,1995,1876,85,500000,10
Business,6,No,Yes,No,Apple,PC,Omnivore,40,71,67,72,Male,10.5,Yes,Yes,7,Other,0,16,3.7,Yes,2,West,5,Instagram,Mystery,HBO Max,7,1992,1885,250,150000,150
Business,6,No,No,Yes,Apple,Mac,Omnivore,60,72,69,71,Male,11.5,Yes,Yes,6,Pop,1700,15,4,No,2,West,12,Facebook,Romance,None,10,1965,1876,50,300000,40
Business,7,Yes,Yes,Yes,Apple,Mac,Paleo,30,69,62,71,Male,8,Yes,Yes,7,Hip-hop and Rap,3500,9,3.89,Yes,3,West,10,Instagram,Action,Netflix,7,1920,1900,50,500000,500
Business,8,Yes,No,Yes,Apple,Mac,Omnivore,60,71,67,74,Male,11,No,Yes,8,Dance and Electronic Music,3500,15,3.9,No,2,South,5,Instagram,Comedy,Netflix,8,1979,1876,280,200000,100
Life,6,Yes,No,No,Apple,Other,Omnivore,100,70,61,76,Male,9,Yes,No,7,Country,3000,14,3.921,No,3,South,15,YouTube,Action,None,5,1990,1880,200,300000,5
Nursing,7,Yes,No,Yes,Apple,Mac,Omnivore,50,67,65,78,Female,7,Yes,Yes,6.5,Hip-hop and Rap,3600,12,3.9,Yes,8,South,10,Instagram,Comedy,Hulu,10,1990,1950,100,200000,200
Engineering,6,No,Yes,No,Apple,Mac,Omnivore,100,73,62,71,Male,12,No,Yes,6.5,Other,3750,13.5,3.5,Yes,1,South,6,Facebook,Action,Netflix,10,1990,1875,75,140000,100
Business,4,No,No,Yes,Apple,Other,Vegetarian,60,67,67,71,Female,6,Yes,Yes,7.5,Country,0,15,4,Yes,2,Northeast,25,Instagram,Drama,Netflix,10,1985,1905,120,150000,100
Life,8,Yes,No,No,Apple,Other,Omnivore,30,65,63,69,Female,7.5,Yes,Yes,7.5,Pop,4500,13.5,4,Yes,3,West,10,Instagram,Comedy,Netflix,11,1967,1874,180,100000,250
Business,6,No,No,No,Apple,Mac,Omnivore,60,68,64,66,Male,9,Yes,Yes,8,Hip-hop and Rap,0,14,3.9,Yes,3,West,25,Instagram,Comedy,HBO Max,6,2001,1885,4000,700000,200
Business,6,Yes,Yes,No,Apple,Mac,Omnivore,60,65,62,67,Male,7,Yes,Yes,6,Classical,3550,14,3.8,Yes,3,International,10,Instagram,Drama,None,7,1995,1876,70,200000,500
Nursing,7,Yes,No,No,Apple,Mac,Omnivore,100,64,66,69,Female,7,Yes,Yes,8,Country,1500,15,3.9,Yes,3,West,3,Instagram,Drama,Netflix,6,1980,1875,200,100000,150
Humanities,3,Yes,No,No,Apple,Mac,Omnivore,70,68,68,71,Female,7.5,Yes,No,8,Pop,3050,15,3.81,Yes,4,West,27,YouTube,Romance,Netflix,9,1989,1875,30,70000,50
Life,7,Yes,No,No,Apple,Mac,Omnivore,70,67,60,66,Male,9.5,Yes,No,5,Hip-hop and Rap,3500,13,3.98,No,4,West,10,Instagram,Mystery,None,6,1998,1887,2000,600000,400
Business,5,Yes,No,Yes,Apple,PC,Omnivore,10,73,67,71,Male,11.5,Yes,Yes,7,Country,3500,13.5,3.85,Yes,3,West,10,YouTube,Action,None,7,1998,1870,50,100000,100
Engineering,5,Yes,Yes,Yes,Apple,PC,Omnivore,50,71,67,74,Male,10.5,Yes,No,6.5,Country,0,15.5,3.45,Yes,5,West,15,Instagram,Action,None,8,1990,1926,300,150000,300
Life,4,No,No,No,Apple,Mac,Omnivore,75,66,62,68,Male,9.5,Yes,Yes,8.5,Pop,670,15,3.875,Yes,5,West,10,Facebook,Action,None,8.5,1995,1875,60,400000,50
Life,5,Yes,Yes,No,Apple,PC,Keto,45,67,66,71,Female,8,Yes,Yes,6.8,Pop,1300,14,3.8,Yes,4,West,28,Instagram,Romance,HBO Max,8,1982,1876,225,150000,500
CFAC,2,No,Yes,No,Android,Other,Omnivore,75,62,66,68,Female,8,No,No,7,Country,3500,16,4,Yes,2,South,10,Instagram,Action,None,8,1984,1875,300,200000,600
Engineering,3,No,Yes,No,Apple,PC,Omnivore,0,74,66,74,Male,12,Yes,Yes,8,Other,3500,15.5,3.87,Yes,4,West,12,YouTube,Action,None,8,1965,1875,198,188000,25
Business,4,Yes,No,No,Apple,Other,Omnivore,75,69,64,64,Male,10.5,Yes,No,6.5,Rock and Metal,877,12,3.75,Yes,3,South,5,Instagram,Comedy,None,4,1985,1875,20,150000,50
Life,3,No,No,Yes,Apple,Other,Omnivore,100,74,66,73,Male,11,Yes,Yes,7.5,Hip-hop and Rap,3.5,13,3.3,Yes,3,West,20,Instagram,Romance,Netflix,9,1974,1872,350,120000,100
Engineering,6,No,No,No,Apple,Mac,Omnivore,25,74,68,72,Male,13,Yes,No,6,Pop,1774,13,3.95,Yes,3,West,25,Instagram,Action,None,12,1985,1875,380,100000,20
Engineering,7,Yes,Yes,No,Apple,PC,Omnivore,80,76,70,77,Male,14,Yes,No,6.5,Pop,0,14.5,3.8,Yes,3,West,4,YouTube,Action,None,7,1977,1876,800,88000,100
Life,7,Yes,No,No,Apple,PC,Omnivore,25,69,68,75,Female,9,Yes,Yes,6.5,Country,3800,13,3.8,Yes,4,West,6,Instagram,Action,None,8,1996,1875,40,90000,50
CMS,6,No,No,No,Apple,Mac,Omnivore,45,67,59,71,Male,9,Yes,Yes,7,Rock and Metal,0,12,3.8,No,1,West,27,YouTube,Action,None,5,1965,1877,50,170000,200
Nursing,5,Yes,No,No,Apple,Mac,Omnivore,150,65,62,66,Female,8,Yes,No,5,Pop,3000,17,3.67,Yes,2,West,3,Snapchat,Comedy,Netflix,6,1980,1775,380,200000,300
Life,6,Yes,No,No,Apple,Mac,Keto,10,62,63,70,Female,6.5,Yes,No,6.5,Country,0,13,3.9,Yes,4,West,4,Instagram,Romance,Netflix,7,1976,1925,120,68380,100
Engineering,6,Yes,No,No,Android,PC,Omnivore,100,67,60,70,Male,9,Yes,Yes,4,Rock and Metal,5000,14.5,3.9,No,1,International,5,Instagram,Horror,None,8,1998,1850,21,100000,67
Business,8,Yes,No,No,Apple,Mac,Omnivore,100,70,67,72,Male,11,Yes,Yes,6,Other,2500,13,4,No,3,West,4,Instagram,Action,None,8,1980,1880,120,200000,100
Business,5,No,Yes,No,Apple,Mac,Omnivore,40,72,66,69,Male,14,Yes,Yes,7,Hip-hop and Rap,3500,15,3.8,No,3,West,9,YouTube,Mystery,Netflix,9,1998,1880,300,250000,20
Business,8,Yes,No,No,Apple,Mac,Omnivore,100,75,64,70,Male,13,Yes,No,7,Country,3500,13,3.99,No,6,West,10,Instagram,Comedy,None,10,1990,1875,50,1200000,100
Life,7,Yes,Yes,No,Apple,PC,Omnivore,70,71.9,67,69,Male,11,Yes,No,6,Pop,3000,14,3.8,Yes,4,Midwest,20,Instagram,Action,Netflix,9,1989,1876,76,650000,300
CFAC,8,Yes,Yes,No,Apple,PC,Omnivore,125,65,65,71,Male,9.5,No,No,6,Other,2000,14,3.75,No,1,South,8,YouTube,Comedy,None,8,1995,1883,25,90000,0
CMS,7,Yes,No,No,Android,PC,Omnivore,50,66.5,63.5,72.5,Female,9.5,Yes,No,7.5,Pop,500,16.5,4,No,4,South,9.5,Instagram,Action,None,2.5,1975,1895,25,200000,50
Life,7,Yes,No,No,Android,Other,Omnivore,50,73,64,71,Male,11,Yes,No,8,Country,1700,15,4,Yes,3,West,8,YouTube,Comedy,Netflix,8,1983,1876,600,300000,300
Life,8,Yes,No,No,Apple,Other,Omnivore,50,64,68,69,Female,7.5,No,No,7,Other,0,14,3.9,No,2,West,20,YouTube,Romance,Hulu,10,1996,1895,110,150000,1000
Business,3,Yes,No,No,Apple,Mac,Omnivore,50,75,68,72,Male,12,Yes,Yes,6,Other,3300,13,4,Yes,3,South,10,Instagram,Action,None,6,1979,1812,60,100000,200
Business,4,No,No,No,Apple,Mac,Keto,200,69,64,74,Male,10,Yes,No,6.5,Hip-hop and Rap,3000,12,3.3,No,4,South,5,Instagram,Action,None,8,1965,1895,350,500000,1000
CMS,5,Yes,Yes,No,Apple,Mac,Omnivore,45,72,62,70,Male,8,Yes,Yes,7,Hip-hop and Rap,0,14,3.97,Yes,4,West,10,Instagram,Comedy,Hulu,11,1973,1876,2500,400000,50
CFAC,5,No,No,No,Android,PC,Omnivore,50,67,64,69,Male,11.5,Yes,No,8,Dance and Electronic Music,1700,14,4,Yes,2,West,10,Instagram,Fantasy,Netflix,14,1996,1889,170,250000,250
Business,2,Yes,No,No,Apple,Mac,Omnivore,75,65,64,73,Female,8,Yes,Yes,6.5,Pop,2000,17,3.75,Yes,3,West,10,Instagram,Action,Apple TV,10,1985,1870,300,350000,250
Engineering,6,Yes,No,No,Apple,PC,Omnivore,50,73,65,73,Male,11,Yes,No,7,Other,0,16,4,Yes,5,South,16,Instagram,Action,None,9,1998,1875,300,200000,50
Engineering,6,Yes,No,No,Apple,PC,Paleo,15,74.5,68,76,Male,11,Yes,Yes,7.5,Hip-hop and Rap,3300,11,3.4,No,3,South,4,Instagram,Romance,HBO Max,7,1985,1880,8000,250000,500
Nursing,8,No,No,Yes,Apple,PC,Omnivore,20,70,66,68,Male,9,No,Yes,8,Other,3300,11,3.4,Yes,4,West,4,YouTube,Comedy,Netflix,8,1970,1880,35,200000,100
Life,6,No,Yes,No,Apple,Mac,Omnivore,100,71,66,68,Male,11.5,Yes,Yes,6,Hip-hop and Rap,3600,12,3.5,Yes,3,South,9,Instagram,Action,None,5,1996,1886,1000,250000,300
Business,8,Yes,No,No,Apple,Mac,Omnivore,100,76,69,76,Male,12,Yes,Yes,8,Hip-hop and Rap,775,12,4,No,2,South,10,Instagram,Comedy,Netflix,10,1990,1885,150,500000,100
Business,8,Yes,No,No,Apple,PC,Omnivore,50,71,68,71,Male,11.5,No,Yes,7,Other,3700,15,4,No,4,West,30,YouTube,Fantasy,None,10,1980,1875,160,130000,800
Business,8,Yes,No,No,Apple,Mac,Omnivore,20,71,62,71,Male,10.5,Yes,Yes,7.5,Other,3500,13.5,3.9,No,4,West,5,Instagram,Action,None,11,1996,1875,200,1000000,50
Business,3,No,Yes,Yes,Apple,PC,Omnivore,110,76,68,70,Male,11,Yes,Yes,8,Pop,3600,17,3.9,Yes,3,West,12,Instagram,Action,HBO Max,10,1990,1856,3000,170000,100
Life,8,No,No,No,Apple,PC,Omnivore,50,67,71,71,Female,10,Yes,Yes,7.5,Pop,0,16,4,Yes,3,Midwest,25,Instagram,Romance,Netflix,5,2000,1875,25,150000,20
Business,4,No,Yes,No,Apple,Mac,Omnivore,200,75,72,74,Male,13,Yes,No,6,Other,4000,11,2.3,No,11,West,25,Instagram,Comedy,None,3,1997,1876,300,500000,0
CMS,7,Yes,No,No,Apple,Mac,Omnivore,50,67,66,68,Male,9,Yes,No,5.5,Country,3500,14,3.96,Yes,4,Northeast,8,Instagram,Comedy,None,10.5,1995,1876,300,200000,20
Education,8,Yes,Yes,No,Apple,Mac,Omnivore,50,67,68,73,Female,8,Yes,No,7,Pop,6000,12,4,No,4,West,4,Instagram,Romance,Netflix,10,1999,1860,120,250000,100
Life,5,Yes,No,No,Apple,Mac,Omnivore,50,67,65.5,69.5,Female,9.5,Yes,Yes,6.5,Country,3548,15,4,Yes,4,West,25,Instagram,Comedy,Netflix,10,1990,1876,40,400000,0
Life,2,No,Yes,No,Apple,Mac,Omnivore,150,67,60,70,Male,9,Yes,Yes,6.5,Pop,3500,15,3.98,No,3,West,40,Instagram,Horror,None,8,1985,1876,100,800000,2000
Business,4,Yes,No,No,Apple,Mac,Omnivore,160,68,67,66,Male,10,Yes,Yes,7.5,Other,2000,13,3.2,Yes,4,Midwest,12,YouTube,Drama,None,7,1998,1890,300,150000,30
Business,4,No,No,Yes,Apple,PC,Omnivore,35,72.3333333,66,73,Male,13,Yes,Yes,7,Pop,2000,15,3.98,Yes,4,West,30,Instagram,Action,Hulu,9,1878,1875,50,200000,0
Business,7,No,No,No,Apple,Mac,Omnivore,40,68.5,67,73,Male,9,Yes,No,8,Pop,3000,6,3.9,No,3,West,6,YouTube,Comedy,None,7,1992,1875,250,1200000,200
Business,5,Yes,No,Yes,Apple,Mac,Omnivore,250,71,68,69,Male,10.5,Yes,Yes,6,Pop,3600,12.5,3.9,Yes,4,West,5,Instagram,Action,Apple TV,7,1993,1880,300,600000,100
Nursing,7,No,No,No,Apple,Mac,Omnivore,65,63,65,73,Female,7,Yes,Yes,7,Other,3200,8,3.7,Yes,4,West,5,Tik Tok,Comedy,Hulu,8,1953,1875,12,120000,800
Business,4,Yes,No,No,Apple,Mac,Omnivore,150,75,67,74,Male,12,Yes,Yes,7.5,Hip-hop and Rap,0,15,3.8,Yes,3,West,12,Instagram,Comedy,None,11,1980,1950,100,500000,1000
Business,7,Yes,No,No,Apple,Mac,Omnivore,75,77,68,73,Male,13,Yes,No,8,Hip-hop and Rap,3700,10,4,No,3,South,5,Tik Tok,Action,Netflix,8,2000,1960,300,200000,100
Engineering,5,Yes,No,Yes,Android,PC,Omnivore,65,70,67,68,Male,8,Yes,No,6.5,Rock and Metal,3600,13.5,3.83,No,3,West,30,Instagram,Action,None,9,1968,1936,45,150000,60
Engineering,6,Yes,No,No,Apple,Mac,Omnivore,30,69,65,67,Male,11,Yes,Yes,7.5,Country,3000,14.5,4,Yes,3,West,10,YouTube,Comedy,None,12,1999,1860,200,100000,15
CMS,4,Yes,No,No,Apple,Mac,Omnivore,30,65,70,73,Female,8,Yes,Yes,7,Pop,990,16.5,3.7,Yes,8,South,35,YouTube,Action,Netflix,10,1991,1875,60,200000,20
Business,5,Yes,No,No,Apple,Mac,Omnivore,30,72,60,74,Male,10,Yes,Yes,7,Dance and Electronic Music,0,15,3.9,Yes,3,West,5,Instagram,Action,Netflix,10,1960,1870,200,600000,250
Life,5,Yes,No,No,Apple,Mac,Omnivore,70,67,69,66,Male,9.5,Yes,No,7,Pop,0,15,3.5,Yes,4,West,12,YouTube,Action,None,10,1997,1875,100,200000,5
CMS,4,No,No,No,Apple,Other,Omnivore,30,65,70,68,Female,9,Yes,Yes,7,Rock and Metal,3400,16,3.8,Yes,3,Midwest,21,Instagram,Action,Netflix,9,1990,1875,1200,50000,60
Engineering,6,Yes,No,No,Apple,PC,Omnivore,30,76,71,76,Male,12.5,Yes,Yes,7.5,Other,0,16.5,3.97,Yes,3,West,18,YouTube,Fantasy,Netflix,9,1997,1876,500,170000,50
FHSS,8,Yes,No,No,Apple,PC,Omnivore,30,61,64,69,Female,6,No,No,8,Classical,1500,14,4,No,2,West,6,Instagram,Fantasy,None,12,1991,1875,6000,60000,50
CFAC,3,Yes,Yes,No,Apple,Mac,Omnivore,25,63,60,74,Female,7,Yes,Yes,7.5,Pop,3500,12,3.9,Yes,3,West,4,Tik Tok,Romance,HBO Max,11,1985,1875,100,200000,100
Nursing,6,No,Yes,No,Apple,PC,Omnivore,50,64,63,67,Female,7.5,Yes,No,8,Pop,0,12,3.8,Yes,5,West,12,Tik Tok,Romance,HBO Max,12,1979,1912,400,140000,100
CFAC,2,No,Yes,Yes,Apple,Mac,Omnivore,170,68,64,70,Male,8,Yes,Yes,8,Dance and Electronic Music,2500,14,3.8,No,6,West,6,Instagram,Drama,HBO Max,8,1993,1907,120,200000,300
Business,6,Yes,No,Yes,Apple,Mac,Omnivore,0,66,62,62,Male,9,Yes,Yes,8,Hip-hop and Rap,3500,12,3.85,No,1,West,5,YouTube,Comedy,None,21,1992,1876,2000,200000,20
Engineering,5,Yes,No,No,Apple,PC,Omnivore,50,72,62,74,Male,12,No,No,6,Country,3500,15,3.9,Yes,3,West,6,YouTube,Action,None,10,1958,1876,50,150000,50
Business,7,Yes,No,No,Android,Other,Paleo,100,68,65,68,Male,10,Yes,Yes,6,Rock and Metal,0,16,3.6,No,5,West,5,Instagram,Comedy,None,7,1989,1899,180,300000,300
Education,8,Yes,No,No,Apple,Other,Omnivore,65,64,63,70,Female,9,No,No,5.5,Other,3600,15,4,No,3,International,6,Instagram,Action,Netflix,11,2003,1875,340,150000,100
FHSS,4,No,No,No,Apple,Mac,Paleo,60,68,66,71,Female,9,Yes,Yes,7,Country,3500,12,3.9,Yes,6,West,15,Instagram,Mystery,Netflix,6,2001,1985,20,90000,590
Business,6,Yes,No,No,Apple,PC,Omnivore,150,70,66,74,Male,10,Yes,Yes,6.5,Pop,1774,12,3.99,Yes,4,West,10,Instagram,Comedy,Netflix,12,1985,1864,500,200000,500
Education,6,No,No,No,Apple,Mac,Omnivore,50,62,67,69,Female,7,Yes,Yes,6,Other,2500,13.5,3.9,Yes,9,West,12,Instagram,Romance,Netflix,7,1990,1897,40,100000,200
Business,5,Yes,No,No,Android,PC,Omnivore,80,71.5,65,77,Male,9.5,No,Yes,6.5,Pop,3444,12,3.2,Yes,3,West,15,YouTube,Action,None,5,1995,1876,134,1000000,100
Business,6,No,No,No,Android,PC,Omnivore,30,66.75,66,70.5,Female,10,Yes,Yes,8,Rock and Metal,3548,14,4,Yes,4,Northeast,12,Instagram,Romance,Netflix,10,1992,1875,42,150000,100
CMS,2,Yes,No,Yes,Android,Mac,Omnivore,200,74,64,75,Male,11,No,Yes,7,Rock and Metal,3500,12,3.2,No,2,Northeast,5,Twitter,Fantasy,None,7,1976,1876,150,1000000,650
Life,5,No,No,No,Apple,Mac,Omnivore,65,69,64,69,Male,8,Yes,No,7,Other,0,16,3.95,Yes,3,West,6,Instagram,Action,Netflix,9,1980,1865,200,400000,50
Business,7,Yes,Yes,No,Apple,PC,Omnivore,0,75,68,74,Male,13,Yes,Yes,7,Hip-hop and Rap,6000,15,3.9,No,3,Northeast,7,Snapchat,Drama,None,8,2001,1875,1200,200000,1000
Business,8,Yes,No,No,Apple,Mac,Omnivore,80,64,65,73,Female,8,Yes,Yes,7,Pop,3548,13,3.9,No,3,West,6,Instagram,Romance,Hulu,10,2001,1890,400,1000000,200
Business,5,No,Yes,No,Apple,Mac,Omnivore,50,59,61,69,Female,6,No,Yes,8,Pop,3600,12,3.9,Yes,3,West,10,Instagram,Fantasy,Netflix,7,2000,1876,5000,100000,100
Life,7,Yes,No,No,Android,PC,Omnivore,40,69.5,68,68,Male,10.5,Yes,Yes,8,Pop,0,15,4,Yes,3,West,15,YouTube,Comedy,None,2,1999,1868,170,100000,10
Business,8,Yes,No,No,Apple,Mac,Omnivore,80,62,65,73,Female,6,Yes,Yes,7,Pop,2123,13,3.85,No,3,West,9,Tik Tok,Romance,Netflix,10,1950,1960,300,150000,100
Life,8,Yes,No,No,Apple,PC,Omnivore,75,75,68,72,Male,11,Yes,Yes,6.5,Country,3548,13.5,3.6,No,3,West,8,Instagram,Comedy,Apple TV,7,1985,1875,2000,250000,3000
CFAC,7,No,Yes,No,Apple,Mac,Omnivore,40,70,66,67,Male,9,No,No,9,Hip-hop and Rap,3546,16,3.2,Yes,3,West,4,YouTube,Romance,Hulu,10,1972,1875,50,90000,10
CFAC,5,Yes,No,No,Apple,Mac,Omnivore,50,64,65,73,Female,8,Yes,Yes,7,Pop,0,12.5,3.9,Yes,2,Northeast,4.5,Instagram,Romance,Netflix,6,1997,1876,175,108000,60
CFAC,2,No,Yes,Yes,Apple,Mac,Omnivore,30,70,64,66,Male,11,Yes,Yes,7.5,Country,3500,16,3.8,Yes,2,West,3,YouTube,Mystery,Hulu,12,1995,1924,5988,200000,100
Engineering,4,Yes,No,No,Apple,PC,Omnivore,70,62,64,68,Female,5,No,No,6.5,Pop,3500,13,4,No,4,West,20,Tik Tok,Action,Netflix,7,1970,1875,300,150000,300
Business,6,No,No,No,Apple,Other,Omnivore,50,74,69,72,Male,11,Yes,Yes,7.5,Hip-hop and Rap,3000,14,3.95,No,3,South,9,Instagram,Action,Netflix,7,1985,1875,200,500,200
FHSS,7,Yes,No,No,Apple,Mac,Omnivore,20,65,62,72,Female,7,No,No,8,Country,3500,13,3.8,No,3,South,3,Instagram,Comedy,Netflix,7,1987,1875,560,250000,20
CMS,6,No,No,Yes,Apple,PC,Paleo,60,72,66,72,Male,11,Yes,Yes,7,Hip-hop and Rap,0,12,3.7,No,3,West,10,Instagram,Drama,None,11,2000,1950,60,250000,300
Business,8,Yes,No,Yes,Apple,Mac,Omnivore,50,76,70,70,Male,13,Yes,Yes,6.5,Country,3000,13.5,3.9,No,2,South,10,Instagram,Comedy,Netflix,9,1985,1875,200,120000,500
Life,4,No,Yes,No,Apple,Other,Omnivore,150,67,66,70,Female,9.5,Yes,Yes,7.5,Country,3600,13,3.94,No,0,West,10,Instagram,Action,Netflix,8,1988,1872,80,280000,300
Life,4,No,No,Yes,Apple,PC,Omnivore,20,65,67,72,Female,7.5,No,Yes,6,Pop,3500,12,3.8,Yes,3,West,12,Instagram,Comedy,Netflix,8,1943,1875,30,450,150
Business,6,No,Yes,No,Apple,Mac,Omnivore,100,74,70,72,Male,11,Yes,Yes,7,Rock and Metal,0,14,4,Yes,3,West,6,Instagram,Action,Netflix,8,1997,1800,5000,1000000,50
Life,7,Yes,Yes,Yes,Apple,PC,Omnivore,40,71,66,73,Male,11,Yes,Yes,7.3,Pop,3444,14,3.4,Yes,7,West,20,Instagram,Mystery,Netflix,3,1995,1875,90,300000,40
Business,5,No,Yes,Yes,Apple,PC,Paleo,100,69,62,67,Male,9.5,Yes,Yes,7.5,Country,3600,12.5,3.9,Yes,5,West,20,Instagram,Comedy,HBO Max,7,1990,1897,6890,350000,120
Business,4,No,No,Yes,Apple,PC,Omnivore,100,70,62,72,Male,10,Yes,Yes,8,Country,0,15,4,Yes,6,West,6,YouTube,Action,None,11,1990,1875,400,1000000,500
Business,8,Yes,No,No,Apple,Mac,Omnivore,100,67,65,67,Male,9,Yes,Yes,6.5,Hip-hop and Rap,3500,16,3.7,No,2,South,12,Instagram,Comedy,Netflix,6,1982,1974,150,700000,300
CMS,8,Yes,No,No,Apple,Mac,Omnivore,75,75,57,73,Male,12,Yes,Yes,6,Hip-hop and Rap,1700,13,3.97,Yes,2,South,20,Instagram,Action,HBO Max,8,2001,1875,1500,150000,1000
Education,6,No,Yes,No,Apple,Mac,Omnivore,75,64,66,74,Female,8,Yes,Yes,7,Other,3548,13,3.92,No,1,West,10,Instagram,Action,Hulu,10,1997,1876,4000,60000,400
Business,6,Yes,No,No,Apple,Mac,Omnivore,20,69,65,70,Male,9,Yes,No,7.5,Country,3548,13.5,4,No,5,West,6,Instagram,Action,None,10,1986,1888,500,300000,25
Business,8,Yes,No,No,Apple,Mac,Omnivore,100,74,66,72,Male,14,Yes,No,8,Country,2300,13,3.85,Yes,7,West,15,Instagram,Comedy,Netflix,10,1993,1875,4100,500000,150
Business,4,Yes,No,No,Apple,Mac,Omnivore,50,69,67.5,69,Male,11,Yes,Yes,7.5,Other,3500,16,3.65,Yes,3,West,15,Instagram,Action,None,10,1927,1875,7000,300000,20
Business,4,Yes,Yes,No,Apple,Mac,Omnivore,100,74,66,70,Male,13,Yes,Yes,8,Other,800,14,4,Yes,3,West,22,Instagram,Fantasy,None,5,1999,1876,300,250000,0
FHSS,2,No,No,No,Apple,PC,Omnivore,50,69,64,69,Male,10.5,Yes,Yes,7,Classical,0,14,2.75,Yes,1,West,20,Twitter,Action,HBO Max,9,1970,1876,500,129000,50
Engineering,4,No,Yes,No,Apple,PC,Omnivore,30,73,63,72,Male,11,Yes,Yes,8,Pop,3548,13,4,No,3,West,15,Instagram,Comedy,None,7,1995,1840,50,150000,200
Business,8,Yes,No,No,Apple,Mac,Omnivore,70,73,66,72,Male,10,Yes,Yes,6.5,Pop,3548,15,3.78,Yes,3,West,38,Facebook,Action,None,5,1960,1882,210,3500000,300
Business,4,No,Yes,Yes,Apple,Mac,Omnivore,80,75,70,69,Male,11,Yes,Yes,8,Hip-hop and Rap,1500,12,3.75,Yes,1,West,6,Instagram,Action,Apple TV,5,1999,1874,4000,200000,20
Engineering,8,Yes,No,No,Apple,PC,Omnivore,60,73,71,74,Male,10,Yes,No,7,Rock and Metal,4000,13,3.98,No,4,West,30,Instagram,Comedy,None,10,1988,1875,400,200000,100
Humanities,5,No,No,No,Apple,Mac,Omnivore,30,62,63,69,Female,7,No,No,7,Rock and Metal,2500,7,3.5,Yes,3,Northeast,4,Instagram,Horror,Netflix,7,1980,1890,20,150000,150
CMS,7,No,No,No,Apple,PC,Omnivore,40,70,68,72,Male,11,Yes,Yes,7.2,Classical,786.5,14.5,3.97,Yes,4,South,20,Facebook,Action,None,8,1974,1898,200,190000,250
Business,5,No,No,Yes,Apple,Mac,Keto,50,70,68,70,Male,9.5,Yes,Yes,7,Country,3000,14,3.8,Yes,4,West,9,Instagram,Action,Apple TV,10,1998,1875,150,100000,200
Business,3,Yes,No,No,Apple,Mac,Paleo,80,69,62,73,Male,9,Yes,Yes,7,Hip-hop and Rap,3500,12,3.75,Yes,3,West,20,Instagram,Comedy,Netflix,5,1996,1910,250,300000,200
Business,7,No,No,No,Apple,Mac,Omnivore,25,70,65,72,Male,10.5,Yes,No,7,Hip-hop and Rap,3500,13,3.7,No,4,West,5,Instagram,Comedy,Netflix,11,1993,1876,200,200000,100
Engineering,5,No,No,No,Apple,PC,Omnivore,150,76,70,80,Male,12,Yes,Yes,8,Other,2500,11,4,Yes,3,West,10,Instagram,Fantasy,Netflix,8,1989,1890,120,300000,400
Business,5,Yes,No,No,Apple,Mac,Omnivore,35,72,64,71,Male,9,No,Yes,7,Other,3000,15,3.9,Yes,3,West,15,Instagram,Action,Netflix,8,1995,1875,45,200000,150
CFAC,6,Yes,No,No,Apple,Other,Omnivore,50,59,54,70,Female,6,Yes,No,7,Country,0,13,4,Yes,2,Midwest,3,Tik Tok,Romance,Netflix,12,1920,1890,4,111000,100
Business,8,No,No,No,Apple,Mac,Keto,40,71,66,71,Male,10,Yes,No,7,Dance and Electronic Music,4000,0,3.5,Yes,5,West,4,Snapchat,Action,None,13,1996,1899,40,1000000,500
Life,4,No,No,Yes,Apple,PC,Omnivore,150,71,60,75,Male,11.5,No,No,7,Classical,3800,12,3.9,Yes,2,West,10,Instagram,Action,None,3,1987,1893,50,750000,100
Life,6,Yes,No,No,Apple,Mac,Omnivore,25,62,64,72,Female,8,Yes,Yes,7,Rock and Metal,0,12,4,Yes,5,West,10,Instagram,Romance,Netflix,11,2000,1870,70,100000,150
Business,6,Yes,No,No,Apple,Mac,Omnivore,50,71,69,73,Male,10,Yes,Yes,8.5,Pop,3400,13,3,Yes,3,West,25,Instagram,Comedy,Netflix,12,2002,1960,4000,200000,500
Engineering,6,No,Yes,No,Apple,Mac,Omnivore,50,73,69,71,Male,9.5,Yes,No,8,Other,3300,12,3.6,Yes,5,West,15,Instagram,Horror,Apple TV,9.5,1918,1875,30,250000,100
Business,6,Yes,No,Yes,Apple,PC,Omnivore,50,76,70,72,Male,12,Yes,Yes,7.5,Country,3500,14,3.9,No,4,West,12,Instagram,Comedy,None,6,1980,1890,150,300000,100
Engineering,7,Yes,No,No,Apple,Mac,Omnivore,70,66,65,71,Female,8,No,No,7,Country,3548,14,3.98,No,5,South,7,Instagram,Action,Netflix,8,1978,1875,85,85000,70
Business,7,Yes,No,No,Apple,Mac,Vegetarian,100,62,65,68,Female,6.5,Yes,Yes,8.5,Pop,800,13,3.9,Yes,3,West,10,Tik Tok,Horror,Netflix,7,1975,1950,100,2500000,500
CMS,5,Yes,Yes,No,Android,PC,Omnivore,50,73,68,73,Male,11.5,Yes,Yes,8,Pop,1774,15.5,3.96,Yes,3,West,10,YouTube,Action,Netflix,6,1980,1875,75,200000,100
Business,6,No,Yes,Yes,Apple,Mac,Paleo,50,75,63,70,Male,11,Yes,Yes,8,Rock and Metal,3500,14,3.6,Yes,3,West,3,Instagram,Action,None,7,1979,1876,103,100000,750
Business,4,No,No,Yes,Apple,Other,Omnivore,70,71,69,74,Male,11,Yes,Yes,6.5,Other,3666,14,3.8,Yes,2,Midwest,8,Instagram,Comedy,Hulu,7,1978,1890,50,150,100
CMS,5,Yes,No,Yes,Apple,PC,Omnivore,50,74,62,70,Male,12.5,Yes,No,6,Country,3548,12,3.75,Yes,2,West,30,YouTube,Fantasy,None,7,1998,1875,300,150000,50
Life,3,No,No,No,Apple,Mac,Omnivore,50,74,75,76,Female,11,Yes,Yes,8,Pop,0,13,4,No,4,West,10,Instagram,Romance,Netflix,10,1969,1890,230,300,300
CFAC,8,Yes,No,No,Android,Mac,Omnivore,50,65,66,68,Female,7,No,No,7.5,Classical,3500,13,3.8,No,0,West,35,YouTube,Fantasy,Netflix,12,1985,1880,30,100000,50
Nursing,6,Yes,No,No,Apple,Mac,Omnivore,40,64,65,72,Female,7,Yes,Yes,6.5,Country,3500,12,3.9,Yes,5,West,6,Instagram,Comedy,None,8,1985,1876,6000,140000,100
FHSS,4,Yes,Yes,No,Apple,Mac,Omnivore,120,70,64,68,Male,10,Yes,Yes,7.5,Hip-hop and Rap,0,15,3.6,Yes,2,West,20,Instagram,Drama,HBO Max,9,1990,1865,45,200000,750
Engineering,8,Yes,No,No,Apple,PC,Omnivore,100,70,62,72,Male,12,Yes,No,7,Country,3600,11,3.7,No,4,West,4,Instagram,Action,None,12,1995,1880,250,1000000,150
Life,7,Yes,No,No,Apple,Mac,Omnivore,50,61,64,70,Female,7,No,No,7,Other,3548,12,3.982,No,1,West,10,Instagram,Romance,Netflix,7,1971,1879,230,130000,150
Life,4,Yes,No,No,Apple,Mac,Omnivore,100,73,65,70,Male,10,Yes,Yes,8,Rock and Metal,300,15,4,No,3,West,7,Instagram,Action,Hulu,11,1977,1875,200,400000,150
Life,6,Yes,No,No,Apple,Mac,Omnivore,100,65,67,69,Male,7.5,Yes,No,7.5,Country,0,15,3.85,Yes,4,West,3,YouTube,Comedy,Hulu,6,1991,1925,95,80000,40
Life,7,Yes,No,No,Apple,Other,Omnivore,60,70,64,68,Male,9.5,Yes,Yes,7,Country,1700,13,4,Yes,4,West,25,Facebook,Action,None,9,1989,1865,200,500000,25
Business,7,No,Yes,No,Apple,Mac,Omnivore,200,70,66,68,Male,11,Yes,Yes,6.5,Other,3700,14,3.7,Yes,6,West,28,Instagram,Action,None,6,1960,1875,250,300000,20
Business,4,Yes,No,No,Apple,PC,Omnivore,50,72,68,71,Male,10,Yes,Yes,7,Pop,3400,14,3.5,Yes,4,West,6,YouTube,Comedy,None,8,1995,1946,30,100,100
Business,1,Yes,No,No,Apple,Mac,Omnivore,50,61,63,70,Female,6.5,Yes,Yes,7,Pop,1100,14.5,4,Yes,3,West,20,Instagram,Romance,Hulu,6.5,1997,1878,50,80000,65
Business,6,Yes,No,No,Apple,Mac,Omnivore,70,74,66,72,Male,11.5,Yes,Yes,8,Pop,3000,14,3.89,Yes,5,West,35,Instagram,Action,Hulu,9,2003,1860,200,800000,1000
Life,5,Yes,Yes,No,Android,Other,Omnivore,50,64,64,73,Female,6.5,Yes,No,7,Pop,3600,13,3.4,Yes,2,Northeast,12,YouTube,Fantasy,HBO Max,9,1983,1875,12,80000,100
Life,6,Yes,No,No,Apple,PC,Omnivore,35,61,64,71,Female,6.5,No,No,7.5,Pop,0,12,4,Yes,4,West,24,YouTube,Action,None,11,2000,1875,50,100,20
Life,8,No,No,No,Apple,Other,Vegetarian,75,75,56,72,Male,11,Yes,No,6,Pop,1800,16,2.9,Yes,7,West,4,Instagram,Action,None,7,1994,1872,300,65000,50
CFAC,2,No,Yes,No,Apple,Mac,Keto,10,68,60,68,Male,9.5,Yes,Yes,8,Hip-hop and Rap,1500,15,3,Yes,3,West,3.5,Instagram,Action,Netflix,10,1998,1950,500,100,0
Engineering,8,No,No,No,Apple,Mac,Paleo,70,69.3,61.8,65,Male,8.5,Yes,Yes,7.5,Other,3800,6,3.2,Yes,3,West,8,Tik Tok,Comedy,Netflix,7.5,1998,1877,10,800000,3000
Life,6,Yes,Yes,No,Android,Other,Omnivore,70,63,62,71,Female,7.5,Yes,No,6,Other,0,14,4,No,6,West,36,Instagram,Comedy,Netflix,13,2000,1876,35,61000,0
Business,5,Yes,No,Yes,Apple,Mac,Omnivore,65,62,65,70,Female,7,Yes,Yes,7.5,Pop,1750,13,3.75,Yes,4,South,20,Instagram,Romance,Netflix,6,1995,1865,70,200000,400
CMS,10,Yes,No,No,Apple,Mac,Omnivore,30,70,64,66.5,Male,8.5,No,No,5.5,Other,1774,12,4,Yes,6,West,3.5,Instagram,Action,None,5,1971,1875,63,150000,50
FHSS,8,Yes,No,No,Apple,Mac,Omnivore,100,74,68,71,Male,10.5,No,No,5,Country,3200,15,3.7,Yes,3,West,10,Instagram,Comedy,Hulu,8,1965,1926,500,250000,150
Business,7,Yes,Yes,No,Apple,Mac,Omnivore,100,74,66,72,Male,10.5,Yes,Yes,8,Hip-hop and Rap,3000,12,3.8,No,1,West,14,Tik Tok,Action,None,21,1990,1890,50,300000,130
Business,7,Yes,Yes,No,Apple,Mac,Omnivore,90,71,62,75,Male,11,Yes,Yes,7,Other,3500,14,3.9,No,5,West,21,Facebook,Action,Apple TV,7,1998,1865,100,250000,50
Engineering,10,No,Yes,No,Apple,Mac,Omnivore,75,76,67,72,Male,11.5,Yes,Yes,6.5,Pop,3500,12.5,3.5,Yes,2,West,10,Instagram,Action,Netflix,8,2003,1875,200,100000,500
Business,4,Yes,No,No,Apple,Mac,Omnivore,60,74,63,76,Male,11.5,No,Yes,6.5,Other,4500,13,3.8,No,2,West,5,Instagram,Fantasy,Netflix,12,1991,1875,350,160000,12
Life,5,Yes,Yes,No,Apple,PC,Omnivore,100,69,65,67,Male,11,Yes,Yes,6.5,Country,3500,15,3.6,Yes,3,South,20,Facebook,Action,None,0,1992,1875,100,175000,200
Life,8,Yes,No,No,Apple,PC,Omnivore,120,71,67,68,Male,10,Yes,Yes,6,Other,3548,13.5,3.87,No,5,West,7.5,Instagram,Action,None,11,1965,1885,500,150000,750
FHSS,8,Yes,No,No,Apple,Mac,Omnivore,100,60,64,67,Female,5,Yes,No,7,Rock and Metal,1800,13,4,Yes,3,South,15,Instagram,Drama,Netflix,11,2002,1875,67,70000,200
CFAC,6,No,No,No,Android,PC,Omnivore,50,68,66,68,Male,10.5,Yes,No,7,Rock and Metal,3300,15,3.58,Yes,5,West,5,YouTube,Foreign,None,10,1995,1876,800,120000,20
Business,8,Yes,No,No,Apple,Other,Omnivore,50,76,67,75,Male,12,Yes,No,8,Rock and Metal,4000,15,3.96,No,4,West,5,Instagram,Action,Netflix,12,1990,1875,200,500000,20
Engineering,5,Yes,No,No,Android,PC,Omnivore,50,64,62,70,Male,10,Yes,Yes,7.2,Rock and Metal,2500,12,3.8,Yes,6,West,9,YouTube,Action,Hulu,6,1985,1876,60,125000,500
Business,6,Yes,No,No,Apple,Mac,Omnivore,100,68,62,70,Male,10,Yes,Yes,6,Pop,0,12,3.8,Yes,4,West,8,Tik Tok,Action,Hulu,9,2000,1950,75,175000,500
Business,7,Yes,No,No,Apple,PC,Omnivore,100,70,63,65,Male,11,Yes,Yes,7.5,Rock and Metal,3400,15,3.85,No,4,West,35,Instagram,Action,Hulu,9,1995,1876,45,300000,50
Business,8,Yes,No,No,Apple,Mac,Omnivore,25,67,69,71,Female,7.5,Yes,No,7,Pop,3548,14,3.9,Yes,4,West,4,Tik Tok,Horror,Netflix,6,1988,1906,400,100000,100
CMS,6,Yes,No,No,Apple,Other,Omnivore,50,71,65,69,Male,10.5,Yes,Yes,6,Country,3700,15.5,3.7,Yes,5,West,6,Instagram,Action,None,8,1975,1850,30,300000,200
Life,6,Yes,No,No,Apple,Mac,Omnivore,150,74,69,73,Male,12,Yes,Yes,8,Classical,500,12,4,No,7,South,14,YouTube,Action,None,11,1972,1875,250,100000,150
CFAC,2,No,Yes,No,Android,Other,Omnivore,75,62,66,68,Female,8,No,No,7,Country,3500,14,4,Yes,2,South,7,Instagram,Action,None,8,1984,1875,300,200000,750
Business,8,Yes,No,Yes,Apple,Mac,Omnivore,30,69,65,67,Male,10.5,Yes,Yes,8.5,Country,1500,14.5,3.99,No,4,West,15,Instagram,Comedy,None,8,2000,1922,100,500000,100
Business,4,Yes,Yes,No,Apple,Mac,Omnivore,60,67,66,73,Female,10,Yes,Yes,8,Other,0,15,4,Yes,4,West,20,Instagram,Romance,None,8,1987,1850,300,3000000,100
Business,2,No,No,Yes,Apple,PC,Omnivore,100,66,68,72,Female,8.5,Yes,Yes,8.3,Country,0,16.5,3.97,Yes,3,West,18,YouTube,Romance,Netflix,11,1990,1876,300,200,200
FHSS,2,No,Yes,Yes,Android,PC,Omnivore,50,65,61,70,Female,7,No,No,8,Pop,750,14.5,3.8,Yes,8,West,20,Instagram,Fantasy,Hulu,5,1993,1876,50,90000,100
Engineering,5,No,Yes,No,Apple,Mac,Omnivore,50,74,66,71,Male,9.5,Yes,Yes,6,Hip-hop and Rap,3000,14,3.5,Yes,6,West,10,Instagram,Action,Netflix,10,1997,1890,200,150000,150
Nursing,8,No,No,No,Apple,Mac,Paleo,120,66,66,71,Female,7,Yes,No,7.5,Country,0,12,4,Yes,5,West,20,Instagram,Comedy,None,8,1985,1879,190,200000,100
Business,6,Yes,No,Yes,Apple,Mac,Omnivore,80,75,70,72,Male,11,Yes,Yes,7,Other,1800,13,4,No,4,West,10,Tik Tok,Action,Netflix,8,1995,1890,200,600000,2
CFAC,6,No,No,No,Apple,PC,Omnivore,15,72,65,74,Male,12,No,Yes,6,Pop,2728,14,4,Yes,7,West,30,YouTube,Action,None,0,1986,1875,400,80000,34
Business,5,Yes,No,No,Apple,PC,Paleo,40,72,67,72,Male,11,Yes,Yes,8,Country,1500,13,4,Yes,4,West,8,Instagram,Action,None,8,1940,1875,385,500000,250
Humanities,1,Yes,Yes,No,Apple,Mac,Omnivore,120,70,62,78,Female,8,Yes,No,6,Pop,3400,12,3.7,Yes,3,West,10,Tik Tok,Horror,HBO Max,11,1982,1875,300,60000,300
Engineering,5,Yes,No,No,Apple,Mac,Omnivore,50,72,67,74,Male,11,No,No,6,Pop,0,16.5,3.8,Yes,3,South,4,Instagram,Action,None,10,1990,1875,300,100000,0
CMS,4,Yes,Yes,No,Apple,Mac,Omnivore,50,70,67,67,Male,9.5,Yes,Yes,6,Country,0,12,4,Yes,3,West,10,YouTube,Action,None,11,1930,1850,100,400000,100
Engineering,4,No,No,Yes,Android,PC,Omnivore,50,73,69,68,Male,9.5,No,No,7,Rock and Metal,0,12.5,3.5,Yes,3,West,6,YouTube,Drama,None,12,1986,1875,120,120000,4000
Business,6,No,Yes,No,Apple,PC,Omnivore,100,70,64,72,Male,10.5,Yes,No,7.5,Country,3500,13,4,Yes,4,South,7,Facebook,Action,None,6,1930,1875,50,400000,40
Life,5,No,No,No,Apple,Other,Paleo,30,65,65,72,Female,8,Yes,Yes,7,Classical,3500,14.5,3.8,Yes,5,West,10,Instagram,Action,None,12,1998,1902,50,100000,10
Business,8,Yes,No,No,Apple,Mac,Omnivore,70,75,65,75,Male,11,Yes,Yes,8,Country,3000,14,3.9,No,11,West,10,Instagram,Comedy,Netflix,7,1985,1920,5000,1000000,25
Business,6,No,Yes,No,Apple,PC,Paleo,60,74,68,72,Male,10,Yes,Yes,7,Country,3700,14,3.98,Yes,4,West,15,Instagram,Comedy,Netflix,10,1987,1875,7000,250000,300
Life,4,Yes,No,Yes,Apple,Mac,Keto,35,66,65,71,Female,8.5,Yes,Yes,8,Hip-hop and Rap,0,14,3.98,Yes,3,West,5,Tik Tok,Comedy,None,10,1990,1910,67,90000,50
Business,8,Yes,No,No,Apple,Other,Omnivore,45,71,64,73,Male,11,Yes,Yes,6,Country,3600,14,3.85,No,5,West,4,Instagram,Comedy,None,11,1990,1890,30,500000,100
Business,7,Yes,No,No,Apple,PC,Omnivore,50,75,67,73,Male,10.5,Yes,Yes,8,Other,3500,14,4,Yes,3,West,10,Instagram,Comedy,Netflix,12,2000,1850,250,1000000,50
Life,6,Yes,No,No,Apple,Mac,Omnivore,50,64,69,72,Female,6.5,Yes,No,7.5,Pop,4000,12,3.95,Yes,4,West,3.5,Instagram,Comedy,Netflix,8,1998,1875,20,900000,100
FHSS,5,No,No,No,Apple,PC,Paleo,100,69,66,70,Male,10.5,Yes,No,7,Other,3500,13,3.6,Yes,4,West,10,YouTube,Comedy,Hulu,7,1995,1960,600,200000,30
Business,7,No,Yes,No,Apple,Mac,Vegan,60,64,70,80,Female,6,No,Yes,7,Country,4000,16,4,Yes,3,South,13,Instagram,Romance,Netflix,7,1995,1875,200,1000000,50
Engineering,6,Yes,No,Yes,Apple,PC,Omnivore,50,67,64,70,Male,9,No,Yes,8,Dance and Electronic Music,3500,13,4,No,2,West,8,Instagram,Action,None,6,1990,1878,350,200000,5
Life,6,Yes,No,No,Android,Other,Omnivore,50,78,70,77,Male,14,Yes,Yes,7,Rock and Metal,1500,12,3.75,Yes,4,South,12,Instagram,Comedy,None,7,1995,1875,300,300000,200
Business,7,Yes,No,No,Apple,Mac,Omnivore,30,73,69,74,Female,11,Yes,No,8,Pop,3500,13,3.8,No,2,West,6,Tik Tok,Romance,Netflix,9,2000,1875,25,120000,75
Business,5,No,No,Yes,Apple,Mac,Omnivore,150,73,70,72,Male,10,Yes,Yes,7,Country,1750,14,3.91,Yes,2,West,15,YouTube,Action,Netflix,9,1991,1875,1000,200000,1000
Life,2,Yes,No,Yes,Apple,Mac,Omnivore,80,68,63,70,Male,10,Yes,Yes,7.5,Country,2500,18,4,Yes,2,West,4,Instagram,Action,Netflix,10,1987,1872,100,350000,300
Business,7,No,No,No,Apple,PC,Omnivore,50,66,64,72,Female,8,Yes,Yes,7,Other,3550,14,3.8,Yes,5,West,9,Tik Tok,Romance,None,7,1990,1950,90,180000,15
Business,6,No,Yes,No,Apple,Other,Omnivore,100,71,65,70,Male,10,Yes,Yes,8,Country,3600,15,3.7,No,5,West,10,Facebook,Action,None,6,1980,1875,100,1000000,20
Business,6,Yes,No,No,Apple,Mac,Omnivore,100,73,70,76,Female,8,No,No,6,Country,500,14,4,Yes,8,South,10,Instagram,Romance,Hulu,9,1970,1870,300,300000,100
Business,4,No,Yes,No,Apple,PC,Omnivore,70,66,64,73,Female,9,Yes,Yes,8,Country,3500,15,4,No,4,West,13,Instagram,Romance,Hulu,12,1985,1875,1000,1000000,100
CFAC,4,No,Yes,No,Apple,Mac,Keto,100,65,67,70,Female,8,Yes,Yes,7,Pop,3000,13,3.9,Yes,4,Midwest,10,Tik Tok,Drama,Netflix,12,2000,1800,60,100000,100
Life,3,Yes,Yes,No,Apple,Mac,Omnivore,80,74,64,73,Male,13,No,Yes,7,Other,0,12,3.84,Yes,9,West,12,Instagram,Comedy,Netflix,7,1988,1875,30,200000,20
Life,10,Yes,No,No,Apple,Mac,Omnivore,30,73,70,71,Male,10.5,Yes,No,8.5,Rock and Metal,3500,13.5,3.5,Yes,3,West,3,YouTube,Comedy,None,18.5,1960,1889,100,150000,60
CFAC,4,Yes,Yes,No,Apple,PC,Omnivore,50,69,65,70,Male,9,Yes,No,7.5,Other,3400,15,3.9,Yes,2,West,10,YouTube,Action,None,8,1970,1875,200,250000,50
CFAC,2,No,Yes,No,Apple,PC,Omnivore,60,73,62,72,Male,10.5,No,No,7,Hip-hop and Rap,1500,14,3.9,Yes,2,West,20,Instagram,Horror,None,7,1995,1875,7500,1000000,100
Life,5,No,Yes,Yes,Apple,Mac,Omnivore,75,75,66,76,Male,11,Yes,Yes,6,Hip-hop and Rap,3500,13,3.6,Yes,4,West,25,Instagram,Action,Apple TV,8,1990,1890,50,500000,100
Life,6,Yes,No,No,Apple,Other,Omnivore,50,72,68,75,Male,12,Yes,No,8,Other,3500,13,3.9,No,5,West,12,Instagram,Action,Netflix,7,2000,1875,300,250000,20
Business,4,Yes,No,Yes,Apple,Mac,Omnivore,60,76,68,75,Male,12,No,Yes,9,Rock and Metal,2500,14,3.4,Yes,2,West,12,YouTube,Foreign,None,13,1982,1886,5280,1000000,250
Nursing,6,Yes,No,No,Apple,Mac,Omnivore,70,66,65,70,Female,6,Yes,Yes,7,Country,3000,12,3.5,No,3,West,10,Tik Tok,Comedy,None,8,1980,1930,200,150,100
Education,7,Yes,Yes,No,Apple,Mac,Omnivore,50,65,71,71,Female,7,Yes,Yes,7,Pop,3500,14,3.99,No,3,West,3,Tik Tok,Romance,Hulu,9,1995,1875,500,100000,90
Business,6,Yes,No,No,Apple,Mac,Omnivore,40,66,64,71,Female,9,Yes,Yes,8,Dance and Electronic Music,3500,16,3.8,Yes,2,South,3,Instagram,Romance,Netflix,7,1997,1876,60,300000,300
Business,5,Yes,Yes,No,Apple,PC,Omnivore,100,72.2,69,72,Male,10.5,Yes,Yes,5,Country,0,13,4,No,3,West,20,Instagram,Comedy,None,8,1984,1876,200,500000,5
Business,4,Yes,No,No,Apple,Mac,Omnivore,50,70,64,69,Male,10.5,Yes,Yes,6.5,Country,5000,16,3.9,No,2,West,18,Instagram,Action,Netflix,12,1960,1850,25,600000,50
Life,8,Yes,No,No,Apple,Mac,Vegan,50,64,63,65,Female,7.5,Yes,Yes,5,Country,5000,13,3.99,Yes,3,West,4,Snapchat,Action,Netflix,10.5,1950,1900,200,103600,150
CFAC,5,No,No,No,Apple,PC,Omnivore,150,72,64,69,Male,11.5,No,Yes,7.5,Rock and Metal,2550,14,3.85,No,2,Northeast,26,Twitter,Action,Netflix,4,1983,1875,120,120000,200
Life,5,No,No,No,Apple,Mac,Keto,70,68,67,77,Female,10,Yes,No,7,Pop,1500,15,3.1,No,5,International,9,Tik Tok,Romance,Netflix,8,1990,1950,400,100000,5
Life,4,Yes,Yes,No,Apple,Mac,Omnivore,50,70,63.5,71,Male,10.5,Yes,No,7.5,Other,3500,12,3.9,Yes,5,West,25,Instagram,Mystery,None,9,1981,1875,42,150000,5
CFAC,4,No,Yes,Yes,Apple,Mac,Omnivore,85,67,64,71,Female,8.5,No,Yes,8,Other,3550,12,3.9,Yes,2,West,15,YouTube,Comedy,Apple TV,10,1985,1876,65,1000000,200
Life,2,Yes,No,Yes,Apple,Mac,Omnivore,50,70,66,74,Male,11,Yes,No,8,Rock and Metal,0,13,3.9,Yes,4,Northeast,8,Facebook,Comedy,None,7,2000,1890,3000,300000,200
Humanities,4,No,No,No,Apple,Mac,Omnivore,100,73,66,72,Male,12.5,Yes,No,7,Pop,3555,11,3.7,Yes,3,Northeast,5,Instagram,Drama,None,6,1995,1873,200,200000,500
Engineering,6,Yes,No,No,Android,Other,Omnivore,70,73,66,72,Male,10.5,Yes,Yes,7.2,Country,3400,15.5,4,Yes,2,West,15,Instagram,Comedy,None,7.5,1990,1874,127,500000,100
Engineering,5,No,No,No,Apple,Mac,Omnivore,15,74,70,76,Male,11.5,No,Yes,6.5,Other,1750,15.5,3.9,Yes,1,West,41,YouTube,Comedy,Hulu,10,1990,1890,20,250000,100
Life,6,No,No,Yes,Apple,PC,Omnivore,80,73,66,70,Male,12,No,Yes,8,Rock and Metal,0,13.5,3.9,No,6,West,20,Instagram,Comedy,Netflix,7,2004,1920,200,800000,20
CMS,3,Yes,No,No,Apple,Mac,Omnivore,200,71,66,70,Male,10.5,Yes,Yes,6,Country,0,15,3.5,Yes,7,West,20,Instagram,Fantasy,Hulu,9,1995,1875,500,150000,100
Business,7,No,No,No,Apple,Other,Omnivore,50,73,63,71,Male,10.5,Yes,No,7.5,Hip-hop and Rap,2600,12,3.9,Yes,4,West,22,Instagram,Action,None,7,1960,1870,2200,150000,250
Humanities,5,Yes,No,No,Apple,Mac,Vegetarian,50,66,65,72,Female,5.5,Yes,No,9,Rock and Metal,0,15.5,4,Yes,2,West,5,Instagram,Horror,Netflix,7,1990,1865,500,150000,100
Education,7,Yes,Yes,No,Apple,Mac,Omnivore,100,62,64,70,Female,7,Yes,Yes,5,Pop,3500,13.5,3.8,No,6,West,23,Instagram,Romance,Apple TV,10,1985,1850,200,100000,200
Business,6,Yes,Yes,No,Apple,Mac,Omnivore,20,68,66,71,Male,11,Yes,Yes,7.5,Country,2500,13,4,No,4,South,6,Snapchat,Mystery,Netflix,8,1983,1870,205,500000,10
CMS,7,No,No,Yes,Android,Other,Omnivore,20,61,61,66,Female,8.5,No,No,6.5,Pop,3500,12.5,3.76,Yes,6,West,3.75,YouTube,Romance,Netflix,7,1994,1776,500,90000,1
Engineering,6,No,No,Yes,Apple,Mac,Omnivore,75,76,63,72,Male,13,Yes,No,7.5,Hip-hop and Rap,3400,12,3.3,Yes,2,West,15,Instagram,Mystery,None,11,1990,1875,200,300000,50
Life,6,Yes,No,No,Apple,PC,Omnivore,25,65.5,64,72,Female,8,Yes,Yes,7,Other,0,13,3.98,Yes,5,West,10,Facebook,Action,None,8,2007,1867,5000,135880,150
Business,10,Yes,No,No,Apple,Mac,Omnivore,50,64,65,71,Female,8,Yes,Yes,8,Pop,3000,14,3.9,No,3,West,12,Instagram,Mystery,Hulu,12,1980,1890,50,300000,300
CMS,7,Yes,No,No,Apple,Other,Omnivore,115,66,62,68,Male,8.5,Yes,No,8,Rock and Metal,3500,12,3.8,Yes,2,West,8,YouTube,Action,Netflix,8,1990,1875,40,90000,20
Humanities,4,No,No,No,Apple,Mac,Vegetarian,200,63.5,67,72,Female,5,No,Yes,9,Pop,3600,12,4,No,3,West,10,YouTube,Romance,Apple TV,7,1989,1920,50,58000,1100
Business,4,No,No,Yes,Apple,PC,Omnivore,60,76,69,72,Male,11,Yes,Yes,7,Rock and Metal,0,13,3.6,Yes,2,West,25,Instagram,Comedy,None,11,1981,1875,2000,300000,300
Education,8,No,No,No,Android,PC,Omnivore,0,66,67,73,Female,9,Yes,No,8,Pop,3500,12,3.94,No,5,West,10,Instagram,Romance,Netflix,12,1995,1875,100,120000,200
Business,6,Yes,No,No,Apple,Mac,Omnivore,70,72,64,72,Male,12,Yes,Yes,7,Dance and Electronic Music,1780,14,3.9,No,5,West,5,Instagram,Action,Apple TV,9,1996,1876,140,1000000,200
CFAC,8,Yes,No,No,Android,PC,Omnivore,30,68,64,68,Male,9,Yes,Yes,8,Classical,2500,15.5,3.99,No,3,Northeast,28,Instagram,Fantasy,None,7,2005,1875,40,250000,1
Business,4,No,No,No,Apple,Mac,Paleo,50,72,70,70,Male,11,Yes,Yes,6,Dance and Electronic Music,500,14,4,Yes,2,Northeast,12,Twitter,Action,Netflix,10,1990,1840,500,500000,150
CFAC,2,No,No,No,Apple,Mac,Omnivore,60,69,65,72,Female,8,No,No,7,Other,2000,17,4,Yes,3,West,15,Tik Tok,Drama,HBO Max,11,1980,1860,70,700000,30
Business,8,Yes,No,No,Apple,PC,Omnivore,200,70,66,70,Male,10,Yes,Yes,6,Hip-hop and Rap,3300,17,4,Yes,2,International,10,Instagram,Comedy,None,11,1992,1830,450,160000,5
Business,7,Yes,No,No,Apple,Mac,Omnivore,20,74,66,73,Male,12,Yes,Yes,7,Other,3500,14,3.9,Yes,3,West,20,Instagram,Horror,None,10,1988,1950,50,500,50
Education,8,Yes,No,No,Apple,Mac,Omnivore,60,63,62,67,Female,7,Yes,Yes,7,Pop,3500,13,4,No,3,South,10,Twitter,Action,Hulu,11,2000,1930,30,75000,250
Life,5,No,No,No,Apple,Mac,Omnivore,50,65,62,65,Male,10,No,No,6.5,Pop,3000,16,3.7,Yes,4,South,20,YouTube,Mystery,HBO Max,11,1991,1926,4000,98000,300
CMS,3,Yes,Yes,No,Apple,PC,Omnivore,40,63,60,69,Male,7,Yes,Yes,4,Other,2000,15,3.9,Yes,3,West,10,Instagram,Comedy,Apple TV,9,1954,1875,92,150000,200
Engineering,6,No,Yes,No,Apple,Mac,Omnivore,120,71,67,69,Male,11,Yes,Yes,8,Pop,1800,16,3.7,Yes,6,West,15,Instagram,Action,Apple TV,5,1995,1890,600,400000,100
Business,5,Yes,Yes,No,Apple,Mac,Omnivore,60,69,65,67,Male,9,Yes,Yes,8,Hip-hop and Rap,0,15.5,2.8,Yes,2,South,5,Instagram,Action,Netflix,10,1950,1880,50,200000,50
Engineering,6,Yes,No,Yes,Apple,PC,Omnivore,100,79,66,75,Male,13,Yes,No,7,Other,3000,12.5,3.85,No,3,West,12,YouTube,Comedy,Netflix,11,1995,1896,7800,200000,50
Business,8,Yes,No,No,Apple,Mac,Omnivore,150,66,64,71,Female,9.5,Yes,Yes,9,Pop,3500,13,4,No,3,West,8,Instagram,Action,Netflix,6,1999,1870,270,120000,100
Business,8,Yes,No,No,Apple,Mac,Omnivore,60,66,64,75,Female,9,No,Yes,8,Pop,1774,12,4,Yes,3,West,3,Instagram,Action,Apple TV,8,1990,1874,500,1000000,50
CMS,8,Yes,No,No,Apple,Mac,Omnivore,60,72,65,70,Male,11,Yes,No,7,Hip-hop and Rap,3548,13,4,No,5,West,5,Instagram,Action,None,11,1970,1900,350,200000,10
CFAC,8,Yes,No,No,Android,PC,Omnivore,100,65.5,66,67,Female,7,No,No,7.5,Country,3600,14.5,3.8,No,5,West,12,YouTube,Comedy,None,4,1984,1876,300,140000,300
Business,5,Yes,No,No,Apple,PC,Omnivore,30,72,69,74,Male,9.5,Yes,Yes,8.5,Country,1500,16,3.86,No,4,West,10,Facebook,Action,None,9,2007,1892,230,430000,100
Business,3,Yes,Yes,No,Apple,Mac,Omnivore,150,65,64,73,Female,8,Yes,Yes,9,Pop,3700,15,4,No,2,West,8,Instagram,Romance,Netflix,10,1990,1930,1000,80000,200
Life,6,Yes,Yes,No,Apple,Mac,Omnivore,40,76,67,70,Male,12,Yes,No,7,Pop,3600,15,4,Yes,3,West,6,Instagram,Comedy,Netflix,7,1972,1942,360,120000,25
CFAC,6,No,No,No,Apple,Mac,Keto,100,64,70,72,Female,6,Yes,Yes,6,Pop,2000,14,4,Yes,3,West,8,Tik Tok,Romance,Netflix,13,1995,1915,250,1000000,100
Business,7,Yes,Yes,No,Apple,PC,Omnivore,70,75,68,70,Male,11.5,Yes,Yes,7,Pop,3500,14,3.9,Yes,3,West,8,Instagram,Mystery,None,8,1990,1875,6000,1000000,20
FHSS,4,Yes,No,No,Apple,PC,Omnivore,90,62,64,65,Female,7,Yes,No,7,Pop,3000,14,3.2,Yes,6,West,7,Instagram,Comedy,Hulu,9,1961,1899,200,50000,100
Nursing,7,Yes,No,No,Android,Other,Omnivore,60,66,62,74,Female,10,Yes,Yes,7,Other,4000,12,3.97,No,1,South,26,Instagram,Drama,Netflix,10,1983,1876,350,150000,50
Life,4,Yes,Yes,Yes,Android,Other,Omnivore,50,69,68,73,Female,9,Yes,No,8,Other,0,15.5,3.7,Yes,3,South,10,Instagram,Romance,Netflix,6.5,1975,1775,50,100000,0
Nursing,6,No,Yes,No,Apple,Mac,Vegetarian,250,65,66,74,Female,7,Yes,Yes,6,Other,2000,3,2.6,No,9,West,9,Facebook,Romance,Hulu,6,1994,1880,1600,180000,1000
Life,10,Yes,No,Yes,Apple,PC,Omnivore,80,67,65,70,Female,10.5,Yes,No,7,Pop,3600,12,3.9,Yes,3,West,9,Instagram,Romance,Netflix,11,1980,1903,3685,80000,300
Life,3,Yes,No,Yes,Apple,Mac,Omnivore,50,69.6,64,72,Female,9,Yes,No,8,Pop,3548,12,4,Yes,2,West,8,Instagram,Romance,HBO Max,10,1990,1870,300,80000,100
Business,3,Yes,No,Yes,Apple,PC,Omnivore,50,65,67,73,Female,7.5,Yes,Yes,9,Country,0,13.5,4,Yes,2,West,20,Instagram,Romance,Hulu,10,1985,1889,120,65000,1000
Life,7,Yes,Yes,No,Apple,Mac,Omnivore,130,65,67,70,Female,8,Yes,No,7,Country,0,13,3.68,No,5,West,4,Snapchat,Action,Hulu,7,1990,1860,100,250000,100
CFAC,4,No,No,No,Apple,PC,Omnivore,40,66,66,72,Female,7.5,No,No,6.5,Country,3600,14,3.89,Yes,3,West,8,Tik Tok,Comedy,Netflix,12,1994,1800,150,65000,200
Life,6,Yes,Yes,No,Apple,Mac,Omnivore,60,63.5,61,71,Female,6.5,Yes,No,7.25,Pop,3400,13,3.8,No,4,West,4,Instagram,Romance,None,6,1990,1875,50,100000,300
CMS,6,Yes,No,No,Apple,Mac,Omnivore,25,63,63,68,Female,7.5,No,Yes,8,Pop,3500,14,4,Yes,2,South,18,Tik Tok,Horror,Apple TV,12,1990,1870,250,80000,20
Business,5,Yes,No,No,Apple,Mac,Omnivore,35,71.5,68,70,Male,11,No,No,8,Country,3500,14.5,4,No,2,South,6.5,YouTube,Action,None,8,1990,1876,75,130000,10
FHSS,3,No,No,Yes,Android,PC,Omnivore,80,70,64,70,Male,10,Yes,No,7,Other,3500,15,3.8,No,4,South,20,Twitter,Action,None,12,1990,1875,150,500000,750
Life,8,Yes,No,No,Apple,Mac,Omnivore,70,63,64,70,Female,7,Yes,Yes,7,Pop,7000,12,4,No,3,West,7,Instagram,Comedy,Netflix,10,1980,1875,200,75000,25
Life,5,No,No,No,Android,PC,Omnivore,30,61,62,68,Female,6,No,No,7,Other,3500,14,3.8,No,2,Northeast,20,Instagram,Fantasy,Netflix,9,1998,1875,180,100000,20
Business,6,No,No,No,Apple,PC,Omnivore,30,63,64,72,Female,7.5,No,No,7,Pop,3548,15,3.75,Yes,3,West,24,Instagram,Action,Netflix,7,1997,1876,5000,120000,30
Engineering,4,No,No,No,Apple,PC,Omnivore,60,68,64,71,Male,10,Yes,Yes,6.5,Other,3200,10.5,3.9,Yes,1,West,15,YouTube,Fantasy,Netflix,7,1983,1876,500,400000,150
CMS,6,Yes,No,No,Apple,Mac,Omnivore,40,72,66,74,Male,12,Yes,Yes,9,Rock and Metal,0,14,3.97,No,4,West,17,Instagram,Action,Netflix,8,1995,1875,100,230000,200
Business,7,Yes,No,Yes,Apple,Mac,Omnivore,30,67,58,70,Male,7.5,Yes,Yes,7,Hip-hop and Rap,4000,14,3.94,No,2,International,20,YouTube,Drama,Netflix,7,1975,1860,300,100000,50
Business,4,Yes,No,Yes,Apple,PC,Omnivore,200,71,66,67,Male,10,Yes,Yes,6,Classical,3000,13,3.7,No,3,South,6,Instagram,Mystery,Netflix,8,2002,1838,201,500,300
Business,8,Yes,Yes,No,Apple,Other,Omnivore,50,75,66,72,Male,11,Yes,Yes,8,Country,700,12,3.99,No,6,West,14,Instagram,Comedy,None,8.5,1995,1875,250,700000,1
Life,3,Yes,Yes,No,Apple,Mac,Omnivore,100,74,69,73,Male,12,Yes,Yes,7,Other,3500,14,3.5,Yes,4,South,32,Instagram,Action,Netflix,9,1991,1875,125,600000,50
Life,2,No,Yes,No,Apple,Mac,Omnivore,80,73,66,73,Female,11,Yes,No,8.5,Pop,1700,12,4,No,6,West,20,Facebook,Comedy,None,8,1988,1875,600,170,0
Life,6,Yes,No,No,Apple,Mac,Omnivore,150,72,65,73,Male,11,Yes,Yes,7,Country,1700,14,4,Yes,3,West,12,Instagram,Action,None,6,1998,1876,80,1500000,400
Nursing,8,Yes,No,No,Apple,Mac,Omnivore,60,67,69,75,Female,8,Yes,No,8,Pop,7000,14,4,No,4,South,7,Snapchat,Romance,Netflix,10,1989,1870,120,230000,200
Business,5,Yes,No,No,Apple,PC,Omnivore,70,69,66,73,Female,10.5,Yes,Yes,6.5,Country,3548,15,3.7,Yes,3,South,15.5,Instagram,Action,None,9,1994,1876,150,150000,45
Nursing,5,No,Yes,No,Apple,PC,Omnivore,80,65,62,66,Male,8.5,No,No,7,Pop,2000,12,3.9,Yes,4,South,3,YouTube,Action,None,5,1987,1875,25,138000,200
Business,4,No,Yes,No,Apple,Mac,Omnivore,150,73,66,71,Male,10.5,Yes,Yes,8,Other,3500,12,3.88,No,5,West,15,Instagram,Action,Netflix,7,1950,1875,40,200000,0
Business,6,Yes,No,Yes,Apple,PC,Keto,100,65,63,72,Female,8,Yes,Yes,6,Pop,4000,12,3.8,Yes,4,West,10,Instagram,Drama,Hulu,8,1975,1800,70,120000,80
Business,3,Yes,Yes,No,Apple,Mac,Omnivore,20,70,62,72,Male,10.5,Yes,Yes,8,Other,3000,14.5,3.8,Yes,2,West,50,Instagram,Action,Netflix,8,1985,1834,3000,500000,500
Business,4,No,Yes,No,Apple,Mac,Omnivore,150,64,62,68,Female,6,No,No,8,Dance and Electronic Music,0,16,4,Yes,3,International,20,Tik Tok,Romance,Netflix,7,1990,1880,200,100000,300
CMS,6,Yes,No,Yes,Apple,PC,Paleo,175,75,65,71,Male,13,Yes,Yes,8,Other,3500,16,4,No,0,West,4,Instagram,Action,None,7,1990,1868,5600,500000,1
Life,7,Yes,No,No,Apple,PC,Omnivore,120,68,60,67,Male,10,Yes,Yes,6,Pop,3500,14,4,Yes,1,West,4,Instagram,Drama,None,7,1980,1875,40,150000,250
Life,6,Yes,No,Yes,Apple,Mac,Omnivore,80,65,64,70,Female,7,No,No,6.5,Country,3600,12,3.8,Yes,4,West,17,Instagram,Action,None,6,1987,1880,3000,140000,100
Humanities,5,Yes,No,Yes,Apple,Mac,Omnivore,40,61,64,72,Female,7,Yes,Yes,8,Pop,3300,13,3.8,No,4,Northeast,12,Instagram,Fantasy,Netflix,11,2005,1875,200,150000,30
Life,4,Yes,Yes,No,Apple,Mac,Omnivore,30,66,67,74,Female,7.5,Yes,Yes,7,Pop,3500,15,3.9,No,2,West,10,Instagram,Romance,Hulu,11,1999,1880,5500,100000,100
Life,6,Yes,No,Yes,Apple,Other,Paleo,40,69,66,72,Male,11,Yes,Yes,6,Country,1500,15,3.79,Yes,4,West,6,Instagram,Action,None,6,1980,1876,1000,1000000,20
Business,5,Yes,Yes,No,Apple,PC,Omnivore,100,72,66,68,Male,8,Yes,No,6,Pop,3400,13,3.97,Yes,3,Northeast,35,Instagram,Comedy,Apple TV,8,2001,1925,700,400000,100
Life,6,No,Yes,No,Android,PC,Omnivore,50,70,64,71,Male,9.5,Yes,Yes,7.5,Rock and Metal,0,12,3.2,Yes,3,Northeast,15,YouTube,Action,Netflix,12,1997,1875,80,600000,75
Nursing,6,Yes,Yes,No,Android,Mac,Keto,20,62,62,73,Female,7.5,Yes,No,7,Other,3518,12,3.8,No,3,Northeast,15,Tik Tok,Comedy,Netflix,13,1975,1890,20,10000,100
Business,3,No,No,Yes,Apple,Mac,Paleo,200,62,60,72,Female,6.5,Yes,Yes,9,Pop,0,18,4,Yes,2,South,6,Instagram,Action,Netflix,7,1992,1990,50,150,0
FHSS,5,No,No,No,Android,PC,Omnivore,35,69,59.75,71.75,Male,11.5,Yes,Yes,7,Pop,0,12,4,No,4,West,25,YouTube,Fantasy,None,8,1995,1878,1200,120000,50
Business,4,Yes,No,Yes,Apple,Other,Omnivore,20,62,62,71,Female,7,Yes,Yes,7,Other,350,12,4,Yes,4,South,10,Instagram,Romance,None,9,1992,1955,20,120000,50
CFAC,7,Yes,No,No,Android,PC,Omnivore,30,63,62,70,Female,7.5,No,No,6,Other,3548,13,3.8,Yes,4,West,6,Instagram,Comedy,Netflix,8,1989,1875,40,75000,400
Business,8,Yes,Yes,No,Apple,Mac,Omnivore,70,65,63,70,Female,8,Yes,Yes,8,Country,1500,16,4,No,3,West,10,Instagram,Fantasy,Netflix,8,1980,1875,60,80000,100
Business,7,Yes,No,No,Apple,Mac,Omnivore,105,69.75,67,72,Male,10.5,Yes,Yes,8,Rock and Metal,3372,9,3.75,No,3,West,8.5,Instagram,Action,None,10,1977,1876,1207,350000,10
Business,2,Yes,Yes,No,Apple,PC,Omnivore,50,67,68,72,Female,7.5,Yes,Yes,7,Other,3400,15,3.9,Yes,3,West,10,Instagram,Romance,Netflix,7,1982,1876,60,500000,100
Life,4,No,Yes,No,Apple,Mac,Keto,70,77,62,71.5,Male,12,Yes,Yes,6,Pop,0,12,4,Yes,14,West,35,YouTube,Comedy,Netflix,0,1990,1875,120,1000000,50
Nursing,8,Yes,No,No,Apple,PC,Omnivore,70,60,67,66,Female,6,No,No,6.5,Pop,3500,13,3.5,Yes,3,South,10,YouTube,Comedy,None,10,1991,1876,11,120000,100
Business,5,No,No,No,Apple,Mac,Paleo,30,74,62,74,Male,12,Yes,Yes,9,Hip-hop and Rap,3000,14,3.8,Yes,4,West,10,Instagram,Horror,Netflix,9,1980,1875,700,500000,400
Business,6,Yes,No,No,Apple,Mac,Omnivore,50,66,69,74,Female,7,No,Yes,7,Dance and Electronic Music,1000,12,3.79,No,5,West,20,Instagram,Romance,Netflix,14,1990,1890,50,200,275
CMS,5,No,No,No,Apple,Mac,Omnivore,100,65,64,71,Female,8,Yes,Yes,6,Pop,3554,16,3.98,No,5,West,20,Tik Tok,Romance,Apple TV,5,1995,1890,200,70000,20
Business,10,No,No,No,Android,PC,Omnivore,60,69,65,70,Male,10.5,Yes,Yes,7.5,Other,1000,12,3.86,No,2,West,20,Instagram,Action,Netflix,12,1970,1875,350,100000,300
Business,6,No,No,No,Apple,Mac,Vegetarian,60,66,62,70,Female,8.5,Yes,No,7.5,Other,3,13,3.9,Yes,2,West,10,YouTube,Action,Netflix,10,1989,1874,200,90,200
CFAC,5,Yes,Yes,Yes,Apple,PC,Omnivore,40,63,64,72,Female,7.5,Yes,No,9,Rock and Metal,3548,13,2.9,Yes,3,West,6,YouTube,Romance,None,8,1980,1850,40,1000000,0
Life,3,No,No,No,Apple,PC,Omnivore,30,71,65,67,Male,12,Yes,Yes,8,Other,4000,15,3.8,Yes,4,International,12,YouTube,Foreign,None,8,1985,1980,200,135000,30
Business,10,No,Yes,No,Apple,Other,Omnivore,100,76,69,75,Male,14,Yes,Yes,8,Hip-hop and Rap,0,10,4,Yes,4,South,2,Instagram,Action,HBO Max,12,1941,1875,3500,3000000,100
Nursing,8,Yes,No,No,Apple,Mac,Omnivore,100,64,68,72,Female,7.5,Yes,Yes,7.5,Country,3500,13,4,No,4,West,15,Instagram,Romance,Netflix,11,1985,1876,30,800000,50
CFAC,6,No,No,No,Apple,Other,Omnivore,30,63,66,68,Female,6,Yes,No,8,Country,3500,14,3.5,Yes,2.5,South,10,Instagram,Fantasy,HBO Max,10,1984,1875,27,250000,7
CFAC,5,Yes,No,No,Apple,Mac,Vegetarian,50,54,53,72,Female,9,Yes,No,6.5,Pop,3500,17.5,3.85,Yes,2,West,6.5,Instagram,Action,Netflix,8,1958,1880,50,65000,100
Business,4,No,No,No,Apple,Other,Omnivore,40,75,67,72,Male,12.5,Yes,Yes,6.5,Hip-hop and Rap,0,14,3.8,No,2,West,1,Instagram,Action,Netflix,10,1971,1851,50,1000000,10
Business,8,Yes,Yes,No,Apple,Mac,Omnivore,50,70,66,69,Male,10.5,Yes,No,8,Country,3500,15,3.98,Yes,6,Northeast,6,Facebook,Action,None,6,1983,1970,70,100000,400
Life,4,Yes,Yes,No,Apple,PC,Omnivore,100,65,57,67,Female,8,Yes,Yes,7,Pop,3000,12,3.8,Yes,2,West,40,Tik Tok,Action,Netflix,4,1937,1860,50,150000,10
Business,3,Yes,No,Yes,Apple,Mac,Omnivore,30,70,68,74,Male,7,No,Yes,7,Rock and Metal,3000,12,3.5,No,2,West,30,YouTube,Horror,Netflix,6,1988,1917,50,2000000,100
Life,4,No,Yes,Yes,Apple,PC,Omnivore,75,63,63,73,Female,8,Yes,Yes,6.5,Pop,3000,15,3.98,Yes,4,South,10,Instagram,Comedy,Netflix,10,2000,1850,100,200000,200
Business,4,No,No,Yes,Android,PC,Omnivore,50,72,68,69,Male,11.5,Yes,Yes,7,Other,0,14.5,4,No,3,Northeast,10,YouTube,Comedy,None,5,1980,1875,100,600000,200
Life,6,Yes,No,No,Apple,PC,Paleo,90,70,59,65,Male,11.5,Yes,Yes,4,Rock and Metal,2000,13,3.9,No,2,West,15,Instagram,Action,None,12,1992,1875,475,200000,800
CMS,2,No,Yes,Yes,Android,Other,Omnivore,42,75,67,75,Male,10.5,Yes,Yes,7.5,Other,0,12,4,Yes,3,West,20,YouTube,Comedy,None,8,1978,1865,50,120000,200
Business,6,No,Yes,No,Apple,PC,Omnivore,30,63,64,71,Female,6,Yes,No,8,Other,3000,12.5,3.7,Yes,2,West,7,Instagram,Romance,None,7,1987,1922,500,150000,20
Business,7,Yes,No,No,Android,PC,Paleo,75,70.5,68,71,Male,10.5,Yes,No,6,Country,3500,14,4,Yes,8,West,12,Facebook,Action,None,2,1980,1875,100,200000,150
Life,4,No,No,Yes,Apple,Mac,Omnivore,100,61,58,63,Female,9.5,Yes,Yes,7,Pop,3444,13,3.92,No,0,Midwest,25,Facebook,Fantasy,Netflix,0,1900,1850,25,128000,100
CMS,10,Yes,No,No,Android,Mac,Omnivore,50,65,68,68,Female,7,No,Yes,7,Other,3500,12,4,No,1,West,12,Instagram,Drama,None,6,1989,1856,1000,2000000,0
Life,5,No,No,No,Apple,Other,Omnivore,50,69,66,74,Female,8.5,Yes,Yes,7,Pop,0.5,11.5,3.75,Yes,4,West,5,Instagram,Comedy,None,11,1985,1875,100,500000,100
Business,4,Yes,No,Yes,Apple,Mac,Omnivore,50,71,68,71,Male,10.5,Yes,Yes,6.75,Pop,3500,13,3.85,Yes,3,West,8,Instagram,Action,Hulu,7,1980,1826,1500,150000,200
Life,4,Yes,Yes,Yes,Apple,Mac,Omnivore,150,63,64,68,Female,7,No,No,7,Pop,0,14,4,Yes,5,South,4,Instagram,Romance,Netflix,7,1985,1875,75,100000,150
Humanities,5,No,No,No,Apple,PC,Omnivore,40,74,65,75,Male,11,Yes,Yes,6,Other,3600,15,3.94,Yes,3,South,6,YouTube,Action,None,8,1988,1876,5280,400000,200
Business,8,Yes,No,No,Apple,Mac,Omnivore,50,69,64,75,Female,7,Yes,No,8,Pop,3000,13,3.97,Yes,2,West,10,Tik Tok,Romance,Netflix,7,1980,1880,50,200000,200
Business,6,No,No,Yes,Apple,Mac,Omnivore,100,71,62,69,Male,10,Yes,Yes,6.5,Pop,3440,12,3.75,Yes,3,West,20,Instagram,Comedy,Netflix,8,1988,1776,57,300000,500
Engineering,5,No,Yes,No,Apple,PC,Omnivore,100,71.5,63,72,Male,8.5,Yes,No,4,Rock and Metal,2000,3,3.6,Yes,4,West,4,Tik Tok,Action,Netflix,8,1980,1890,300,150,100
Business,1,No,Yes,No,Apple,Mac,Paleo,100,75,65,73,Male,14,Yes,Yes,6.5,Pop,3600,16,4,Yes,7,West,25,YouTube,Mystery,Apple TV,7,1969,1884,50,5000000,1000
FHSS,3,Yes,No,No,Apple,Mac,Omnivore,60,66,66,72,Female,6,Yes,Yes,7,Pop,3500,16,3.5,Yes,10,West,12,Instagram,Action,Netflix,7,1999,1875,100,100000,50
Life,5,No,Yes,No,Apple,Mac,Omnivore,50,65,63,67,Female,7,Yes,Yes,8,Hip-hop and Rap,3500,14,3.9,Yes,3,West,6,Instagram,Comedy,Netflix,0,1985,1960,30,300000,100
Nursing,5,No,No,No,Apple,PC,Omnivore,80,61,63,70,Female,5,No,Yes,6,Country,3500,12,4,Yes,5,West,10,Facebook,Action,None,6,1998,1875,100,140000,100
Business,3,Yes,Yes,No,Apple,Mac,Omnivore,100,70.5,66,73,Male,10.5,Yes,Yes,6,Other,3600,14,3.9,Yes,4,Northeast,6,Instagram,Comedy,Hulu,8,1986,1966,40,500000,200
CFAC,1,No,Yes,No,Apple,Mac,Keto,180,64,68,70,Female,8,No,No,8,Dance and Electronic Music,1000,3,3,Yes,5,Northeast,4,Instagram,Comedy,HBO Max,10,1999,1880,60,200000,1000
